ID;Warehouse_block;Mode_of_Shipment;Customer_care_calls;Customer_rating;Cost_of_the_Product;Prior_purchases;Product_importance;Gender;Discount_offered;Weight_in_gms;Reached_on_Time
1;C;Ship;3;1;181;3;medium;M;34;3306;yes
2;A;Road;4;5;244;3;medium;M;3;5857;yes
3;F;Ship;4;1;255;5;low;F;9;1793;yes
4;F;Flight;3;3;161;3;low;F;24;1920;yes
5;A;Ship;3;1;192;3;medium;M;4;4997;yes
6;B;Ship;7;1;269;4;medium;M;4;1118;yes
7;D;Ship;3;4;197;3;medium;F;56;3427;yes
8;D;Ship;4;5;132;4;medium;F;28;1715;yes
9;C;Ship;5;1;203;3;low;M;10;4750;no
10;D;Ship;5;3;170;3;low;F;12;1018;yes
11;F;Ship;3;4;195;4;low;M;3;4743;no
12;F;Ship;3;5;150;10;low;M;2;5042;no
13;D;Ship;4;1;249;6;medium;M;7;1415;yes
14;D;Ship;3;1;255;5;low;F;1;2713;yes
15;A;Ship;5;5;269;3;low;F;5;5673;yes
16;B;Road;3;5;110;3;medium;M;3;4252;yes
17;F;Ship;5;2;226;3;medium;M;6;4700;yes
18;F;Ship;4;1;144;4;low;F;63;1881;yes
19;C;Ship;4;3;200;4;medium;F;7;4953;yes
20;D;Ship;3;4;98;3;low;M;5;4432;no
21;D;Flight;4;1;242;3;medium;F;35;3556;yes
22;C;Ship;3;3;182;4;low;M;7;1869;yes
23;F;Road;4;1;211;3;medium;F;7;4083;yes
24;D;Ship;6;4;275;4;low;F;3;1182;no
25;D;Flight;4;4;153;3;medium;M;3;4422;yes
26;D;Ship;4;3;151;4;medium;M;13;1583;yes
27;A;Flight;5;5;161;3;medium;F;59;1037;yes
28;F;Ship;4;5;259;2;medium;F;4;4092;yes
29;D;Road;4;5;154;4;medium;M;7;4938;no
30;C;Ship;3;4;268;2;high;F;39;2822;yes
31;B;Road;5;3;203;2;low;F;37;3531;yes
32;A;Ship;7;3;286;4;low;F;3;1670;no
33;C;Ship;3;3;241;2;high;M;2;4836;yes
34;B;Ship;2;1;271;2;low;M;7;5875;no
35;D;Ship;2;1;252;3;low;F;12;2800;yes
36;C;Ship;5;4;272;2;low;F;1;5983;yes
37;A;Flight;2;3;237;3;medium;M;2;5331;no
38;F;Ship;2;2;98;5;medium;M;10;4368;no
39;B;Ship;3;3;281;2;medium;M;55;3047;yes
40;C;Flight;3;1;121;5;low;F;60;1577;yes
41;B;Ship;4;1;194;3;medium;F;9;5804;no
42;F;Ship;4;4;136;3;high;F;35;1234;yes
43;B;Ship;6;4;161;4;medium;M;3;1747;yes
44;F;Ship;4;2;283;7;high;F;9;5252;yes
45;D;Flight;3;5;218;3;low;M;2;5841;no
46;C;Ship;5;4;158;3;low;F;10;4670;yes
47;B;Flight;5;1;207;3;low;F;1;4112;no
48;B;Ship;4;1;216;2;low;F;5;5059;no
49;B;Road;4;5;213;3;low;F;7;4490;no
50;F;Ship;4;5;238;3;low;M;9;1724;yes
51;A;Ship;3;1;101;5;low;F;3;4807;no
52;B;Ship;5;3;194;4;low;M;9;5851;no
53;F;Ship;4;3;275;5;low;M;2;4622;yes
54;B;Ship;3;2;272;3;low;M;7;5657;yes
55;A;Road;4;5;198;3;low;M;2;4272;no
56;F;Ship;5;3;254;6;low;M;8;1932;no
57;F;Ship;4;1;132;2;medium;M;1;5025;yes
58;C;Ship;6;5;111;6;high;F;28;1216;yes
59;F;Ship;3;5;156;2;low;F;43;1301;yes
60;C;Ship;4;4;197;2;medium;F;1;5211;no
61;A;Ship;2;1;96;2;high;F;9;4449;yes
62;D;Ship;4;3;97;2;low;M;26;1598;yes
63;D;Flight;4;2;219;3;low;F;9;5703;no
64;C;Ship;6;3;141;3;low;M;7;5222;yes
65;D;Road;5;5;253;6;low;F;1;1300;no
66;B;Ship;4;3;246;3;low;F;5;4710;no
67;F;Ship;5;4;234;3;low;F;2;4269;no
68;D;Flight;4;1;140;4;low;M;6;5067;no
69;F;Ship;4;3;257;3;low;M;8;5944;no
70;F;Ship;4;1;183;3;medium;F;4;4789;no
71;A;Road;5;4;256;3;low;F;43;3658;yes
72;F;Ship;4;3;274;3;low;F;5;4409;no
73;D;Ship;2;1;277;6;low;M;10;4165;no
74;D;Ship;4;5;108;6;medium;M;46;1882;yes
75;C;Ship;4;1;118;5;low;M;50;1413;yes
76;A;Flight;5;1;262;2;high;M;9;5008;no
77;B;Ship;5;5;184;3;medium;M;7;4742;no
78;F;Flight;4;5;137;2;low;M;7;4068;no
79;A;Ship;4;4;142;4;medium;M;2;1461;yes
80;B;Flight;5;5;232;3;low;F;3;5718;yes
81;F;Ship;4;2;184;2;medium;F;10;5959;no
82;B;Ship;5;5;266;3;medium;F;53;3089;yes
83;F;Road;5;5;192;3;medium;F;37;2197;yes
84;F;Ship;4;3;242;2;medium;M;2;5879;no
85;C;Flight;5;4;217;2;medium;F;3;5925;no
86;B;Ship;4;2;182;3;medium;M;9;5735;no
87;D;Road;3;2;229;3;low;M;2;4447;yes
88;B;Ship;3;4;177;3;low;F;6;4445;no
89;C;Flight;2;5;254;2;low;M;10;5718;yes
90;A;Ship;3;1;135;4;medium;M;47;1840;yes
91;F;Ship;6;1;142;5;low;F;30;1464;yes
92;B;Flight;5;4;229;2;medium;M;9;3667;yes
93;A;Flight;4;3;142;2;low;F;5;5502;yes
94;F;Road;4;1;208;2;low;F;5;5707;yes
95;F;Flight;5;2;156;2;medium;M;19;1311;yes
96;F;Ship;2;5;135;6;medium;F;9;5777;yes
97;F;Ship;4;1;163;2;low;F;3;4099;yes
98;F;Road;4;4;266;3;low;M;4;5905;no
99;C;Flight;4;2;239;5;low;F;10;1429;no
100;D;Ship;4;4;266;7;medium;M;3;5672;yes
101;A;Ship;3;4;265;8;low;M;2;3622;yes
102;D;Road;4;2;253;5;low;F;3;4676;yes
103;B;Ship;5;3;259;5;low;M;2;1730;no
104;F;Ship;4;1;135;2;high;F;25;1009;yes
105;A;Ship;4;4;219;3;medium;M;10;4947;no
106;F;Flight;3;3;104;5;medium;F;41;1936;yes
107;A;Ship;6;5;206;2;low;F;6;5646;yes
108;;Ship;5;2;169;5;medium;F;2;4542;no
109;D;Ship;2;4;165;3;medium;M;7;5856;no
110;F;Ship;4;3;250;6;medium;M;7;5115;yes
111;D;Ship;6;1;303;4;low;F;9;1080;no
112;A;Road;5;3;240;6;medium;F;3;1321;no
113;D;Ship;3;5;223;4;low;F;46;3938;yes
114;A;Ship;5;2;260;4;medium;F;3;5890;no
115;B;Road;5;5;240;5;medium;M;7;1255;no
116;A;Ship;5;3;137;4;low;F;2;1034;no
117;F;Road;5;3;215;3;low;F;2;4731;yes
118;C;Ship;3;4;154;2;low;M;29;1016;yes
119;A;Ship;2;4;194;2;low;F;4;4803;yes
120;B;Flight;5;4;268;3;medium;M;6;2206;yes
121;F;Ship;5;3;189;3;medium;F;7;5830;yes
122;B;Ship;3;2;234;2;medium;M;8;4012;yes
123;B;Ship;5;2;232;6;medium;F;3;1540;no
124;A;Road;4;5;202;3;low;F;6;2616;yes
125;F;Ship;4;4;149;3;medium;F;2;4241;yes
126;A;Flight;4;3;169;6;medium;M;3;5957;yes
127;F;Ship;6;3;189;3;medium;F;3;5062;no
128;B;Road;4;2;239;2;medium;F;9;4360;no
129;D;Ship;4;4;218;2;low;M;9;5637;no
130;F;Ship;6;4;164;5;low;M;20;1555;yes
131;A;Ship;3;2;159;2;medium;M;8;4326;no
132;D;Ship;3;4;159;2;medium;F;6;4990;yes
133;B;Flight;3;2;272;3;medium;F;40;3766;yes
134;C;Ship;4;2;174;3;low;M;9;1682;yes
135;F;Ship;4;4;193;3;low;M;2;5975;yes
136;B;Ship;3;3;223;10;low;F;7;4273;yes
137;A;Ship;4;1;224;4;medium;F;5;4887;no
138;F;Ship;4;1;208;3;medium;F;8;4890;yes
139;F;Ship;4;1;273;6;medium;M;1;1826;no
140;C;Road;5;3;236;5;medium;M;10;1630;no
141;F;Flight;5;1;211;2;medium;M;1;5913;yes
142;D;Ship;5;4;257;2;medium;M;10;5095;no
143;D;Ship;5;2;173;4;medium;M;4;5363;no
144;B;Ship;5;4;223;5;low;F;2;1713;no
145;C;Flight;2;1;111;3;medium;M;16;1882;yes
146;F;Ship;4;1;229;3;medium;F;20;2891;yes
147;B;Ship;5;4;226;6;low;M;1;1327;no
148;D;Road;4;2;221;3;low;F;7;4856;no
149;C;Ship;4;5;226;2;low;M;1;4532;no
150;A;Ship;4;2;275;5;medium;M;5;1900;no
151;B;Flight;3;2;257;2;low;F;9;5085;yes
152;F;Ship;6;4;217;4;medium;F;4;4247;yes
153;C;Flight;4;4;264;5;low;M;3;1782;no
154;B;Ship;4;4;223;5;medium;M;1;1124;yes
155;A;Road;5;2;262;5;medium;M;1;1483;no
156;F;Ship;5;1;153;2;low;F;55;1414;yes
157;A;Ship;4;1;163;8;medium;F;9;5489;yes
158;B;Ship;2;3;211;2;medium;M;2;4611;no
159;D;Ship;3;3;205;2;medium;F;58;2187;yes
160;F;Flight;4;1;173;3;high;M;1;5749;no
161;A;Ship;3;5;201;2;medium;M;2;4440;no
162;F;Ship;5;2;280;4;low;M;8;4539;yes
163;F;Flight;2;4;183;2;low;M;5;5335;yes
164;F;Ship;4;4;241;3;high;M;39;3798;yes
165;D;Road;3;2;204;2;medium;F;35;2090;yes
166;B;Road;2;4;269;4;low;M;2;4267;yes
167;A;Ship;4;5;167;2;low;F;7;5800;no
168;F;Road;3;2;257;3;medium;M;2;5486;yes
169;F;Flight;2;5;157;3;medium;F;4;4888;no
170;F;Road;4;2;248;2;low;F;10;5783;no
171;C;Ship;2;5;241;3;medium;F;3;4253;yes
172;A;Ship;6;3;282;4;low;M;9;1417;yes
173;D;Ship;3;3;143;3;medium;M;23;1281;yes
174;C;Road;4;4;198;2;low;F;5;2270;yes
175;F;Ship;3;4;229;6;medium;F;3;5471;no
176;C;Flight;4;1;190;4;medium;F;5;5570;yes
177;D;Ship;3;2;245;3;medium;F;7;4121;no
178;C;Road;3;3;207;6;high;F;24;3702;yes
179;F;Ship;7;4;301;4;low;F;1;1150;no
180;F;Road;4;4;145;3;medium;F;3;5424;yes
181;F;Flight;5;4;266;5;medium;M;8;1592;yes
182;B;Ship;4;3;231;3;medium;F;8;5069;yes
183;B;Road;4;4;206;3;medium;F;33;2804;yes
184;F;Flight;5;2;247;3;low;M;32;3645;yes
185;C;Road;3;1;186;2;medium;M;3;5818;no
186;D;Ship;3;1;238;2;medium;M;5;4355;yes
187;D;Flight;3;4;156;4;medium;F;7;1492;yes
188;C;Ship;4;5;205;4;medium;F;5;5264;no
189;C;Road;5;3;256;6;medium;F;5;5614;yes
190;F;Ship;4;3;201;2;low;F;4;4955;yes
191;F;Ship;5;5;232;7;medium;M;6;5139;no
192;F;Road;3;4;159;3;high;M;4;4756;yes
193;C;Ship;5;5;265;3;low;M;6;4423;yes
194;C;Ship;4;2;247;2;medium;M;7;4955;yes
195;F;Road;5;1;231;5;low;M;10;1418;no
196;B;Ship;4;2;173;3;medium;F;63;1220;yes
197;F;Flight;2;5;168;2;low;F;1;4831;no
198;C;Ship;3;5;268;2;low;F;4;5909;no
199;C;Ship;3;4;113;4;low;F;56;1154;yes
200;B;Ship;3;4;216;3;medium;M;3;5651;no
201;F;Flight;4;1;181;2;low;M;2;4154;no
202;F;Road;2;5;147;2;medium;F;8;5499;no
203;C;Ship;6;4;255;4;low;M;7;1869;yes
204;B;Flight;4;5;268;3;medium;M;7;3622;yes
205;F;Ship;3;1;150;2;medium;F;46;1431;yes
206;A;Road;3;2;214;2;high;F;7;4938;no
207;C;Ship;3;2;154;2;medium;M;4;5864;no
208;C;Flight;5;1;241;5;medium;M;3;1379;no
209;F;Flight;7;4;270;4;medium;F;5;1735;no
210;F;Ship;5;2;245;2;low;M;6;5366;yes
211;F;Ship;2;4;272;2;medium;M;4;4632;no
212;C;Flight;3;2;227;3;high;M;5;4167;yes
213;B;Ship;3;3;185;4;low;F;6;4015;no
214;B;Ship;5;4;199;4;low;F;7;5740;no
215;F;Ship;4;5;274;5;low;M;7;1225;no
216;A;Ship;4;5;258;5;medium;M;2;1481;no
217;F;Road;4;5;234;5;low;F;1;1991;yes
218;A;Ship;4;5;208;2;low;F;4;5831;no
219;D;Ship;3;2;234;3;medium;M;33;2789;yes
220;F;Ship;3;3;179;3;medium;F;12;1125;yes
221;A;Ship;3;1;139;5;medium;F;5;4572;no
222;F;Ship;6;4;264;4;low;M;1;1660;yes
223;A;Ship;4;2;143;6;medium;M;20;1654;yes
224;B;Ship;3;2;192;3;medium;F;64;3233;yes
225;C;Flight;3;3;180;7;medium;F;4;5068;yes
226;C;Ship;3;2;181;3;low;M;4;5966;yes
227;F;Ship;3;2;194;3;low;F;3;5779;yes
228;F;Flight;6;3;297;4;medium;M;1;1080;no
229;B;Ship;6;4;288;4;medium;F;9;1575;no
230;D;Ship;4;3;173;4;low;M;9;5672;no
231;F;Ship;2;2;134;3;low;M;38;1352;yes
232;F;Ship;4;4;174;2;low;F;1;4541;yes
233;B;Ship;3;1;146;4;low;F;10;4583;no
234;A;Ship;6;4;248;4;low;F;6;1851;no
235;A;Road;4;4;225;3;low;M;51;2892;yes
236;B;Ship;4;4;149;2;medium;F;2;5881;no
237;C;Flight;3;3;244;4;medium;M;10;5181;no
238;B;Ship;3;3;147;3;low;M;16;1563;yes
239;F;Road;5;4;211;6;low;M;33;3955;yes
240;F;Ship;3;4;249;3;low;M;31;3489;yes
241;C;Road;3;4;150;2;medium;M;64;1777;yes
242;F;Ship;6;5;291;4;low;M;3;1102;yes
243;C;Ship;4;3;229;2;medium;F;8;5868;no
244;A;Ship;4;1;263;2;low;F;5;4010;yes
245;B;Ship;6;5;174;3;medium;F;32;1921;yes
246;C;Ship;3;2;231;4;medium;M;4;5510;no
247;C;Ship;4;2;271;3;low;F;19;2693;yes
248;B;Ship;4;1;220;3;medium;M;1;5159;yes
249;D;Road;5;1;158;3;low;M;9;1483;yes
250;D;Ship;4;1;189;2;low;M;10;4646;no
251;F;Ship;3;4;212;8;low;F;34;2750;yes
252;D;Ship;2;5;284;3;medium;M;6;4575;no
253;F;Ship;4;4;247;3;low;M;55;2361;yes
254;A;Ship;5;4;193;3;medium;M;4;5873;no
255;D;Road;4;1;150;2;low;M;5;4140;no
256;D;Road;5;4;173;3;low;M;9;5432;no
257;C;Ship;5;3;138;3;low;F;5;5687;yes
258;D;Ship;5;4;214;2;medium;F;1;3709;yes
259;F;Ship;4;2;182;3;medium;M;7;4710;yes
260;A;Ship;4;5;206;2;medium;F;10;4437;no
261;C;Ship;4;3;235;3;high;F;10;4172;no
262;F;Road;5;2;221;5;low;F;2;1855;no
263;D;Ship;6;1;247;4;medium;F;10;1783;no
264;A;Ship;3;4;240;2;medium;F;2;3729;yes
265;F;Ship;4;4;205;3;low;F;11;2255;yes
266;F;Ship;3;3;169;2;medium;F;8;4281;yes
267;A;Ship;4;1;199;2;low;F;46;3371;yes
268;F;Ship;5;1;203;5;medium;M;2;4845;no
269;A;Ship;4;1;247;2;low;M;3;4113;no
270;A;Flight;6;2;225;6;low;M;44;2057;yes
271;B;Flight;5;3;230;5;medium;M;4;1123;no
272;F;Flight;3;3;192;7;high;F;25;2152;yes
273;A;Flight;4;2;249;6;low;F;9;1673;yes
274;C;Ship;2;1;180;2;medium;F;31;1078;yes
275;F;Flight;4;4;196;5;low;F;6;4258;no
276;A;Ship;3;5;224;3;low;M;6;5115;no
277;C;Ship;3;5;226;2;medium;F;2;1043;yes
278;A;Ship;3;1;221;2;medium;F;6;5267;no
279;F;Road;5;2;254;6;low;F;5;1951;no
280;C;Road;3;4;261;2;medium;F;52;3340;yes
281;F;Ship;2;4;122;2;low;F;32;1213;yes
282;B;Ship;4;4;195;4;medium;M;2;5464;no
283;F;Ship;3;4;153;4;low;M;5;5604;yes
284;F;Ship;3;3;261;8;low;M;10;4145;no
285;D;Ship;5;3;222;4;medium;M;2;4060;no
286;F;Ship;5;3;242;5;low;F;10;1846;yes
287;B;Ship;3;3;140;4;low;F;47;1207;yes
288;A;Road;7;1;275;4;medium;M;7;1754;no
289;F;Ship;3;1;183;3;medium;M;7;5849;yes
290;F;Flight;2;4;233;4;medium;F;4;5408;no
291;A;Flight;6;5;267;4;low;M;3;1550;no
292;D;Ship;3;3;160;2;high;M;6;5667;no
293;F;Ship;4;3;232;3;low;M;11;2624;yes
294;B;Ship;4;3;165;2;low;M;2;5210;no
295;F;Ship;5;1;186;4;medium;M;5;5239;no
296;F;Ship;2;2;162;3;high;M;10;4489;yes
297;D;Ship;3;1;226;2;low;M;4;4804;no
298;F;Ship;6;3;255;4;low;M;6;1654;yes
299;C;Ship;5;1;259;3;high;F;37;3023;yes
300;B;Ship;5;3;162;4;medium;M;38;1407;yes
301;F;Ship;5;1;160;2;low;M;32;1576;yes
302;F;Flight;6;3;178;5;low;F;5;4567;no
303;B;Ship;5;2;240;5;medium;M;3;1079;no
304;B;Ship;4;5;141;3;medium;M;12;1672;yes
305;A;Road;4;4;249;6;low;F;1;1398;yes
306;F;Ship;4;4;201;2;low;F;1;3147;yes
307;F;Ship;5;2;235;2;low;F;10;4938;no
308;C;Ship;6;1;260;3;low;F;4;1338;yes
309;D;Ship;6;5;268;4;medium;F;1;1248;yes
310;D;Ship;4;5;254;3;medium;F;10;4148;no
311;F;Flight;4;3;235;5;low;F;4;1839;yes
312;F;Road;4;3;180;3;medium;M;4;5471;no
313;F;Ship;4;1;225;2;medium;M;5;5714;yes
314;F;Flight;4;5;187;2;low;M;6;4316;yes
315;F;Flight;4;1;171;4;medium;M;2;5082;no
316;A;Ship;2;3;141;2;medium;F;28;1624;yes
317;D;Ship;5;2;96;2;low;F;50;1186;yes
318;B;Flight;4;3;149;3;medium;M;17;1990;yes
319;A;Ship;3;4;98;2;low;F;32;1539;yes
320;F;Ship;4;3;195;3;low;M;7;4915;yes
321;D;Ship;4;2;166;5;low;M;8;4493;no
322;C;Ship;4;2;194;4;medium;F;26;3818;yes
323;F;Flight;3;1;162;3;medium;F;10;5726;no
324;B;Ship;3;2;294;4;low;F;15;1318;yes
325;C;Ship;3;1;268;3;low;F;47;2479;yes
326;A;Ship;4;5;233;4;low;F;6;4652;no
327;F;Flight;4;4;146;3;medium;F;6;4672;yes
328;C;Ship;6;5;211;4;medium;F;4;4032;no
329;C;Ship;3;4;188;4;low;F;6;5016;no
330;D;Flight;5;2;187;3;medium;M;11;2936;yes
331;B;Ship;5;5;167;2;medium;M;2;5908;no
332;D;Ship;6;2;232;3;medium;F;7;5219;yes
333;F;Flight;6;2;243;4;low;M;4;1768;no
334;C;Ship;4;4;155;2;medium;F;9;4932;yes
335;C;Ship;6;1;123;5;medium;M;5;5323;yes
336;A;Flight;7;2;284;4;low;F;1;1085;yes
337;F;Ship;2;3;169;3;medium;M;48;1279;yes
338;D;Flight;4;2;283;2;high;F;1;4115;no
339;C;Ship;4;1;162;3;medium;M;6;4343;yes
340;B;Road;2;2;158;3;high;F;1;4149;no
341;C;Ship;6;2;304;5;medium;M;6;1178;yes
342;F;Road;4;3;243;4;low;F;9;4811;no
343;F;Ship;4;3;175;4;medium;F;5;5177;yes
344;A;Road;4;1;162;2;low;F;47;1540;yes
345;F;Ship;6;1;217;4;medium;M;3;5571;no
346;F;Ship;5;4;260;6;low;F;2;1765;no
347;C;Ship;4;2;152;2;low;M;7;5026;no
348;A;Ship;3;2;148;2;low;F;1;4133;yes
349;B;Ship;4;2;250;5;medium;M;10;1026;yes
350;F;Road;3;1;209;2;low;M;6;5701;yes
351;D;Ship;5;2;241;3;low;M;39;3743;yes
352;F;Flight;3;4;157;3;medium;F;6;5611;no
353;A;Ship;3;1;169;3;low;F;6;4081;yes
354;C;Ship;2;4;160;5;low;F;3;1645;no
355;F;Ship;3;5;194;2;medium;M;4;3496;yes
356;A;Ship;5;4;252;5;low;M;9;1133;yes
357;B;Ship;3;5;150;2;low;F;48;1256;yes
358;C;Ship;2;4;120;2;medium;M;13;1240;yes
359;F;Flight;6;1;285;4;low;F;3;1448;yes
360;D;Ship;3;1;249;3;low;F;43;3277;yes
361;B;Flight;4;3;153;3;low;M;5;5743;yes
362;D;Ship;5;2;265;5;medium;F;5;1864;no
363;B;Ship;6;3;274;6;medium;F;2;4281;no
364;B;Ship;4;3;171;6;medium;F;9;1909;yes
365;D;Ship;5;4;163;4;medium;M;57;1613;yes
366;F;Ship;6;3;278;4;medium;M;4;1716;no
367;C;Ship;3;3;214;3;medium;M;3;4056;yes
368;A;Ship;3;4;206;4;medium;M;2;4372;no
369;A;Road;6;3;232;5;high;M;10;4576;yes
370;F;Ship;3;2;264;3;medium;F;43;3439;yes
371;F;Flight;3;5;169;3;medium;M;13;1934;yes
372;C;Road;4;3;187;4;low;M;4;4757;no
373;F;Flight;4;2;229;4;low;F;32;3518;yes
374;D;Ship;5;2;236;6;low;F;6;1552;no
375;F;Ship;3;4;138;3;low;F;54;1648;yes
376;F;Ship;6;4;292;4;low;M;9;1056;yes
377;A;Ship;3;5;155;4;low;F;1;4432;yes
378;A;Ship;6;5;287;5;low;M;2;5611;yes
379;A;Ship;3;4;198;2;medium;M;19;2373;yes
380;F;Flight;5;3;165;2;medium;M;51;1429;yes
381;A;Ship;4;4;152;2;medium;F;5;5324;no
382;A;Road;3;1;164;10;medium;F;6;5603;no
383;D;Ship;5;2;123;5;low;F;4;5284;no
384;D;Ship;7;5;256;4;medium;F;2;1396;no
385;D;Ship;5;5;250;4;medium;F;8;1247;yes
386;A;Ship;5;5;148;4;medium;F;4;5909;no
387;F;Ship;6;4;255;4;low;F;3;1569;yes
388;D;Ship;3;3;149;4;low;F;2;5282;no
389;F;Ship;3;5;241;4;low;F;9;5526;yes
390;C;Ship;4;3;184;4;low;M;4;4030;yes
391;D;Ship;3;4;166;3;medium;M;43;1095;yes
392;D;Ship;5;4;263;2;high;F;8;4914;no
393;F;Flight;5;2;240;3;low;M;7;4744;yes
394;D;Ship;5;4;131;8;low;M;7;4471;no
395;C;Ship;4;3;254;2;high;F;3;4930;no
396;D;Ship;6;2;257;4;low;F;4;1929;yes
397;F;Ship;4;5;268;2;medium;M;46;3076;yes
398;C;Flight;4;4;220;2;medium;F;33;2897;yes
399;D;Road;4;1;258;3;medium;M;2;4188;no
400;C;Ship;3;2;201;3;medium;M;7;4890;no
401;F;Road;3;4;179;2;low;M;5;4882;yes
402;A;Ship;3;4;164;3;low;F;4;4796;no
403;F;Flight;5;4;197;4;low;F;40;3303;yes
404;F;Ship;5;2;140;5;medium;M;2;1521;no
405;F;Ship;5;5;226;3;low;M;50;2348;yes
406;F;Flight;5;4;259;5;low;F;2;1627;yes
407;C;Flight;6;3;275;6;low;M;4;4875;no
408;C;Ship;4;4;245;2;low;F;2;4297;yes
409;F;Flight;3;1;192;2;low;M;6;4056;no
410;D;Road;3;2;245;3;low;F;61;2188;yes
411;A;Ship;5;4;191;4;low;M;8;4566;yes
412;B;Ship;4;3;235;3;medium;F;4;4739;no
413;D;Ship;3;1;200;2;medium;M;27;2551;yes
414;D;Ship;3;1;207;4;low;F;9;5889;no
415;A;Road;6;2;309;4;medium;M;10;1782;no
416;D;Ship;3;2;161;3;medium;M;2;4174;yes
417;D;Flight;3;3;199;3;medium;F;1;4006;yes
418;D;Ship;5;3;170;3;medium;F;4;4446;yes
419;F;Ship;3;2;212;3;medium;F;9;2521;yes
420;D;Ship;3;3;211;4;low;M;7;4733;no
421;D;Ship;4;2;244;3;high;F;3;4103;no
422;D;Ship;6;3;133;5;medium;M;32;1367;yes
423;F;Ship;3;5;269;5;low;M;6;5932;yes
424;A;Ship;3;5;169;3;low;M;1;4636;yes
425;A;Flight;3;3;204;3;low;M;6;5296;yes
426;F;Road;4;4;150;4;low;M;5;1263;yes
427;A;Road;4;2;197;3;low;M;4;5800;no
428;F;Ship;5;5;263;2;medium;M;8;4350;no
429;D;Road;5;5;247;2;medium;M;5;4250;no
430;D;Ship;3;2;250;3;low;F;37;2736;yes
431;F;Ship;3;2;201;3;medium;M;5;2040;yes
432;C;Ship;3;4;165;2;low;M;48;1706;yes
433;D;Road;5;3;220;3;low;M;37;2294;yes
434;A;Ship;4;5;202;3;medium;M;8;5416;no
435;F;Ship;5;3;189;5;low;M;7;4869;no
436;A;Ship;5;5;243;6;low;M;9;1348;no
437;F;Ship;3;1;254;2;low;M;56;3463;yes
438;D;Road;4;5;180;3;medium;F;1;5088;no
439;D;Road;5;3;222;2;medium;M;3;4460;yes
440;F;Ship;3;1;205;4;high;F;3;4426;no
441;F;Flight;4;3;206;4;low;M;1;4596;yes
442;F;Ship;6;3;272;4;low;M;5;1355;yes
443;C;Road;7;5;283;5;low;M;8;1578;no
444;A;Ship;3;1;270;4;low;M;47;3487;yes
445;B;Ship;4;2;195;5;medium;M;9;5178;yes
446;D;Flight;3;4;207;10;low;F;6;5856;no
447;B;Road;5;2;227;6;medium;F;6;1620;no
448;F;Road;3;3;266;2;medium;M;46;3594;yes
449;F;Ship;4;5;223;3;medium;F;63;2427;yes
450;F;Road;3;2;236;3;medium;M;8;5783;no
451;C;Road;4;3;207;10;low;F;9;4179;no
452;D;Ship;4;3;119;5;medium;M;5;1841;yes
453;A;Flight;6;4;249;5;medium;M;43;3078;yes
454;F;Flight;5;2;161;2;medium;F;59;1859;yes
455;F;Ship;7;1;255;4;medium;F;8;1088;yes
456;A;Ship;4;5;149;6;medium;M;40;1974;yes
457;B;Ship;3;4;253;3;medium;M;4;4269;no
458;C;Flight;6;1;281;3;medium;F;36;2536;yes
459;F;Ship;5;3;150;3;medium;M;21;1187;yes
460;A;Flight;5;2;260;3;low;F;22;2935;yes
461;A;Ship;5;5;235;5;low;M;8;1332;yes
462;F;Ship;5;4;237;3;medium;F;1;4369;no
463;D;Road;7;5;244;4;low;M;2;1330;yes
464;F;Road;5;3;146;4;low;M;5;1718;yes
465;B;Flight;2;1;199;2;low;F;10;5345;no
466;C;Road;4;1;148;3;high;F;23;1814;yes
467;B;Ship;5;3;185;2;low;M;2;5420;no
468;F;Road;4;3;186;3;low;M;7;5156;yes
469;F;Ship;3;4;153;2;low;F;24;1442;yes
470;F;Flight;4;4;275;3;high;M;29;2602;yes
471;A;Ship;7;3;281;4;low;M;1;1215;yes
472;C;Road;5;5;174;3;high;F;9;5969;yes
473;B;Ship;3;3;238;2;medium;M;2;5512;no
474;A;Ship;5;2;242;5;medium;F;1;1004;yes
475;C;Flight;3;3;134;2;high;M;1;5646;no
476;F;Ship;5;3;194;3;low;F;1;4331;no
477;D;Ship;3;3;135;3;low;F;19;1366;yes
478;C;Ship;3;4;267;2;low;M;9;5940;no
479;D;Ship;5;2;233;7;medium;F;8;5519;yes
480;B;Road;5;3;241;2;medium;M;5;5666;no
481;D;Ship;4;4;239;3;medium;F;7;5297;yes
482;A;Road;3;1;251;3;medium;M;42;3698;yes
483;B;Ship;3;1;242;3;medium;F;10;3606;yes
484;A;Ship;4;3;261;3;low;F;6;2787;yes
485;A;Road;3;4;148;4;medium;F;9;5301;no
486;F;Ship;4;1;191;3;low;M;2;5189;no
487;B;Road;5;2;173;3;low;F;7;1855;yes
488;C;Ship;4;2;243;3;medium;F;13;2850;yes
489;B;Ship;3;3;250;3;low;M;9;4993;no
490;A;Ship;5;2;247;3;medium;F;3;4698;yes
491;F;Ship;3;2;222;2;medium;M;1;4021;yes
492;D;Ship;5;4;171;5;medium;M;1;5749;no
493;C;Ship;3;5;184;3;low;F;2;4357;yes
494;F;Ship;4;3;245;4;medium;F;5;4660;no
495;F;Flight;6;2;271;4;low;F;2;1893;yes
496;C;Ship;4;3;264;2;low;F;38;3877;yes
497;F;Road;6;3;297;4;medium;F;2;1520;yes
498;D;Ship;6;5;310;4;medium;F;10;1553;no
499;F;Ship;3;5;136;3;medium;F;7;4147;no
500;D;Ship;2;2;188;4;medium;M;39;2424;yes
501;D;Flight;7;1;291;4;low;M;2;1216;yes
502;F;Ship;3;3;151;3;medium;F;1;5297;no
503;A;Ship;4;2;136;4;medium;M;9;5038;no
504;A;Ship;5;2;198;3;low;F;44;3706;yes
505;C;Ship;4;2;168;2;medium;M;1;5154;no
506;C;Road;4;3;213;3;medium;M;7;5947;no
507;D;Ship;3;4;232;3;medium;F;1;4228;yes
508;B;Ship;4;4;261;5;medium;F;2;1690;yes
509;F;Ship;4;1;222;3;medium;M;45;3158;yes
510;F;Ship;3;4;226;3;low;F;7;4411;yes
511;F;Ship;5;2;263;2;medium;F;51;1657;yes
512;F;Ship;4;2;268;4;low;F;3;5275;no
513;F;Road;4;5;167;2;low;F;7;4289;yes
514;B;Ship;4;1;237;3;low;F;10;5381;no
515;F;Flight;4;4;213;4;low;M;2;5857;yes
516;C;Ship;6;4;237;5;medium;F;10;5434;no
517;C;Flight;4;5;207;2;medium;F;49;3736;yes
518;A;Road;4;1;174;3;low;M;7;4813;yes
519;F;Road;2;1;296;5;medium;M;29;1648;yes
520;F;Ship;5;1;;6;low;M;2;1258;yes
521;F;Ship;3;4;208;3;medium;F;23;2100;yes
522;F;Ship;6;3;244;5;medium;F;5;1092;no
523;C;Ship;2;5;176;3;low;F;4;5463;no
524;A;Road;5;1;151;3;medium;F;1;4981;no
525;D;Ship;2;5;277;3;medium;M;6;1032;no
526;C;Ship;3;5;246;3;medium;M;1;5650;yes
527;F;Ship;3;3;192;3;medium;M;4;5479;no
528;C;Ship;4;4;272;2;low;M;10;4826;yes
529;B;Ship;3;4;239;4;medium;F;10;5455;yes
530;B;Ship;3;1;153;2;low;M;7;5292;yes
531;D;Ship;5;1;134;3;high;F;12;1775;yes
532;D;Ship;4;5;232;2;low;M;54;2526;yes
533;D;Flight;3;3;139;2;medium;F;4;5958;yes
534;C;Ship;4;4;246;2;low;M;11;2282;yes
535;C;Ship;3;4;243;4;medium;F;10;4076;no
536;F;Flight;5;3;269;5;low;F;8;5833;yes
537;D;Ship;4;4;161;3;low;F;6;1386;yes
538;D;Ship;3;2;176;2;medium;F;1;5292;no
539;B;Flight;2;5;198;2;medium;M;4;1913;yes
540;F;Road;4;1;264;2;low;M;8;2436;yes
541;F;Ship;6;4;284;4;low;M;7;1584;no
542;A;Flight;4;1;150;3;low;F;10;4470;no
543;A;Ship;6;3;247;4;low;M;3;1616;yes
544;D;Ship;2;4;176;3;low;M;1;4509;no
545;D;Ship;3;1;271;3;medium;M;1;5486;yes
546;F;Road;3;1;268;3;medium;M;3;3040;yes
547;D;Road;3;4;247;2;medium;F;2;5016;yes
548;F;Ship;6;4;100;5;low;F;7;5668;yes
549;B;Flight;5;2;244;5;low;M;1;1875;yes
550;F;Ship;4;;272;2;low;M;21;3271;yes
551;A;Ship;7;2;301;4;low;M;1;1339;no
552;A;Ship;2;3;258;2;low;M;4;5052;yes
553;F;Flight;5;5;173;2;low;M;7;4716;no
554;D;Ship;6;2;135;5;low;M;26;1585;yes
555;A;Flight;5;3;229;5;low;F;1;1196;no
556;C;Ship;3;5;206;3;medium;F;9;5751;no
557;C;Ship;4;3;190;3;medium;F;2;2125;yes
558;A;Flight;3;4;155;3;medium;M;9;5718;yes
559;D;Ship;4;4;261;6;medium;F;10;4596;yes
560;B;Ship;6;1;271;10;medium;M;5;5459;no
561;F;Road;3;3;250;4;medium;M;1;4717;no
562;B;Ship;5;5;167;3;low;M;10;5591;no
563;F;Ship;3;4;269;2;low;F;8;5294;yes
564;A;Ship;6;2;301;4;medium;M;10;1747;yes
565;D;Ship;4;3;246;3;low;F;5;5118;no
566;B;Ship;4;2;267;5;low;M;9;4720;yes
567;F;Ship;3;5;265;3;medium;F;8;5980;no
568;C;Ship;3;2;148;4;medium;F;38;1322;yes
569;F;Flight;4;2;219;3;low;M;2;3402;yes
570;C;Flight;4;3;262;4;high;F;2;4783;yes
571;F;Flight;4;4;146;2;low;M;52;1459;yes
572;B;Flight;3;3;207;7;medium;M;19;2182;yes
573;F;Ship;4;2;206;2;medium;M;4;5159;no
574;D;Ship;4;1;133;4;medium;M;64;1834;yes
575;A;Ship;3;4;242;5;low;M;5;2307;yes
576;D;Ship;4;3;260;3;low;M;1;4796;no
577;D;Ship;5;5;217;6;medium;M;1;1761;no
578;F;Flight;4;1;146;3;low;F;1;4831;yes
579;F;Road;4;1;226;5;low;M;9;1530;no
580;C;Ship;6;3;297;4;medium;M;2;1954;no
581;D;Ship;4;3;236;3;low;M;1;4752;no
582;F;Ship;3;2;226;4;medium;F;8;5225;no
583;C;Ship;4;4;274;6;low;M;10;1355;yes
584;A;Ship;4;2;210;3;medium;F;1;4379;yes
585;F;Ship;3;5;230;4;low;F;5;4450;yes
586;B;Ship;5;2;239;2;medium;F;15;2471;yes
587;A;Ship;4;3;162;3;low;M;53;1194;yes
588;C;Ship;3;1;166;3;medium;M;4;4716;no
589;B;Ship;4;4;170;2;low;M;34;1512;yes
590;A;Ship;6;1;289;4;low;M;3;1181;yes
591;B;Ship;3;3;157;3;medium;M;10;4877;no
592;C;Ship;5;3;246;5;low;M;2;1185;no
593;B;Flight;5;5;232;5;medium;F;6;1246;no
594;F;Road;4;4;258;3;high;M;2;5420;no
595;B;Ship;7;2;277;5;low;F;1;1700;yes
596;A;Ship;2;3;211;3;medium;F;55;3842;yes
597;A;Ship;3;4;255;2;medium;F;7;4332;yes
598;C;Ship;4;1;240;8;medium;M;1;4638;no
599;F;Ship;5;2;248;5;low;F;3;1046;yes
600;B;Ship;5;3;245;4;low;M;1;5743;no
601;C;Ship;4;1;252;3;medium;M;4;5540;no
602;C;Road;5;4;179;6;medium;M;1;5433;no
603;C;Ship;4;2;273;3;low;M;2;5712;no
604;B;;5;1;146;3;high;F;3;4345;yes
605;F;Ship;5;4;242;5;low;M;1;1571;yes
606;C;Ship;3;5;180;4;medium;F;59;1481;yes
607;A;Ship;4;5;185;3;low;F;2;4336;yes
608;D;Flight;4;5;233;6;low;M;8;1176;no
609;F;Ship;4;5;274;3;medium;M;4;4521;no
610;A;Ship;5;4;270;2;high;F;43;2971;yes
611;C;Ship;4;4;131;3;medium;F;10;4625;no
612;F;Ship;6;3;166;3;low;F;2;5559;no
613;B;Road;5;3;160;3;high;M;25;1977;yes
614;D;Road;5;3;243;6;low;F;1;1856;no
615;A;Ship;4;1;251;3;low;F;33;2502;yes
616;C;Ship;4;4;176;3;high;M;34;1283;yes
617;A;Ship;4;5;159;5;low;F;7;4063;no
618;D;Road;6;4;305;4;low;F;1;1384;no
619;F;Ship;4;1;139;3;low;F;56;1811;yes
620;B;Ship;6;1;261;4;medium;F;8;1524;no
621;B;Flight;4;3;225;2;high;F;4;4732;no
622;B;Flight;4;5;273;2;high;M;63;3516;yes
623;D;Flight;4;4;200;3;low;M;19;2976;yes
624;D;Ship;5;3;257;5;medium;M;5;4183;no
625;F;Flight;4;2;270;5;low;F;5;1747;yes
626;B;Flight;5;2;200;2;low;F;2;2075;yes
627;B;Ship;3;2;195;10;low;F;9;4256;no
628;A;Flight;5;3;143;2;medium;M;5;5612;yes
629;D;Flight;4;4;210;2;high;M;6;4076;no
630;F;Ship;4;5;249;2;medium;F;10;4562;no
631;F;Ship;5;1;256;7;low;F;50;3837;yes
632;F;Road;3;1;252;2;low;M;9;5050;no
633;D;Ship;3;2;249;5;medium;F;6;1887;no
634;B;Ship;3;3;188;2;medium;F;2;4336;no
635;F;Road;3;3;163;3;medium;M;2;5791;yes
636;F;Ship;4;4;194;4;low;F;10;5024;no
637;C;Ship;4;5;254;3;medium;F;3;4404;no
638;B;Road;4;1;194;2;medium;F;3;5503;no
639;D;Ship;4;5;200;4;low;F;1;4885;no
640;D;Ship;5;4;215;2;medium;M;34;2713;yes
641;B;Flight;5;5;240;3;medium;F;12;2723;yes
642;A;Flight;3;1;166;2;low;F;7;4375;no
643;A;Ship;4;3;280;6;high;M;8;4525;no
644;F;Ship;6;2;152;2;low;M;6;1711;no
645;A;Flight;4;1;172;3;medium;M;7;4883;no
646;B;Ship;4;1;155;3;low;F;4;5666;no
647;D;Road;3;5;134;3;low;F;10;4693;no
648;F;Ship;4;4;233;3;medium;F;14;2522;yes
649;F;Road;3;1;202;2;high;M;52;2312;yes
650;F;Road;4;5;201;10;low;F;7;5340;no
651;F;Ship;5;5;216;4;medium;F;1;4092;yes
652;B;Ship;3;5;192;4;medium;F;7;4741;yes
653;F;Ship;5;3;243;5;medium;M;8;1223;yes
654;D;Road;4;5;181;3;medium;M;1;5310;no
655;A;Ship;3;2;238;8;medium;M;3;4388;yes
656;D;Ship;2;5;155;5;low;F;6;1639;no
657;F;;3;3;153;5;low;M;35;1089;yes
658;F;Ship;2;1;187;3;medium;F;3;5922;no
659;A;Ship;4;5;164;2;low;F;9;5453;no
660;B;Ship;4;1;259;3;low;M;39;2427;yes
661;F;Road;2;5;271;3;low;F;6;5471;yes
662;F;Ship;3;3;134;3;medium;F;8;4950;no
663;F;Ship;4;3;186;3;low;M;2;4437;yes
664;B;Flight;5;1;264;2;medium;F;3;4056;yes
665;F;Ship;4;2;223;3;medium;M;3;5121;no
666;B;Ship;4;3;237;3;medium;F;8;5045;yes
667;C;Ship;5;1;245;5;low;M;7;1038;no
668;A;Flight;3;4;224;2;low;M;8;4162;no
669;F;Ship;5;3;121;2;medium;F;4;5231;yes
670;F;Ship;3;2;154;3;low;F;6;5540;yes
671;F;Ship;4;4;127;4;high;M;54;1239;yes
672;F;Flight;4;2;192;4;low;F;61;2256;yes
673;A;Ship;5;5;227;5;medium;M;5;1186;no
674;A;Ship;3;3;179;3;medium;F;41;1892;yes
675;A;Road;5;2;155;3;low;F;10;4485;yes
676;B;Ship;7;4;291;4;high;M;4;1248;yes
677;B;Ship;4;3;184;3;low;F;5;4712;yes
678;B;Ship;4;1;134;2;medium;F;7;5967;no
679;D;Ship;5;5;287;4;low;M;4;1509;yes
680;A;Ship;3;3;307;5;low;F;3;1578;yes
681;F;Ship;4;2;275;5;low;F;6;1438;no
682;C;Flight;3;3;197;3;medium;M;8;4568;no
683;A;Ship;3;1;146;2;medium;F;8;5375;no
684;D;Ship;2;5;109;3;medium;M;12;1715;yes
685;D;Ship;7;5;133;5;low;F;7;1239;yes
686;B;Ship;2;2;161;3;low;F;5;5999;yes
687;B;Ship;7;5;289;4;low;M;9;1904;no
688;F;Ship;5;2;285;4;medium;F;7;1666;yes
689;A;Ship;4;3;201;2;low;F;10;4875;no
690;C;Ship;7;3;301;4;medium;M;1;1966;yes
691;F;Ship;5;1;271;5;low;F;5;1869;yes
692;F;Flight;4;2;273;2;low;F;9;3383;yes
693;B;Flight;3;4;140;3;low;M;3;5300;no
694;D;Flight;5;3;154;2;low;M;3;5440;yes
695;C;Ship;7;5;265;4;low;F;1;1601;no
696;B;Ship;2;1;143;3;low;M;4;4512;no
697;A;Flight;6;2;205;5;medium;F;61;2018;yes
698;C;Ship;5;2;203;2;medium;F;2;4712;yes
699;F;Ship;3;3;152;2;medium;M;3;4193;yes
700;C;Ship;4;1;201;10;medium;M;37;3402;yes
701;C;Flight;3;3;159;2;medium;F;6;5269;no
702;B;Ship;6;1;170;3;low;F;10;4858;no
703;B;Ship;3;3;193;3;medium;F;29;3453;yes
704;F;Ship;3;3;239;3;low;M;8;5366;yes
705;D;Ship;4;5;117;5;medium;F;1;4378;no
706;D;Ship;6;2;255;4;low;M;9;1157;no
707;A;Flight;4;2;236;3;medium;M;9;4725;no
708;C;Ship;3;5;212;3;low;F;2;2456;yes
709;B;Road;4;3;102;3;medium;F;3;4845;yes
710;F;Ship;4;2;265;4;medium;M;3;4283;yes
711;C;Ship;4;2;213;4;low;F;37;2184;yes
712;F;Flight;3;3;154;4;medium;F;62;1616;yes
713;D;Ship;4;5;163;2;medium;F;10;5529;yes
714;F;Ship;2;2;156;4;high;M;9;4184;yes
715;D;Ship;4;2;261;2;medium;F;4;5926;yes
716;D;Road;3;5;271;4;low;M;51;1134;yes
717;F;Ship;4;2;216;2;low;F;26;2431;yes
718;D;Ship;4;4;252;5;medium;M;1;1539;yes
719;A;Flight;6;2;243;4;high;M;2;1665;yes
720;F;Ship;3;1;187;2;low;M;6;5448;no
721;B;Flight;3;5;157;3;medium;F;4;1889;yes
722;B;Ship;4;3;233;5;low;M;5;1799;yes
723;F;Ship;5;1;201;3;low;F;47;2657;yes
724;D;Ship;7;1;264;4;medium;F;9;1829;yes
725;C;Ship;4;2;207;3;medium;F;5;4702;yes
726;F;Ship;2;4;140;3;low;F;33;1278;yes
727;C;Ship;5;5;261;8;medium;M;39;2103;yes
728;C;Ship;4;2;174;3;low;M;4;5625;no
729;A;Flight;5;4;233;2;low;F;7;4597;yes
730;A;Ship;4;4;149;2;medium;F;19;1665;yes
731;D;Ship;4;5;195;5;medium;F;10;3537;yes
732;B;Ship;4;3;218;2;medium;M;6;4414;yes
733;B;Ship;4;3;198;7;medium;F;1;5315;no
734;B;Ship;3;1;180;7;medium;M;10;5536;no
735;F;Road;6;3;304;5;medium;F;6;1184;no
736;C;Ship;3;5;242;3;medium;M;19;3753;yes
737;F;Road;3;1;187;2;low;F;10;5064;yes
738;F;Ship;4;1;272;2;low;M;2;5022;no
739;C;Ship;4;2;192;3;low;F;4;5578;yes
740;C;Ship;3;4;252;2;high;M;9;4278;no
741;B;Ship;3;2;202;2;medium;F;7;5328;no
742;F;Ship;4;2;266;2;low;F;8;5516;no
743;F;Ship;4;3;274;5;low;M;5;1512;no
744;F;Road;5;5;284;6;low;M;9;3912;yes
745;B;Ship;4;2;151;3;medium;M;8;4390;yes
746;D;Road;4;5;170;3;medium;M;3;4695;yes
747;A;Ship;4;5;181;2;medium;M;59;2239;yes
748;D;Ship;3;3;255;3;medium;M;23;3764;yes
749;A;Ship;3;3;218;3;low;F;4;5086;yes
750;B;Ship;4;5;216;3;medium;M;1;5167;yes
751;B;Ship;4;4;231;5;low;F;6;5482;no
752;F;Ship;3;1;140;2;low;F;6;1435;yes
753;A;Road;4;1;220;5;low;F;9;1817;no
754;D;Ship;3;1;136;2;medium;F;61;1509;yes
755;C;Ship;7;5;308;4;medium;M;6;1165;no
756;B;Ship;2;5;259;3;low;M;3;4770;yes
757;F;Flight;4;3;158;3;medium;F;57;1911;yes
758;F;Flight;6;1;254;4;medium;F;3;1488;yes
759;B;Ship;3;3;203;3;medium;F;8;5929;no
760;F;Ship;6;5;249;5;medium;M;26;3897;yes
761;F;Ship;4;3;211;3;high;M;12;3922;yes
762;D;Ship;4;3;191;3;high;F;45;3714;yes
763;F;Ship;5;5;225;5;low;F;9;1646;yes
764;F;Flight;6;1;272;4;low;F;2;1018;no
765;F;Ship;4;4;185;3;low;F;2;5288;yes
766;F;Ship;3;2;270;3;low;F;63;2751;yes
767;A;Ship;4;3;211;7;high;M;9;5652;yes
768;C;Ship;5;5;259;3;medium;F;1;4608;no
769;F;Ship;4;4;104;4;low;M;6;4323;yes
770;B;Ship;4;1;227;2;high;M;60;3080;yes
771;D;Ship;4;2;168;6;medium;F;9;4030;no
772;F;Ship;3;4;212;2;medium;F;56;3976;yes
773;F;Ship;3;1;202;3;low;F;51;3551;yes
774;F;Ship;4;1;271;2;medium;F;8;2401;yes
775;A;Road;4;1;242;3;high;M;47;3489;yes
776;B;Flight;4;1;254;2;low;M;10;4230;yes
777;B;Ship;3;2;180;2;low;F;6;1811;yes
778;F;Ship;6;5;254;4;low;F;2;1824;no
779;D;Ship;4;3;192;4;low;F;3;1406;yes
780;F;Ship;5;3;238;2;medium;F;21;2053;yes
781;B;Road;2;1;185;6;medium;F;7;4138;yes
782;F;Ship;6;1;144;4;low;F;5;5121;no
783;D;Ship;5;4;132;6;low;F;8;1327;yes
784;F;Ship;5;4;133;2;medium;M;30;1161;yes
785;D;Ship;6;1;145;3;medium;F;1;4346;yes
786;F;Flight;5;2;263;3;low;M;9;4699;yes
787;A;Flight;5;5;137;3;medium;F;5;4814;no
788;B;Ship;2;1;207;4;low;M;1;5742;no
789;F;Ship;7;1;301;4;low;F;6;1052;yes
790;D;Ship;6;4;270;4;low;F;10;1199;yes
791;B;Ship;5;3;257;5;low;F;8;1409;no
792;C;Flight;3;3;183;3;high;F;6;3364;yes
793;C;Ship;3;4;151;3;low;M;2;5712;yes
794;F;Ship;4;5;143;3;medium;F;8;4142;yes
795;D;Ship;4;3;185;3;medium;M;3;3131;yes
796;D;Ship;2;5;238;4;medium;M;9;4086;no
797;A;Ship;3;2;164;10;high;F;28;1940;yes
798;C;Ship;4;2;201;3;medium;F;39;2066;yes
799;D;Flight;5;2;193;2;low;F;1;2775;yes
800;D;Ship;3;4;177;2;medium;M;3;4240;yes
801;F;Ship;4;2;216;2;medium;F;22;3024;yes
802;D;Flight;3;4;225;2;high;M;5;5997;no
803;D;Ship;4;2;156;2;medium;M;5;4467;yes
804;D;Ship;6;4;225;4;medium;M;10;4723;no
805;A;Ship;6;1;282;4;low;M;7;1758;no
806;B;Ship;3;1;161;3;low;F;57;1918;yes
807;F;Flight;4;1;152;3;medium;F;3;4250;yes
808;C;Ship;5;4;243;3;low;F;35;2899;yes
809;C;Ship;5;3;198;4;medium;M;2;5316;no
810;F;Flight;4;2;172;3;medium;F;59;1858;yes
811;B;Ship;3;5;252;4;low;F;7;5328;yes
812;A;Ship;4;2;249;3;low;F;9;5459;yes
813;D;Ship;4;2;265;2;low;M;2;5649;no
814;A;Ship;3;3;195;3;low;M;1;4224;no
815;A;Ship;5;3;210;2;low;M;19;3920;yes
816;B;Road;;2;219;4;low;M;;5660;no
817;C;Road;6;1;132;4;medium;M;5;5235;yes
818;F;Ship;4;5;219;3;medium;M;27;3684;yes
819;D;Flight;5;2;268;3;medium;M;8;5385;yes
820;A;Road;2;2;163;3;low;M;5;5887;no
821;F;Ship;3;4;212;2;high;M;13;2733;yes
822;C;Ship;4;3;200;2;medium;M;65;3485;yes
823;C;Ship;3;5;236;3;medium;F;1;5220;no
824;A;Flight;6;5;250;4;low;M;8;1689;no
825;F;Road;3;4;160;4;low;M;1;5341;no
826;F;Ship;6;2;247;4;medium;M;1;1668;no
827;A;Ship;5;5;246;5;low;F;6;1911;no
828;F;Ship;2;1;200;3;medium;M;34;2199;yes
829;F;Ship;3;5;271;2;medium;M;7;4958;no
830;C;Ship;4;4;247;6;low;F;4;1044;no
831;F;Ship;5;1;181;3;low;F;3;5118;no
832;F;Ship;3;2;209;3;medium;M;54;3001;yes
833;C;Ship;3;5;270;3;medium;M;7;5477;yes
834;D;Ship;6;3;260;4;low;F;10;1140;no
835;D;Ship;6;5;261;4;low;F;3;1217;yes
836;D;Ship;5;4;140;4;low;M;3;4018;no
837;A;Road;4;2;252;5;medium;M;7;1134;yes
838;C;Ship;3;5;175;2;low;F;40;1460;yes
839;A;Flight;3;3;253;4;medium;F;57;2489;yes
840;D;Flight;5;1;198;4;low;F;5;5025;yes
841;A;Ship;4;5;218;5;low;M;8;1574;yes
842;C;Road;5;5;128;5;low;M;34;1008;yes
843;D;Ship;4;3;169;10;medium;F;6;5106;yes
844;A;Ship;5;5;228;3;medium;F;8;4731;yes
845;C;Ship;5;2;254;2;low;F;5;4985;yes
846;F;Ship;4;2;222;3;high;F;9;5337;no
847;F;Ship;5;3;206;3;low;F;1;4645;no
848;C;Road;3;1;221;3;high;M;3;5005;yes
849;A;Ship;5;5;194;4;medium;F;4;4003;no
850;B;Ship;5;4;211;4;low;F;4;4498;yes
851;B;Ship;5;1;241;4;medium;M;7;5519;yes
852;A;Ship;3;5;164;3;low;M;61;1473;yes
853;C;Ship;4;2;275;3;medium;M;26;2449;yes
854;F;Flight;3;5;156;3;medium;F;2;4190;yes
855;F;Ship;4;2;195;3;medium;M;8;5198;no
856;A;Ship;3;4;195;3;medium;M;23;3499;yes
857;D;Road;4;4;196;2;low;F;6;2718;yes
858;C;Ship;3;1;233;2;high;M;1;5073;yes
859;A;Ship;4;2;258;3;low;F;5;5393;yes
860;D;Ship;3;4;187;3;low;M;7;5417;no
861;B;Flight;4;3;258;2;high;M;11;2252;yes
862;F;Ship;4;4;113;3;medium;F;1;5610;yes
863;C;Ship;2;5;243;3;medium;F;9;4182;no
864;A;Ship;3;2;173;3;high;M;40;1723;yes
865;F;Ship;5;5;275;5;low;F;3;1145;no
866;F;Ship;3;3;165;2;low;M;8;5813;no
867;C;Ship;3;5;256;2;medium;F;6;5375;no
868;D;Ship;3;2;149;4;medium;F;21;1636;yes
869;C;Flight;6;1;263;6;low;M;10;5826;no
870;C;Ship;7;5;278;4;low;F;5;1126;yes
871;B;Ship;5;2;254;3;low;F;9;5714;yes
872;A;Ship;4;4;154;3;low;F;7;4106;yes
873;B;Road;4;2;227;5;low;M;7;1354;yes
874;F;Ship;6;4;264;4;low;M;1;1711;yes
875;F;Flight;6;2;282;4;medium;F;9;1385;no
876;C;Ship;3;2;183;3;medium;M;9;4282;no
877;A;Road;7;2;267;4;medium;M;8;1285;no
878;F;Ship;5;4;153;3;low;M;5;4711;yes
879;C;Ship;4;1;277;5;medium;M;3;1527;yes
880;C;Ship;4;2;223;3;medium;F;7;5977;no
881;D;Ship;4;4;199;2;medium;M;25;3705;yes
882;C;Road;3;3;273;10;medium;F;10;5574;yes
883;D;Ship;5;5;209;2;low;F;3;4348;no
884;C;Ship;5;2;246;5;medium;F;9;1876;no
885;B;Road;5;5;226;3;medium;M;23;2626;yes
886;F;Ship;4;3;173;3;low;F;7;4810;yes
887;D;Ship;5;4;225;5;low;M;7;1476;no
888;A;Road;3;1;197;2;low;M;4;3621;yes
889;B;Flight;3;1;265;4;low;M;50;2249;yes
890;D;Road;4;1;176;3;medium;F;36;1891;yes
891;A;Ship;4;1;151;6;low;M;7;4387;no
892;C;Ship;3;5;169;2;low;F;20;1021;yes
893;A;Road;4;5;234;3;low;M;3;5438;no
894;B;Ship;3;1;239;2;medium;F;2;5757;yes
895;F;Flight;4;2;180;4;medium;M;9;4329;no
896;A;Ship;6;1;247;4;low;F;4;1623;yes
897;C;Ship;2;4;194;6;medium;F;39;3770;yes
898;F;Ship;3;4;270;2;low;M;39;3690;yes
899;F;Road;5;1;184;4;medium;F;38;2232;yes
900;F;Road;4;1;198;4;medium;F;9;5382;no
901;F;Road;5;2;257;6;low;M;3;1379;yes
902;F;Ship;5;5;171;3;low;M;8;4227;no
903;F;Ship;6;4;279;4;low;F;5;1241;no
904;C;Road;4;4;192;3;medium;M;39;2943;yes
905;B;Ship;5;1;173;2;low;F;4;4242;yes
906;A;Road;3;1;132;4;medium;M;58;1067;yes
907;F;Ship;3;3;185;3;medium;F;10;4387;no
908;A;Ship;6;4;279;4;low;F;1;1621;no
909;A;Ship;5;4;235;3;low;M;3;4411;yes
910;B;Road;3;3;252;2;medium;F;48;2102;yes
911;A;Flight;4;3;181;3;medium;M;10;4541;yes
912;F;Flight;4;4;208;3;low;F;10;4919;no
913;F;Ship;5;2;262;5;low;M;4;1509;yes
914;F;Ship;6;3;285;4;medium;F;1;1606;no
915;D;Ship;5;5;203;5;medium;M;1;5356;yes
916;D;Road;3;2;269;4;medium;M;1;5797;no
917;C;Ship;7;4;281;4;low;M;9;1970;no
918;B;Ship;3;3;110;3;low;M;7;1235;yes
919;B;Ship;3;3;150;3;medium;M;9;5852;no
920;A;Ship;3;3;189;3;medium;F;1;5896;yes
921;D;Ship;4;3;162;2;low;M;2;1714;yes
922;F;Ship;6;2;279;4;medium;F;4;1148;no
923;F;Ship;4;5;251;5;medium;M;10;1683;yes
924;A;Road;4;1;231;5;medium;F;10;1144;no
925;D;Ship;7;2;279;4;medium;M;5;1210;no
926;C;Ship;4;5;208;2;medium;M;33;2170;yes
927;F;Flight;5;5;203;2;low;M;10;4790;yes
928;D;Ship;5;1;262;3;medium;F;58;3599;yes
929;F;Flight;5;1;262;6;medium;M;1;1696;no
930;D;Ship;4;1;258;3;low;F;10;4906;no
931;B;Road;6;1;286;4;low;F;3;1747;yes
932;A;Ship;4;2;156;4;medium;F;2;5795;yes
933;D;Ship;3;4;273;3;high;F;8;4530;yes
934;D;Flight;6;4;264;5;medium;F;7;1220;yes
935;B;Ship;5;3;184;4;medium;F;2;3798;yes
936;B;Ship;6;2;310;4;medium;F;5;1791;yes
937;C;Ship;5;5;141;3;high;M;41;1367;yes
938;F;Road;4;4;246;3;medium;M;5;5029;yes
939;D;Ship;5;1;149;3;low;F;9;5173;yes
940;F;Ship;4;4;209;2;medium;F;3;4407;no
941;A;Ship;5;2;174;4;medium;M;8;5627;yes
942;A;Ship;3;1;250;2;low;F;5;4232;no
943;F;Ship;4;3;272;3;medium;M;38;3705;yes
944;F;Flight;4;3;235;3;medium;F;6;4832;yes
945;D;Ship;5;2;137;3;low;F;1;5242;no
946;C;Flight;3;2;257;5;low;M;5;4130;yes
947;B;Ship;4;5;272;4;medium;F;9;5034;yes
948;D;Ship;4;3;236;4;medium;M;1;5783;yes
949;F;Ship;3;4;136;2;medium;F;54;1056;yes
950;F;Ship;5;3;223;5;medium;M;4;1817;no
951;B;Ship;3;5;152;6;low;F;32;1158;yes
952;D;Ship;4;4;156;3;low;M;20;1523;yes
953;F;Road;5;4;228;4;low;F;8;4831;yes
954;B;Ship;3;5;270;3;low;M;60;3885;yes
955;F;Ship;4;1;267;3;medium;M;37;2716;yes
956;F;Road;4;4;224;3;medium;M;9;2952;yes
957;B;Ship;4;1;175;3;medium;M;2;5861;no
958;F;Road;6;1;264;4;low;M;5;1900;no
959;D;Road;5;4;263;3;high;M;10;2538;yes
960;F;Ship;3;1;193;2;medium;F;23;2728;yes
961;F;Flight;4;3;207;2;medium;M;4;5227;yes
962;D;Ship;5;1;243;5;low;M;3;1066;yes
963;C;Flight;5;2;276;6;medium;F;6;1043;no
964;C;Ship;4;5;180;3;low;F;24;1513;yes
965;C;Ship;2;2;139;3;medium;F;23;1283;yes
966;B;Road;3;1;220;2;high;F;40;3773;yes
967;C;Ship;4;1;187;3;medium;M;8;5872;no
968;D;Ship;4;3;210;3;medium;M;11;2655;yes
969;F;Ship;3;1;267;3;low;F;57;3257;yes
970;A;Ship;3;5;237;3;low;M;55;2451;yes
971;C;Road;6;2;263;6;low;F;4;4591;yes
972;B;Flight;5;1;270;2;high;M;10;5360;no
973;F;Ship;3;3;162;2;low;F;42;1763;yes
974;C;Flight;7;5;258;4;low;F;4;1677;yes
975;A;Flight;4;2;246;3;medium;M;1;5113;no
976;F;Flight;5;1;262;5;low;M;1;1488;yes
977;F;Road;2;3;201;3;medium;M;5;5733;yes
978;B;Ship;3;2;123;4;low;F;10;5891;no
979;F;Ship;5;5;264;3;high;F;3;5835;yes
980;A;Ship;3;4;203;3;low;M;18;3127;yes
981;C;Flight;4;3;208;2;medium;F;1;5826;no
982;D;Ship;4;3;177;3;low;M;1;5282;no
983;F;Ship;4;5;159;5;medium;F;2;5654;yes
984;F;Flight;4;4;242;2;medium;M;6;5866;no
985;F;Ship;3;2;184;5;high;F;26;3336;yes
986;B;Flight;4;1;234;6;low;M;7;1711;no
987;D;Ship;2;2;168;5;medium;F;1;1885;yes
988;C;Ship;4;5;160;6;low;F;4;4684;yes
989;B;Ship;5;2;208;8;low;M;62;3450;yes
990;C;Ship;4;3;274;2;low;M;1;4762;no
991;A;Ship;5;1;230;3;low;F;43;2994;yes
992;C;Flight;3;4;243;3;low;F;60;2980;yes
993;F;Ship;3;3;166;2;medium;F;8;5871;no
994;B;Ship;4;4;177;2;low;M;6;1112;yes
995;D;Road;3;4;158;2;low;M;8;4086;no
996;B;Ship;6;4;299;4;low;F;9;1817;no
997;A;Flight;5;3;;3;low;M;2;;no
998;D;Flight;4;2;164;3;medium;M;15;1489;yes
999;A;Ship;3;3;273;6;low;M;6;1771;yes
1000;B;Road;4;5;254;3;low;M;29;3885;yes
1001;C;Road;5;2;275;5;low;F;10;1924;no
1002;F;Ship;3;2;220;3;low;F;7;5503;no
1003;A;Ship;2;1;189;2;high;M;48;2429;yes
1004;D;Ship;5;1;140;8;medium;M;7;5437;no
1005;F;Road;3;2;235;2;medium;F;10;4172;no
1006;C;Ship;3;4;205;8;medium;M;1;4977;yes
1007;B;Ship;4;2;242;6;medium;F;10;5655;yes
1008;F;Ship;5;4;160;3;high;M;2;5876;no
1009;A;Ship;5;4;274;5;low;M;7;1371;yes
1010;F;Road;3;5;136;2;high;F;1;4971;no
1011;A;Ship;3;2;250;3;medium;M;6;4636;no
1012;D;Ship;5;3;209;2;high;F;49;2581;yes
1013;C;Ship;5;5;236;3;medium;F;62;3365;yes
1014;F;Ship;5;4;219;2;medium;F;5;4919;yes
1015;C;Ship;5;3;156;4;low;F;9;4098;no
1016;F;Ship;3;4;170;3;low;M;5;4716;yes
1017;B;Ship;6;1;232;6;low;M;4;5877;no
1018;B;Ship;4;4;151;2;low;M;3;4105;yes
1019;D;Road;4;4;164;2;low;F;9;1949;yes
1020;B;Ship;5;4;165;4;medium;M;7;5091;yes
1021;F;Ship;5;5;223;3;low;M;5;4373;yes
1022;F;Ship;6;1;260;3;medium;M;1;5134;no
1023;F;Flight;3;2;151;3;low;F;7;5154;yes
1024;A;Flight;3;4;186;2;low;F;4;4585;no
1025;A;Ship;4;2;136;2;medium;M;19;1387;yes
1026;F;Ship;3;4;208;2;low;F;37;2537;yes
1027;B;Flight;3;4;273;2;medium;F;39;2651;yes
1028;D;Ship;3;1;180;3;low;M;52;1838;yes
1029;B;Ship;2;2;173;3;low;F;10;4736;no
1030;F;Ship;6;5;233;6;medium;M;48;3341;yes
1031;C;Road;4;5;163;5;low;M;24;1658;yes
1032;C;Ship;5;2;237;5;medium;M;6;1084;no
1033;F;Ship;4;2;155;5;low;F;48;1043;yes
1034;F;Ship;3;1;142;3;medium;F;10;4915;yes
1035;D;Ship;4;5;247;2;medium;F;9;4656;no
1036;B;Road;4;2;273;2;low;F;9;4221;no
1037;B;Road;3;1;112;5;medium;F;41;1249;yes
1038;C;Ship;4;3;139;2;high;F;2;4041;yes
1039;F;Ship;4;1;169;4;low;F;10;4245;no
1040;C;Ship;2;5;286;6;medium;F;5;5490;no
1041;F;Ship;3;5;268;3;low;F;6;5603;no
1042;D;Road;4;5;192;2;high;F;4;4518;no
1043;F;Road;4;2;227;3;low;M;2;4318;yes
1044;B;Flight;3;2;189;3;medium;F;2;4152;yes
1045;D;Ship;3;4;223;3;low;M;18;3959;yes
1046;F;Flight;5;4;182;4;low;M;61;3063;yes
1047;A;Ship;4;3;263;5;low;F;10;1762;no
1048;B;Ship;4;4;222;3;low;F;24;3503;yes
1049;A;Flight;3;1;226;2;medium;F;6;4946;yes
1050;F;Road;6;5;281;4;medium;M;5;1484;no
1051;D;Flight;4;1;177;3;medium;F;6;5215;no
1052;B;Ship;5;5;244;3;medium;M;7;4078;yes
1053;D;Ship;4;3;257;3;low;F;2;5198;yes
1054;C;Ship;4;4;219;2;medium;M;7;4604;no
1055;C;Road;6;1;302;4;low;F;1;1622;yes
1056;F;Ship;7;2;310;4;low;M;4;1806;no
1057;B;Flight;6;5;277;4;medium;F;5;1845;yes
1058;A;Ship;3;4;137;3;medium;F;17;1212;yes
1059;C;Ship;5;1;241;2;medium;F;3;5391;yes
1060;B;Road;3;2;243;2;low;F;5;4769;no
1061;C;Ship;3;1;256;4;medium;F;3;4398;yes
1062;F;Flight;4;5;216;2;low;M;59;3088;yes
1063;A;Ship;3;4;225;4;low;F;8;5209;no
1064;A;Road;4;2;172;2;low;M;23;1019;yes
1065;C;Ship;5;1;189;3;medium;M;13;3492;yes
1066;D;Ship;3;5;157;4;medium;F;2;4640;no
1067;F;Flight;4;4;264;3;low;F;2;4279;yes
1068;C;Ship;4;1;263;5;low;M;3;1777;no
1069;B;Ship;3;2;205;3;high;M;3;4563;yes
1070;D;Ship;3;4;254;2;medium;F;44;3786;yes
1071;F;Ship;4;3;133;3;medium;F;50;1861;yes
1072;D;Ship;6;5;301;4;medium;F;2;1943;no
1073;B;Road;5;2;173;2;high;F;10;4741;no
1074;F;Flight;3;4;214;2;low;M;7;5256;yes
1075;F;Ship;3;4;175;3;medium;M;10;4771;yes
1076;B;Ship;2;3;263;4;medium;M;9;5390;no
1077;D;Road;4;5;240;3;low;F;5;5734;yes
1078;F;Ship;4;5;267;5;low;M;7;1983;no
1079;B;Road;5;4;249;3;high;F;2;4397;yes
1080;C;Flight;2;3;251;3;low;F;2;3351;yes
1081;C;Road;2;4;108;5;high;M;5;4874;yes
1082;B;Ship;5;2;169;2;medium;M;4;6000;yes
1083;F;Road;5;4;172;3;low;F;3;5064;yes
1084;C;Road;3;1;260;2;medium;F;6;4332;no
1085;F;Ship;4;5;156;3;low;M;39;1483;yes
1086;A;Road;5;5;271;4;high;F;6;4547;yes
1087;F;Ship;3;4;265;10;low;M;10;4049;no
1088;F;Ship;6;2;251;4;medium;F;6;1864;no
1089;A;Ship;3;2;236;2;medium;M;2;4239;yes
1090;A;Road;3;3;150;2;medium;F;61;1053;yes
1091;F;Ship;3;2;143;4;medium;F;7;4486;no
1092;A;Ship;3;2;182;10;low;M;1;4303;no
1093;F;Flight;5;5;238;5;low;M;2;1657;no
1094;C;Ship;4;1;258;4;low;M;5;5664;no
1095;F;Flight;3;2;209;2;medium;M;6;5095;yes
1096;B;Ship;4;3;134;3;medium;M;13;1985;yes
1097;F;Ship;4;2;149;3;medium;F;54;1506;yes
1098;C;Ship;4;2;139;5;low;F;52;1977;yes
1099;A;Flight;6;1;157;6;low;M;1;4631;yes
1100;B;Ship;4;1;178;3;low;M;19;1906;yes
1101;A;Ship;4;2;225;2;low;F;6;2010;yes
1102;A;Ship;3;4;209;2;low;M;62;2935;yes
1103;C;Ship;4;2;249;5;low;M;1;1200;no
1104;C;Ship;2;3;187;3;medium;F;6;5547;no
1105;D;Ship;4;2;185;2;medium;F;3;5356;no
1106;F;Ship;7;1;290;4;low;F;9;1885;no
1107;A;Ship;2;2;147;2;medium;F;49;1447;yes
1108;C;Ship;6;2;266;4;low;F;9;1220;no
1109;A;Ship;4;5;242;4;low;F;35;3215;yes
1110;B;Ship;5;5;212;5;low;F;6;4463;no
1111;F;Ship;3;2;213;2;medium;F;54;2809;yes
1112;F;Flight;3;4;190;10;medium;F;32;2064;yes
1113;B;Ship;5;4;285;2;low;M;2;4505;yes
1114;F;Ship;5;3;175;3;medium;F;7;5047;yes
1115;F;Ship;4;2;259;3;low;F;47;3764;yes
1116;B;Ship;3;3;249;4;low;M;7;5868;yes
1117;B;Road;5;1;298;4;low;M;4;1551;no
1118;B;Ship;5;2;244;3;low;M;8;3571;yes
1119;D;Ship;3;2;205;2;low;M;6;4853;no
1120;C;Road;3;5;215;3;low;M;4;4828;yes
1121;F;Ship;3;5;109;2;high;M;2;5978;yes
1122;A;Ship;2;3;140;2;medium;M;20;1832;yes
1123;C;Ship;4;3;223;3;medium;F;7;5935;no
1124;F;Road;5;2;239;3;low;F;47;3673;yes
1125;B;Ship;5;5;167;3;medium;M;1;4314;no
1126;F;Ship;3;1;101;2;medium;F;56;1184;yes
1127;B;Ship;6;5;258;4;low;M;5;1966;yes
1128;D;Flight;5;2;219;5;low;F;9;1505;no
1129;D;Road;3;5;161;3;medium;F;10;1978;yes
1130;B;Ship;4;1;225;5;low;M;3;1488;no
1131;B;Ship;5;5;150;5;medium;F;61;1091;yes
1132;D;Ship;3;5;156;4;medium;F;26;1769;yes
1133;D;Ship;3;2;255;7;medium;M;2;5282;no
1134;F;Ship;5;5;243;5;medium;M;2;1817;no
1135;D;Ship;3;4;181;3;high;F;9;5470;no
1136;F;Ship;5;5;168;3;low;F;6;4088;yes
1137;C;Ship;3;2;151;3;low;M;40;1173;yes
1138;A;Ship;3;3;205;3;high;M;1;5851;yes
1139;C;Road;3;3;274;2;medium;F;59;3436;yes
1140;F;Ship;5;5;232;3;low;F;2;4545;yes
1141;A;Flight;4;1;270;5;medium;M;9;1280;yes
1142;D;Flight;5;4;202;3;low;F;3;4559;yes
1143;F;Ship;5;3;193;5;medium;M;3;5888;no
1144;F;Ship;6;2;293;5;low;F;3;1969;no
1145;F;Road;2;1;190;3;low;M;59;2108;yes
1146;F;Ship;4;3;200;3;medium;M;5;5108;no
1147;C;Ship;6;1;251;4;low;M;2;1679;no
1148;B;Road;5;1;241;5;low;F;1;1146;no
1149;C;Flight;5;4;167;7;medium;F;23;1691;yes
1150;F;Flight;3;4;145;6;medium;M;57;1949;yes
1151;F;Ship;5;2;280;3;high;F;8;5858;yes
1152;C;Road;3;5;135;2;medium;M;7;5331;no
1153;B;Ship;5;5;245;5;low;M;5;1252;no
1154;D;Ship;5;4;216;4;medium;F;8;5878;yes
1155;F;Ship;5;3;251;2;low;M;9;4458;no
1156;F;Ship;6;2;285;4;medium;M;6;1016;yes
1157;B;Ship;4;1;284;4;low;F;4;4795;yes
1158;A;Ship;4;3;167;2;medium;F;2;5544;no
1159;C;Flight;4;1;161;2;high;F;21;1075;yes
1160;D;Road;4;2;202;3;low;M;8;4575;yes
1161;C;Ship;5;4;260;6;medium;M;8;5440;yes
1162;C;Ship;4;2;229;3;low;F;6;5691;yes
1163;F;Ship;3;2;257;2;high;F;46;2848;yes
1164;F;Flight;4;2;245;5;low;M;8;1122;yes
1165;A;Flight;3;5;169;3;high;F;5;5750;no
1166;D;Ship;4;3;158;5;medium;F;7;4344;yes
1167;D;Ship;2;2;153;2;low;M;46;1130;yes
1168;F;Road;5;1;223;3;medium;F;4;4905;yes
1169;C;Ship;4;1;220;3;medium;F;6;4472;no
1170;F;Ship;6;2;272;5;low;M;8;1045;no
1171;D;Flight;4;4;268;3;medium;M;10;4531;no
1172;D;Ship;6;4;205;3;low;F;44;2064;yes
1173;F;Ship;5;2;184;3;medium;F;8;4581;no
1174;F;Ship;3;1;226;2;low;M;18;2319;yes
1175;F;Ship;3;2;176;3;low;F;29;1953;yes
1176;F;Ship;4;4;151;2;low;M;8;5724;no
1177;F;Road;4;5;235;3;medium;F;22;2015;yes
1178;B;Road;4;2;224;2;low;M;9;5603;yes
1179;F;Ship;4;5;134;6;medium;M;7;4881;yes
1180;B;Road;3;2;178;3;low;F;5;5686;no
1181;B;Ship;3;3;162;2;medium;M;65;1184;yes
1182;F;Ship;5;3;258;5;low;F;4;1665;yes
1183;D;Flight;4;5;211;2;low;F;4;4106;yes
1184;D;Ship;4;3;170;2;low;M;3;4587;yes
1185;B;Ship;3;3;239;3;medium;M;7;4942;no
1186;F;Ship;6;1;160;5;medium;M;8;5982;no
1187;C;Ship;5;5;266;5;low;F;9;4500;no
1188;C;Ship;3;5;193;3;high;F;10;5991;yes
1189;A;Ship;3;5;270;3;medium;M;5;4843;yes
1190;C;Ship;5;5;132;3;low;F;2;5552;no
1191;F;Road;3;4;163;3;medium;M;58;1443;yes
1192;F;Ship;4;3;272;3;low;F;4;5654;no
1193;D;Ship;3;5;156;4;low;M;5;4661;yes
1194;F;Ship;4;4;231;3;low;M;9;4305;yes
1195;B;Ship;5;2;218;3;low;M;4;5363;yes
1196;F;Flight;4;5;232;3;medium;F;32;3253;yes
1197;B;Flight;5;1;234;5;medium;M;2;1030;yes
1198;C;Road;4;2;142;3;low;M;2;4790;yes
1199;B;Road;5;5;168;3;low;M;6;4096;no
1200;A;Ship;5;2;246;5;low;F;4;1072;yes
1201;B;Ship;2;3;230;3;low;;4;5127;no
1202;F;Ship;2;2;258;3;medium;F;3;5365;yes
1203;A;Ship;6;1;273;4;low;M;3;1361;yes
1204;C;Flight;5;1;231;2;low;M;10;4892;yes
1205;D;Ship;3;4;236;4;medium;F;43;2584;yes
1206;C;Road;4;4;203;5;low;M;36;3912;yes
1207;B;Flight;4;2;149;4;low;M;40;1102;yes
1208;F;Ship;3;4;220;7;low;M;43;2620;yes
1209;C;Ship;4;5;141;2;low;M;1;4395;yes
1210;A;Road;2;1;151;3;low;F;5;5982;yes
1211;F;Ship;5;3;223;3;low;M;6;5977;no
1212;A;Ship;5;1;133;2;medium;M;1;4643;no
1213;C;Ship;3;1;199;2;medium;F;18;3346;yes
1214;D;Ship;3;3;267;2;low;M;18;2435;yes
1215;F;Ship;3;1;237;3;medium;F;4;5860;no
1216;B;Ship;6;4;283;5;medium;F;35;2686;yes
1217;D;Ship;4;4;161;4;low;F;14;1194;yes
1218;A;Ship;4;5;255;4;low;M;14;3099;yes
1219;B;Ship;3;4;230;2;medium;F;15;2302;yes
1220;F;Ship;3;2;174;3;low;M;30;1986;yes
1221;B;Ship;3;1;197;5;low;M;45;2224;yes
1222;C;Ship;2;4;191;3;low;F;58;2586;yes
1223;A;Road;4;3;227;3;medium;M;8;5829;yes
1224;F;Ship;4;5;268;3;low;M;17;3085;yes
1225;B;Ship;3;5;204;4;low;M;6;4879;yes
1226;A;Ship;4;4;229;5;medium;F;7;1716;yes
1227;B;Ship;3;1;244;3;medium;F;1;5695;yes
1228;F;Road;4;1;140;3;medium;M;9;1431;yes
1229;B;Ship;5;2;229;3;low;F;3;4916;no
1230;A;Road;3;4;186;3;medium;M;7;4536;no
1231;C;Ship;6;5;266;4;medium;F;6;1312;yes
1232;C;Flight;3;3;136;2;medium;M;10;5749;no
1233;A;Ship;6;4;287;4;medium;M;7;1141;yes
1234;A;Flight;4;1;157;5;low;M;10;4871;no
1235;D;Ship;4;2;245;3;medium;M;1;4731;yes
1236;D;Ship;7;4;285;4;medium;F;2;1017;yes
1237;F;Ship;5;5;262;2;medium;F;62;3744;yes
1238;D;Ship;2;3;224;2;low;F;5;5050;no
1239;B;Ship;4;3;137;3;medium;M;9;5016;no
1240;A;Ship;3;2;215;4;high;M;1;4158;no
1241;C;Ship;5;5;242;4;medium;F;2;5359;no
1242;A;Road;4;5;105;5;high;M;4;5824;yes
1243;F;Ship;3;4;240;2;low;F;33;3489;yes
1244;F;Road;3;4;200;2;medium;F;6;4751;yes
1245;F;Flight;3;1;129;3;medium;M;9;5296;yes
1246;F;Ship;4;3;232;3;medium;F;8;5298;yes
1247;F;Road;5;5;199;3;high;M;6;5547;yes
1248;F;Ship;6;1;269;6;medium;F;2;5363;no
1249;F;Road;6;5;247;4;medium;M;7;1461;yes
1250;D;Flight;3;3;196;4;low;F;9;5631;yes
1251;A;Ship;3;1;267;3;low;M;5;5528;no
1252;B;Ship;5;5;193;3;low;F;3;5037;no
1253;A;Ship;5;3;239;5;low;M;10;1784;no
1254;B;Ship;3;5;211;2;low;F;5;5877;yes
1255;C;Ship;3;3;214;2;low;M;21;3342;yes
1256;B;Ship;4;4;209;8;medium;F;46;3345;yes
1257;F;Ship;3;5;243;3;medium;F;4;4130;yes
1258;D;Ship;4;1;226;5;medium;F;2;1912;no
1259;D;Ship;3;4;222;3;medium;M;3;4068;no
1260;F;Ship;6;3;247;4;low;F;6;1537;no
1261;B;Ship;3;4;226;3;medium;F;26;2299;yes
1262;A;Ship;5;5;145;2;medium;M;48;1834;yes
1263;C;Road;3;3;275;4;medium;M;2;4086;yes
1264;A;Road;3;4;250;2;high;M;61;3207;yes
1265;D;Ship;3;5;175;3;medium;F;8;5471;yes
1266;C;Ship;4;2;210;2;high;F;3;5876;yes
1267;B;Ship;3;2;208;2;low;F;7;4582;yes
1268;A;Road;4;5;251;5;medium;F;7;1070;yes
1269;D;Ship;3;3;149;2;medium;M;18;1225;yes
1270;D;Ship;3;1;217;3;low;F;1;4177;yes
1271;D;Flight;4;1;143;3;medium;M;4;4283;no
1272;C;Ship;4;1;204;2;low;M;7;5795;no
1273;B;Ship;5;1;264;3;low;M;6;2882;yes
1274;B;Ship;3;4;267;3;high;M;8;5337;yes
1275;F;Ship;3;5;257;2;medium;F;56;3711;yes
1276;A;Ship;6;3;269;2;high;M;43;2300;yes
1277;B;Flight;2;2;310;3;low;M;1;1549;yes
1278;F;Ship;3;2;135;2;medium;F;2;1150;yes
1279;D;Road;5;5;261;3;medium;F;8;3257;yes
1280;D;Ship;5;5;210;6;low;M;3;5051;no
1281;F;Ship;3;1;189;3;low;M;1;4886;no
1282;F;Ship;4;3;154;10;high;M;7;5317;no
1283;C;Ship;2;3;158;2;medium;F;36;1788;yes
1284;B;Ship;3;5;174;3;low;M;7;5672;yes
1285;A;Ship;5;5;205;2;high;M;65;3671;yes
1286;D;Ship;4;1;180;3;low;F;1;5677;no
1287;D;Ship;6;4;293;6;low;F;7;1117;yes
1288;B;Ship;3;4;273;2;medium;F;5;5223;no
1289;B;Ship;4;3;175;3;low;F;2;5208;no
1290;F;Flight;5;3;224;5;medium;M;9;1643;yes
1291;B;Ship;5;5;252;5;low;M;9;4135;no
1292;C;Flight;5;3;256;2;low;M;3;4456;no
1293;F;Ship;4;2;239;4;medium;M;8;4039;no
1294;F;Flight;3;2;119;2;low;M;32;1791;yes
1295;B;Ship;3;1;145;2;high;M;25;1851;yes
1296;F;Ship;3;3;138;2;medium;F;40;1117;yes
1297;B;Ship;2;3;160;3;low;F;43;1251;yes
1298;F;Ship;3;3;239;3;low;F;4;1399;no
1299;F;Road;5;2;244;6;low;M;1;1199;no
1300;A;Ship;4;5;245;3;low;F;7;4297;no
1301;C;Ship;6;4;206;5;medium;F;10;1680;no
1302;D;Ship;3;2;160;3;medium;F;6;4808;yes
1303;A;Ship;5;1;193;4;medium;F;10;5280;no
1304;D;Ship;4;1;233;7;medium;M;7;4272;yes
1305;C;Ship;5;5;263;5;medium;M;2;1417;no
1306;C;Ship;4;5;192;3;medium;F;41;3873;yes
1307;F;Ship;4;4;186;7;medium;M;9;5418;no
1308;B;Ship;4;2;224;3;low;M;1;5821;no
1309;F;Road;5;2;256;3;medium;M;6;5604;yes
1310;A;Ship;3;5;266;2;high;F;3;5195;no
1311;A;Ship;4;2;192;6;high;F;3;5173;no
1312;D;Flight;3;4;167;3;medium;M;52;1755;yes
1313;D;Ship;4;2;227;5;medium;M;6;4618;no
1314;B;Ship;3;5;155;4;low;M;6;5386;no
1315;D;Flight;5;1;149;4;medium;F;20;1110;yes
1316;C;Ship;3;1;171;4;medium;F;6;5398;no
1317;A;Road;5;2;249;5;medium;M;6;1298;no
1318;A;Ship;4;2;216;3;low;M;10;4636;no
1319;F;Ship;4;3;131;5;low;M;6;1659;yes
1320;C;Ship;3;2;182;3;medium;F;39;3828;yes
1321;B;Flight;4;1;224;3;low;M;9;5546;yes
1322;F;Ship;4;3;158;3;low;M;18;1036;yes
1323;F;Ship;3;4;209;3;medium;M;2;4976;no
1324;A;Ship;2;4;166;3;low;M;8;4968;yes
1325;D;Ship;3;4;195;2;low;F;5;4660;yes
1326;C;Ship;4;5;259;5;low;F;9;1951;yes
1327;F;Ship;3;3;177;3;medium;M;10;5374;yes
1328;F;Ship;3;3;162;2;low;F;9;4903;no
1329;D;Ship;4;3;172;3;medium;F;10;5434;no
1330;D;Ship;4;4;229;5;low;M;7;1049;yes
1331;F;Ship;6;4;272;4;medium;F;10;1171;yes
1332;F;Ship;6;5;274;4;low;M;6;1066;no
1333;A;Ship;4;3;169;3;low;F;8;4613;no
1334;B;Flight;3;2;169;2;medium;M;61;1511;yes
1335;D;Ship;6;2;263;4;low;F;8;1635;no
1336;B;Ship;5;5;197;4;low;F;7;4141;yes
1337;D;Ship;4;1;165;3;medium;F;10;4574;no
1338;F;Ship;4;5;153;2;low;M;1;4492;no
1339;F;Ship;4;3;245;4;medium;M;4;5940;no
1340;A;Road;3;1;180;2;low;F;65;1321;yes
1341;A;Ship;4;4;193;3;low;M;5;5090;yes
1342;F;Flight;6;1;174;10;medium;M;7;4287;no
1343;B;Ship;2;4;193;2;low;F;5;5706;no
1344;C;Ship;3;4;274;3;low;F;7;5036;yes
1345;F;Ship;3;2;234;3;medium;M;5;4757;yes
1346;F;Ship;4;1;171;2;medium;F;1;5717;no
1347;D;Road;3;4;134;3;medium;F;9;4230;yes
1348;B;Ship;2;4;147;2;medium;M;3;5136;yes
1349;F;Ship;4;3;195;3;medium;M;5;5863;no
1350;F;Flight;5;3;134;3;high;M;8;5016;no
1351;F;Ship;6;5;286;4;medium;F;3;1773;yes
1352;C;Ship;6;5;244;4;low;M;9;1789;yes
1353;D;Ship;3;5;110;3;low;M;55;;yes
1354;B;Road;5;2;223;5;medium;M;5;1484;yes
1355;F;Flight;5;3;245;5;medium;M;3;1851;no
1356;F;Ship;6;5;301;5;low;M;8;1443;no
1357;F;Ship;5;3;181;3;high;M;7;5675;yes
1358;D;Flight;3;3;234;2;medium;F;39;2449;yes
1359;A;Ship;4;5;270;5;low;F;1;1187;yes
1360;B;Flight;4;3;96;4;medium;M;1;4984;yes
1361;F;Ship;3;3;218;4;medium;M;8;1883;no
1362;F;Road;3;4;287;5;medium;F;9;5308;no
1363;D;Flight;4;1;161;3;low;M;1;4789;no
1364;B;Ship;4;2;261;3;low;M;4;5345;yes
1365;A;Flight;6;1;266;4;medium;F;2;1862;yes
1366;A;Road;5;3;203;2;medium;M;4;4311;yes
1367;F;Road;5;2;254;5;medium;M;6;1002;no
1368;B;Road;4;1;237;3;medium;F;8;5668;yes
1369;B;Flight;4;3;204;3;medium;M;2;5010;no
1370;D;Ship;5;5;237;5;medium;F;9;1709;no
1371;F;Ship;4;1;243;3;high;F;5;5989;no
1372;D;Ship;3;5;191;4;low;M;4;4008;yes
1373;B;Ship;3;5;233;2;medium;F;2;4193;no
1374;A;Ship;3;3;230;3;low;M;4;4018;yes
1375;C;Ship;4;3;186;7;medium;F;30;2062;yes
1376;D;Road;2;1;167;2;low;M;46;1023;yes
1377;D;Ship;2;5;189;2;low;M;9;5245;no
1378;F;Ship;3;5;191;4;low;M;2;5177;yes
1379;F;Ship;4;4;253;3;medium;F;4;5236;no
1380;D;Ship;3;5;209;3;medium;M;8;5591;no
1381;C;Ship;2;3;274;3;high;F;24;3829;yes
1382;C;Ship;4;4;192;2;low;M;1;4429;no
1383;F;Ship;3;2;197;4;medium;M;1;5210;yes
1384;F;Road;4;5;203;2;low;F;20;2421;yes
1385;C;Road;3;1;236;6;medium;F;10;4858;no
1386;F;Ship;4;1;173;4;medium;F;1;4684;no
1387;A;Ship;7;2;261;4;medium;M;9;1918;yes
1388;D;Ship;3;4;246;3;high;F;1;4273;yes
1389;C;Ship;6;5;278;4;high;F;6;1761;no
1390;D;Road;3;5;217;3;medium;M;3;5433;no
1391;B;Ship;4;2;254;10;high;M;7;5820;no
1392;C;Road;6;5;220;3;medium;M;1;5508;no
1393;D;Ship;7;2;283;5;low;F;10;1722;yes
1394;A;Flight;6;4;266;4;low;M;3;1503;yes
1395;F;Ship;6;3;269;4;medium;F;6;1822;yes
1396;A;Ship;5;1;160;5;medium;F;16;1526;yes
1397;F;Ship;5;2;168;2;high;F;3;4928;no
1398;C;Ship;5;5;304;5;low;F;8;1949;yes
1399;B;Ship;4;2;266;3;medium;M;7;5121;no
1400;C;Ship;4;2;153;3;medium;F;53;1185;yes
1401;A;Ship;3;2;261;8;low;F;3;5171;no
1402;C;Road;4;3;244;3;medium;M;1;3982;yes
1403;B;Flight;3;1;174;6;medium;F;4;4910;yes
1404;F;Flight;3;2;243;2;low;F;38;3850;yes
1405;C;Ship;5;5;270;3;low;M;2;4351;yes
1406;C;Ship;5;4;215;3;low;F;5;5552;yes
1407;C;Ship;3;4;181;2;medium;F;45;3448;yes
1408;F;Ship;6;2;131;5;medium;F;5;1718;yes
1409;B;Ship;5;5;161;3;high;F;7;5338;yes
1410;F;Flight;5;1;182;2;medium;F;23;2707;yes
1411;A;Ship;3;2;138;3;low;M;49;1923;yes
1412;D;Ship;3;5;206;2;low;F;4;4080;no
1413;B;Road;6;2;161;4;low;F;9;1377;no
1414;F;Ship;4;4;245;4;medium;M;4;5203;yes
1415;F;Ship;4;4;256;5;high;M;1;1927;yes
1416;F;Ship;3;5;197;3;low;M;3;5658;no
1417;C;Ship;3;4;163;3;low;M;7;5913;no
1418;C;Ship;2;3;219;4;low;F;9;4086;no
1419;B;Ship;3;2;203;3;high;M;3;2791;yes
1420;D;Ship;4;3;180;4;low;M;14;1686;yes
1421;A;Ship;3;4;166;2;low;F;10;5258;no
1422;D;Ship;7;3;296;4;medium;F;7;1427;no
1423;F;Road;4;1;140;5;medium;M;6;4001;yes
1424;A;Ship;5;3;170;3;medium;M;10;4198;no
1425;C;Ship;3;4;209;2;high;M;10;4540;no
1426;B;Flight;3;3;150;2;medium;M;3;5836;no
1427;C;Ship;4;3;186;2;medium;F;48;2805;yes
1428;F;Ship;5;5;139;4;medium;F;3;4433;yes
1429;F;Ship;5;1;186;10;low;M;64;2529;yes
1430;C;Ship;2;5;177;6;medium;F;41;1772;yes
1431;B;Ship;4;2;259;5;medium;M;7;1042;yes
1432;D;Ship;4;1;261;4;low;F;58;3427;yes
1433;D;Ship;3;2;254;2;medium;F;2;3239;yes
1434;A;Ship;4;3;253;3;low;F;5;5703;no
1435;A;Ship;4;4;252;6;medium;M;44;2676;yes
1436;B;Ship;5;3;243;6;low;F;10;1078;yes
1437;C;Ship;4;4;252;4;medium;F;4;4832;no
1438;F;Flight;5;4;206;3;low;M;53;2182;yes
1439;C;Road;3;4;262;3;low;M;7;2424;yes
1440;F;Ship;4;5;256;4;low;F;8;5244;yes
1441;B;Ship;5;4;228;6;medium;M;5;4974;yes
1442;B;Road;4;2;229;6;medium;F;5;1689;no
1443;F;Ship;7;5;306;4;medium;F;2;1281;no
1444;D;Ship;3;1;133;4;medium;F;6;5162;no
1445;D;Ship;4;4;246;3;low;M;9;5041;no
1446;C;Ship;4;4;135;10;medium;F;57;1361;yes
1447;F;Flight;4;4;233;2;medium;M;39;2291;yes
1448;F;Ship;4;2;223;3;high;M;5;4282;no
1449;F;Road;2;4;147;3;low;M;5;1920;yes
1450;D;Flight;5;2;279;4;low;F;8;4418;yes
1451;B;Ship;4;4;268;3;low;M;7;5947;no
1452;F;Flight;4;3;224;2;medium;M;8;5961;yes
1453;F;Road;6;1;219;6;low;F;10;2385;yes
1454;C;Ship;4;2;220;3;low;F;9;5896;no
1455;F;Flight;4;3;132;4;medium;M;10;1767;yes
1456;A;Ship;3;;196;3;low;M;4;5622;no
1457;C;Ship;5;1;250;4;medium;M;10;5306;yes
1458;A;Ship;3;1;185;4;low;F;35;3648;yes
1459;F;Ship;3;5;194;3;low;M;8;5726;yes
1460;A;Ship;4;3;225;5;medium;M;3;1224;no
1461;B;Flight;3;2;227;3;low;F;4;4450;no
1462;A;Ship;4;3;192;4;low;F;2;1830;no
1463;A;Flight;3;4;149;3;low;F;5;5467;no
1464;C;Flight;5;2;255;5;medium;M;4;1634;no
1465;C;Ship;5;2;252;3;low;M;6;4013;yes
1466;B;Road;5;5;265;5;medium;F;8;1867;no
1467;D;Ship;4;1;237;4;low;F;4;4697;yes
1468;B;Ship;3;3;219;3;medium;F;17;3387;yes
1469;B;Ship;3;5;203;3;low;F;58;3231;yes
1470;F;Ship;4;4;252;5;medium;M;2;1995;yes
1471;A;Flight;4;1;242;2;low;M;34;3966;yes
1472;C;Ship;2;1;180;3;low;M;2;4615;yes
1473;F;Flight;4;1;253;3;low;M;36;2591;yes
1474;D;Ship;5;3;169;2;low;M;8;5352;yes
1475;F;Ship;3;2;261;5;medium;M;45;2488;yes
1476;C;Flight;5;4;248;3;low;M;7;5335;yes
1477;A;Ship;5;3;197;4;low;F;2;2222;yes
1478;F;Ship;2;1;109;4;low;F;3;5264;yes
1479;B;Road;6;5;275;4;low;F;6;1872;no
1480;B;Flight;6;3;269;4;medium;F;3;1022;no
1481;A;Ship;3;2;228;3;medium;F;4;4208;no
1482;F;Flight;2;5;172;2;low;M;7;4649;no
1483;A;Ship;5;5;162;2;medium;M;6;5868;no
1484;B;Ship;4;4;170;3;medium;M;4;4062;no
1485;B;Flight;3;2;178;3;low;M;4;5119;yes
1486;C;Flight;4;3;249;4;medium;M;10;5614;no
1487;F;Ship;4;5;185;3;medium;M;17;2824;yes
1488;C;Road;2;5;168;3;low;M;37;1717;yes
1489;F;Ship;2;1;138;2;low;M;8;4932;yes
1490;D;Ship;4;4;138;3;medium;F;7;1597;yes
1491;B;Ship;3;1;258;3;medium;F;2;5828;yes
1492;C;Road;3;3;178;8;medium;M;8;4774;yes
1493;F;Ship;5;1;233;3;low;F;9;5039;no
1494;F;Ship;4;3;268;3;low;F;10;5998;no
1495;A;Ship;2;1;202;2;medium;F;5;4456;no
1496;D;Road;4;5;220;3;medium;M;40;3516;yes
1497;F;Ship;4;2;141;2;medium;M;52;1012;yes
1498;B;Flight;3;5;230;3;high;M;4;5189;yes
1499;C;Flight;7;1;255;4;medium;F;3;1450;no
1500;F;Ship;3;3;168;4;low;F;4;4096;yes
1501;F;Ship;5;2;266;5;low;F;10;1274;yes
1502;D;Flight;4;1;173;4;low;F;5;5530;yes
1503;B;Ship;6;5;269;4;medium;F;7;1249;yes
1504;A;Ship;5;5;198;2;medium;M;;4526;no
1505;F;Ship;3;3;246;4;low;F;3;4316;no
1506;B;Ship;2;5;211;3;low;M;3;1368;no
1507;F;Ship;4;4;287;6;medium;M;6;5282;no
1508;D;Ship;4;5;251;6;low;F;1;1625;no
1509;C;Ship;4;1;263;5;low;M;8;1426;yes
1510;B;Road;4;2;278;6;low;F;36;2330;yes
1511;D;Ship;3;3;242;3;low;F;51;3935;yes
1512;B;Ship;4;1;241;2;low;F;39;2935;yes
1513;F;Flight;3;3;150;3;low;M;6;1775;yes
1514;D;Ship;4;3;184;3;low;F;37;3436;yes
1515;F;Ship;5;4;131;6;low;M;8;4005;yes
1516;B;Ship;3;1;239;3;low;F;63;2154;yes
1517;C;Flight;6;3;296;4;low;F;4;1650;no
1518;B;Ship;3;4;269;2;medium;M;2;4177;no
1519;F;Ship;4;4;255;2;medium;M;29;2267;yes
1520;F;Ship;5;1;242;5;medium;M;8;1382;yes
1521;B;Flight;5;5;133;3;low;M;63;1218;yes
1522;D;Ship;3;3;160;4;medium;M;58;1496;yes
1523;B;Ship;4;5;240;2;medium;M;6;5045;yes
1524;B;Road;5;2;272;2;medium;F;37;2226;yes
1525;C;Ship;3;5;218;4;low;M;4;5330;no
1526;A;Ship;5;5;134;2;medium;M;64;1785;yes
1527;C;Ship;5;5;240;2;low;F;7;4409;yes
1528;C;Ship;4;3;262;3;low;M;9;4404;yes
1529;C;Flight;4;2;223;6;low;F;10;1650;yes
1530;F;Ship;5;4;173;4;high;F;8;5284;yes
1531;A;Ship;3;5;238;6;medium;M;8;5620;no
1532;F;Ship;3;3;101;2;medium;M;9;4860;no
1533;A;Ship;4;2;235;6;low;M;6;1386;no
1534;F;Ship;4;1;171;2;medium;M;1;5635;no
1535;F;Ship;3;3;194;3;medium;F;6;5721;yes
1536;C;Ship;5;5;208;3;low;F;45;2018;yes
1537;C;Ship;5;3;210;6;low;M;6;4203;yes
1538;D;Road;5;4;189;2;low;F;4;5575;yes
1539;A;Ship;6;5;264;4;low;M;6;1005;no
1540;B;Ship;3;3;240;7;medium;M;3;4385;no
1541;C;Ship;3;1;133;3;medium;M;8;4634;no
1542;F;Ship;5;2;145;5;medium;F;22;1818;yes
1543;C;Ship;4;1;142;2;low;M;26;1683;yes
1544;A;Road;3;3;256;4;medium;M;3;4732;no
1545;C;Ship;3;3;271;4;high;M;3;4006;yes
1546;B;Road;2;1;115;3;high;M;42;1247;yes
1547;C;Ship;3;2;172;3;medium;F;8;4982;yes
1548;B;Road;5;1;226;6;low;M;5;1078;no
1549;D;Ship;3;3;254;2;high;M;17;3153;yes
1550;C;Ship;6;5;225;6;low;F;55;2052;yes
1551;F;Flight;3;5;102;6;medium;M;3;1341;yes
1552;B;Road;7;1;309;4;low;F;4;1151;no
1553;F;Ship;4;3;244;2;low;M;17;3125;yes
1554;F;Ship;5;2;192;7;medium;M;2;4045;yes
1555;A;Ship;3;2;187;3;medium;F;7;5334;no
1556;A;Road;4;4;235;3;low;F;17;3715;yes
1557;C;Ship;5;3;266;5;medium;F;2;1510;yes
1558;F;Ship;4;1;237;5;low;F;5;1041;no
1559;A;Ship;4;1;220;3;medium;M;4;4314;no
1560;C;Ship;4;3;260;4;low;F;5;5307;no
1561;A;Ship;3;3;161;2;medium;F;38;1521;yes
1562;F;Ship;7;1;192;3;low;M;38;1372;yes
1563;B;Road;2;4;179;2;low;F;19;1900;yes
1564;C;Road;4;3;256;5;low;F;5;1533;yes
1565;F;Ship;3;4;136;3;medium;M;2;4524;yes
1566;F;Ship;5;5;214;3;low;F;31;2033;yes
1567;B;Road;4;5;148;3;low;M;5;4913;no
1568;A;Ship;6;4;269;4;medium;F;1;1872;no
1569;F;Ship;4;1;145;3;medium;F;7;4386;yes
1570;A;Flight;5;4;154;2;medium;M;10;5670;no
1571;D;Ship;3;5;152;3;low;M;43;1282;yes
1572;F;Flight;4;2;185;5;low;M;7;4694;yes
1573;F;Ship;5;3;284;5;medium;F;4;5343;yes
1574;B;Ship;3;1;236;3;medium;M;28;3290;yes
1575;B;Ship;4;1;201;4;medium;M;59;2925;yes
1576;A;Ship;3;2;181;3;low;F;29;2164;yes
1577;F;Ship;4;5;246;6;low;M;64;2271;yes
1578;B;Ship;5;4;217;5;high;F;3;1007;yes
1579;A;Ship;4;3;264;6;medium;F;7;1178;yes
1580;B;Ship;3;3;231;3;medium;M;53;2333;yes
1581;F;Ship;3;5;165;3;medium;M;33;1500;yes
1582;B;Road;5;2;260;6;high;M;10;4087;yes
1583;B;Ship;3;5;219;3;low;F;54;3145;yes
1584;F;Ship;5;1;235;2;low;M;27;2451;yes
1585;F;Ship;3;1;209;2;medium;F;3;4184;no
1586;D;Ship;6;5;278;5;medium;F;2;4361;yes
1587;D;Road;2;1;154;3;medium;F;4;5100;no
1588;B;Ship;4;3;226;3;medium;M;1;5433;yes
1589;C;Road;4;3;259;3;low;F;1;4914;yes
1590;B;Flight;6;2;169;2;medium;M;9;5580;no
1591;F;Ship;6;4;268;4;medium;F;3;1586;no
1592;A;Ship;3;3;262;7;high;F;9;5097;no
1593;C;Ship;3;4;221;3;low;M;10;4927;yes
1594;F;Ship;4;1;196;4;low;F;3;5496;no
1595;F;Ship;4;2;181;3;medium;M;4;5717;no
1596;B;Ship;3;3;148;2;low;M;42;1950;yes
1597;C;Ship;5;4;210;3;medium;F;6;5102;no
1598;A;Ship;2;2;145;2;low;M;1;1126;yes
1599;F;Ship;4;4;264;2;low;M;35;2336;yes
1600;C;Ship;5;5;137;2;low;M;8;5111;yes
1601;F;Ship;4;5;199;2;low;F;8;4463;no
1602;F;Ship;2;3;136;3;low;F;19;1568;yes
1603;F;Ship;3;3;181;2;medium;M;58;3719;yes
1604;B;Ship;4;1;219;2;medium;F;2;1752;no
1605;A;Ship;6;1;265;4;low;F;1;1345;yes
1606;C;Ship;3;2;258;2;low;M;1;5862;no
1607;F;Ship;7;3;250;5;medium;F;4;1163;yes
1608;C;Ship;6;5;301;5;medium;F;7;1209;yes
1609;A;Ship;4;2;199;3;low;M;7;5342;no
1610;D;Road;4;1;259;3;low;M;20;2154;yes
1611;C;Flight;6;2;148;4;low;M;56;1511;yes
1612;F;Road;4;3;266;3;low;M;9;5621;yes
1613;F;Ship;5;3;187;3;low;F;3;4343;no
1614;A;Road;5;3;257;5;low;F;7;1451;yes
1615;F;Flight;2;4;264;3;medium;F;6;4025;yes
1616;A;Ship;4;4;264;6;low;F;6;1758;no
1617;D;Road;2;3;215;2;medium;F;3;5052;yes
1618;F;Flight;2;1;205;4;medium;F;63;2156;yes
1619;F;Road;5;5;179;5;low;M;38;1437;yes
1620;C;Ship;4;2;242;3;medium;M;8;4644;yes
1621;A;Flight;5;1;172;2;medium;F;3;4892;no
1622;F;Ship;3;1;195;3;high;M;5;3251;yes
1623;B;Road;3;2;286;6;high;F;1;5035;yes
1624;F;Ship;5;4;269;3;low;F;3;4489;no
1625;B;Ship;2;3;269;2;low;M;3;5976;no
1626;F;Road;3;4;168;3;medium;M;5;5183;no
1627;B;Road;4;4;181;3;medium;M;1;5444;no
1628;D;Road;4;2;209;2;medium;M;3;5607;no
1629;A;Ship;6;5;246;5;high;F;3;4660;yes
1630;D;Ship;4;1;206;3;high;M;2;5013;yes
1631;F;Ship;4;5;273;4;medium;F;31;2373;yes
1632;C;Flight;5;5;268;3;medium;M;2;4459;yes
1633;F;Ship;5;3;245;5;low;F;10;1112;no
1634;A;Ship;4;2;273;5;medium;F;8;2000;no
1635;F;Ship;4;2;147;2;medium;F;20;1387;yes
1636;B;Road;3;2;178;2;medium;F;22;1247;yes
1637;C;Ship;3;5;181;4;high;F;1;4971;yes
1638;F;Ship;4;4;175;5;low;M;10;4498;yes
1639;C;Ship;5;1;227;2;low;M;15;3798;yes
1640;F;Ship;3;4;220;3;medium;F;5;5078;no
1641;B;Ship;4;4;176;4;high;F;52;1096;yes
1642;A;Ship;5;1;279;4;medium;F;3;4607;no
1643;C;Flight;5;2;178;3;low;M;48;1517;yes
1644;B;Ship;4;2;257;3;medium;M;8;5045;yes
1645;F;Ship;2;2;181;2;low;F;6;1324;yes
1646;C;Ship;4;2;173;3;high;F;3;5364;no
1647;D;Ship;5;1;236;5;medium;M;3;1906;no
1648;F;Ship;5;3;163;3;medium;M;1;1836;no
1649;B;Ship;3;4;222;6;medium;F;10;4579;yes
1650;F;Flight;3;5;177;2;low;F;2;4906;yes
1651;F;Ship;3;3;176;8;medium;F;1;4895;yes
1652;C;Flight;3;1;186;3;medium;F;11;3800;yes
1653;F;Road;5;2;164;2;medium;M;8;5717;no
1654;A;Ship;4;2;264;3;low;M;10;5137;yes
1655;F;Ship;4;2;137;2;medium;M;3;4622;yes
1656;F;Ship;5;2;151;4;low;M;12;1145;yes
1657;B;Flight;4;1;173;5;low;F;5;5049;yes
1658;C;Ship;3;1;173;2;low;F;7;4684;no
1659;B;Ship;2;3;187;2;medium;F;10;5957;no
1660;B;Road;6;3;309;4;medium;M;2;1270;yes
1661;D;Ship;3;3;154;2;medium;F;1;5746;yes
1662;F;Ship;5;2;136;2;low;M;3;1370;no
1663;B;Flight;5;2;227;3;medium;M;2;4058;yes
1664;F;Ship;3;1;102;4;medium;F;4;5936;yes
1665;B;Road;5;1;109;2;high;M;23;1479;yes
1666;F;Ship;2;5;264;2;low;M;9;5898;yes
1667;D;Ship;4;3;260;5;low;M;10;1832;yes
1668;D;Ship;4;1;239;4;high;M;2;5502;no
1669;C;Ship;5;2;246;3;low;F;9;5795;no
1670;D;Ship;5;2;270;3;low;M;3;5266;yes
1671;B;Ship;3;3;271;2;medium;M;15;3542;yes
1672;B;Ship;3;4;122;3;high;F;10;4880;no
1673;B;Ship;3;5;284;2;low;M;10;5619;no
1674;F;Ship;6;1;306;4;low;F;4;1449;yes
1675;A;Road;3;5;166;3;low;F;1;1366;yes
1676;A;Road;3;1;204;3;high;F;9;5093;no
1677;C;Road;3;3;169;3;low;F;7;5976;no
1678;A;Ship;3;1;261;8;medium;F;9;5248;yes
1679;F;Ship;3;1;206;3;medium;M;28;2892;yes
1680;F;Road;4;1;182;6;low;M;41;2047;yes
1681;A;Ship;4;1;256;4;medium;F;3;5324;no
1682;B;Road;3;3;249;3;medium;M;51;2173;yes
1683;F;Flight;3;1;257;2;low;F;45;3496;yes
1684;F;Road;5;1;187;4;medium;F;9;5657;yes
1685;C;Ship;4;2;227;4;medium;F;22;2460;yes
1686;C;Ship;6;5;201;5;medium;M;3;5771;no
1687;A;Ship;4;2;238;2;low;F;2;4002;no
1688;F;Ship;4;3;222;4;medium;M;49;3697;yes
1689;B;Ship;4;1;144;4;medium;M;6;5197;yes
1690;D;Ship;3;1;271;3;low;M;4;4108;no
1691;F;Ship;4;5;226;5;low;F;5;4833;no
1692;F;Ship;3;5;228;4;medium;M;57;2243;yes
1693;C;Ship;2;5;185;3;low;F;9;5810;no
1694;C;Ship;5;4;242;4;medium;F;5;5375;no
1695;F;Ship;5;1;189;2;medium;M;10;5248;no
1696;F;Ship;4;2;239;3;medium;F;5;5978;no
1697;D;Ship;4;3;185;2;low;M;3;5914;yes
1698;F;Ship;2;3;145;3;medium;F;24;7588;yes
1699;C;Ship;3;1;212;6;low;M;5;5339;no
1700;F;Ship;4;5;170;2;low;F;57;1533;yes
1701;D;Ship;3;2;144;10;high;F;3;5000;no
1702;A;Flight;5;5;177;2;high;F;31;2000;yes
1703;F;Ship;3;1;174;2;low;M;44;1556;yes
1704;A;Flight;3;1;222;3;medium;F;8;4650;yes
1705;C;Ship;2;3;234;4;low;M;44;3134;yes
1706;F;Ship;4;5;190;3;low;M;2;4554;no
1707;C;Road;2;1;130;4;medium;F;10;4726;no
1708;B;Ship;4;5;113;3;low;F;52;1741;yes
1709;D;Ship;3;4;245;10;medium;M;1;5363;no
1710;D;Road;2;3;170;8;low;M;61;1240;yes
1711;C;Ship;3;3;132;2;low;F;9;4355;yes
1712;B;Ship;3;3;104;5;low;F;5;4643;no
1713;F;Road;5;1;248;2;low;F;6;5281;no
1714;F;Ship;4;5;217;3;low;F;6;4848;yes
1715;C;Road;3;2;144;5;medium;M;43;1027;yes
1716;D;Ship;5;3;114;6;medium;F;60;1746;yes
1717;D;Road;4;5;244;2;medium;F;7;5325;yes
1718;F;Ship;3;4;216;8;medium;F;8;4616;no
1719;F;Ship;6;5;176;3;low;F;10;5307;no
1720;A;Flight;4;1;233;2;low;M;7;4403;yes
1721;F;Flight;3;3;214;2;medium;F;9;4185;no
1722;F;Ship;3;2;169;2;low;M;6;4033;no
1723;F;Ship;6;5;135;5;low;M;55;1078;yes
1724;B;Ship;4;5;185;2;low;F;47;3974;yes
1725;A;Flight;4;5;273;5;low;M;2;1441;no
1726;F;Ship;5;2;173;2;low;M;7;5836;no
1727;F;Ship;7;5;254;4;medium;F;6;1491;yes
1728;A;Ship;2;3;118;4;medium;M;7;5510;no
1729;A;Flight;4;2;180;2;medium;F;10;5666;yes
1730;F;Ship;4;4;133;4;high;F;10;5296;no
1731;A;Ship;2;4;126;5;medium;M;2;5461;no
1732;F;Ship;5;3;154;2;medium;M;8;4006;no
1733;B;Ship;7;2;254;4;medium;F;9;1788;no
1734;F;Ship;3;1;196;3;low;F;64;2911;yes
1735;F;Road;3;1;238;3;medium;F;6;5092;no
1736;F;Ship;5;5;243;2;medium;F;5;4709;no
1737;D;Ship;5;3;282;3;medium;M;5;4644;yes
1738;C;Ship;3;3;147;3;low;M;4;5805;no
1739;C;Ship;6;1;141;5;low;F;9;5113;no
1740;F;Ship;5;2;243;6;medium;M;7;1752;no
1741;B;Flight;6;2;288;4;medium;M;9;1405;yes
1742;A;Ship;5;4;134;2;low;F;20;1549;yes
1743;C;Flight;5;1;255;5;low;M;3;1574;yes
1744;A;Road;2;3;263;3;low;M;10;5997;no
1745;A;Road;3;1;158;2;low;M;2;1284;yes
1746;F;Ship;3;3;253;2;low;M;5;4112;yes
1747;D;Flight;5;1;195;6;high;F;8;4944;yes
1748;B;Road;7;1;307;4;low;F;8;1339;no
1749;F;Ship;4;4;159;3;medium;M;3;5545;no
1750;F;Ship;5;1;252;3;medium;M;2;4339;no
1751;A;Ship;6;1;232;5;high;M;10;4345;no
1752;C;Ship;5;1;149;2;low;M;9;5435;no
1753;A;Flight;5;4;143;5;medium;F;5;4393;yes
1754;F;Ship;4;2;197;3;low;F;6;5826;no
1755;C;Ship;3;5;147;3;medium;M;8;5272;yes
1756;F;Ship;4;5;161;3;medium;F;2;5378;no
1757;F;Ship;4;2;216;3;low;M;2;4750;yes
1758;F;Ship;3;5;251;4;medium;F;3;5215;yes
1759;A;Ship;4;3;118;5;low;F;15;1601;yes
1760;B;Road;4;4;228;3;medium;F;12;3359;yes
1761;F;Ship;3;4;148;5;medium;F;50;1540;yes
1762;C;Ship;3;1;268;4;low;M;10;5226;yes
1763;A;Ship;4;2;137;2;medium;F;2;5804;yes
1764;F;Ship;4;3;149;6;medium;M;5;5456;yes
1765;D;Ship;6;1;268;4;low;F;1;1654;yes
1766;F;Ship;4;5;265;2;medium;F;18;2969;yes
1767;F;Ship;3;3;259;8;high;F;6;5939;no
1768;F;Ship;2;4;167;2;medium;M;1;4344;no
1769;F;Ship;4;4;220;3;low;F;4;5622;no
1770;B;Ship;6;3;219;5;low;M;9;1483;yes
1771;F;Road;4;4;238;4;high;M;1;5702;yes
1772;B;Road;3;3;151;3;low;F;24;1139;yes
1773;F;Ship;7;5;278;4;low;M;1;1210;no
1774;B;Road;5;5;161;5;high;F;54;1511;yes
1775;F;Ship;5;1;201;3;medium;M;19;2696;yes
1776;A;Ship;3;1;189;2;low;F;5;4738;no
1777;A;Ship;3;2;224;3;medium;M;8;5869;no
1778;B;Ship;5;1;220;5;low;F;4;1156;yes
1779;F;Ship;3;3;237;3;medium;M;47;3625;yes
1780;F;Ship;3;3;149;4;medium;F;3;5944;yes
1781;A;Road;4;4;162;3;low;F;8;5394;no
1782;F;Ship;3;4;170;7;low;M;7;4957;yes
1783;A;Ship;3;3;249;3;low;M;10;5184;no
1784;F;Ship;5;1;193;6;medium;F;4;5964;no
1785;F;Flight;5;4;135;4;medium;M;4;4541;no
1786;B;Ship;4;1;273;3;low;F;5;5323;no
1787;F;Ship;5;1;143;2;low;M;46;1387;yes
1788;B;Flight;4;1;212;3;low;M;2;4353;yes
1789;F;Ship;6;5;305;4;low;F;6;1787;yes
1790;A;Ship;5;4;227;2;medium;M;3;5904;no
1791;A;Ship;4;1;192;3;low;F;15;3460;yes
1792;F;Ship;2;4;258;3;medium;M;3;4811;no
1793;C;Flight;6;5;305;4;medium;M;10;1418;yes
1794;F;Ship;4;2;165;3;low;M;7;1702;yes
1795;F;Ship;5;5;162;3;high;F;31;1364;yes
1796;B;Ship;4;5;227;5;low;F;2;1804;yes
1797;D;Ship;3;2;223;2;low;F;10;4604;no
1798;D;Ship;3;5;149;2;medium;M;5;1023;no
1799;A;Ship;6;4;172;6;medium;F;10;5554;yes
1800;D;Ship;7;2;307;4;low;M;8;1551;no
1801;F;Ship;7;5;282;5;low;M;7;1260;yes
1802;A;Ship;4;2;133;3;low;M;2;1212;yes
1803;F;Ship;5;2;224;3;high;M;4;4271;no
1804;B;Ship;5;3;145;3;medium;M;1;5783;yes
1805;B;Ship;4;3;261;3;medium;M;1;4590;no
1806;C;Ship;3;3;262;2;medium;F;10;5032;no
1807;F;Ship;3;5;194;2;medium;F;7;4809;no
1808;B;Ship;4;3;160;2;low;M;5;4522;yes
1809;B;Ship;5;3;262;5;low;F;10;1197;yes
1810;B;Ship;5;2;140;3;medium;F;16;1969;yes
1811;C;Ship;3;5;204;2;medium;F;5;4504;yes
1812;A;Road;3;5;204;2;low;M;1;4133;no
1813;F;Ship;5;2;195;6;low;M;35;1852;yes
1814;B;Ship;4;5;193;4;low;M;33;2173;yes
1815;B;Flight;4;1;254;7;low;M;5;4104;yes
1816;F;Ship;3;4;248;3;medium;F;6;4932;no
1817;C;Flight;2;3;280;4;low;M;17;3555;yes
1818;F;Flight;4;1;259;7;medium;F;4;5102;no
1819;A;Ship;4;1;202;3;low;M;7;4788;no
1820;A;Ship;6;5;287;4;low;M;8;1465;no
1821;C;Ship;5;4;185;4;medium;M;31;3565;yes
1822;D;Road;4;4;231;2;low;F;4;5825;no
1823;C;Ship;3;4;145;8;low;F;24;1594;yes
1824;B;Flight;3;1;199;6;medium;F;7;4805;no
1825;B;Road;2;3;225;7;high;M;7;4009;yes
1826;B;Ship;5;4;258;2;low;F;8;4200;no
1827;D;Ship;4;3;148;2;low;M;29;1809;yes
1828;C;Ship;7;3;289;4;low;F;3;1037;yes
1829;F;Ship;3;3;167;4;medium;M;1;5301;no
1830;A;Ship;3;5;257;3;low;M;5;5657;no
1831;F;Ship;5;2;239;5;medium;M;24;2472;yes
1832;A;Ship;4;2;257;3;low;M;3;5549;yes
1833;A;Ship;5;5;262;6;low;M;10;1816;yes
1834;C;Road;4;3;201;4;medium;F;3;4797;no
1835;A;Road;4;4;206;3;low;M;2;5572;yes
1836;D;Ship;3;1;188;4;medium;F;8;5884;yes
1837;A;Flight;5;3;96;4;medium;F;12;1655;yes
1838;D;Road;5;5;161;3;low;F;1;4470;yes
1839;F;Ship;6;5;213;6;low;M;7;2709;yes
1840;B;Flight;4;3;149;3;medium;F;3;4781;yes
1841;A;Ship;3;2;232;3;low;F;64;3131;yes
1842;A;Road;3;1;154;3;medium;M;4;4631;no
1843;F;Ship;4;1;233;4;low;M;2;1809;no
1844;D;Ship;5;1;228;5;low;F;2;1950;yes
1845;D;Flight;6;1;260;4;medium;F;2;1131;no
1846;D;Ship;4;3;207;5;high;F;6;4145;no
1847;F;Flight;5;4;145;2;low;M;2;4753;no
1848;C;Road;5;3;258;3;medium;F;1;5719;no
1849;F;Flight;5;4;142;2;high;M;7;5341;no
1850;F;Ship;4;5;227;2;low;M;7;4414;no
1851;F;Road;3;4;202;3;medium;M;7;1946;no
1852;F;Flight;3;1;174;3;medium;F;2;4972;no
1853;C;Flight;4;3;150;3;high;F;2;4383;no
1854;A;Flight;4;5;154;3;medium;F;9;5208;no
1855;A;Road;3;1;155;2;low;M;7;4221;yes
1856;F;Ship;4;5;136;3;low;F;1;4585;yes
1857;D;Ship;3;3;157;3;low;M;9;5807;yes
1858;F;Ship;3;1;266;3;low;M;6;4010;no
1859;F;Ship;5;5;141;2;medium;M;14;1114;yes
1860;C;Ship;3;4;238;2;medium;F;1;4991;yes
1861;B;Ship;5;3;250;5;low;M;12;2722;yes
1862;F;Ship;4;2;262;6;medium;F;4;1644;yes
1863;C;Ship;4;3;163;3;low;F;7;4556;no
1864;B;Flight;3;3;220;3;low;F;10;5234;yes
1865;C;Flight;4;4;260;3;low;M;9;4224;no
1866;B;Ship;3;2;256;2;medium;F;9;4228;yes
1867;B;Flight;4;3;261;6;low;F;6;5068;no
1868;F;Road;3;1;258;2;medium;M;11;2791;yes
1869;A;Ship;4;5;156;3;low;F;2;1127;yes
1870;D;Ship;2;4;252;4;medium;M;4;4787;no
1871;B;Road;6;5;141;3;medium;M;8;5031;no
1872;F;Flight;2;4;258;3;medium;M;7;5736;no
1873;D;Road;3;1;101;2;medium;F;1;5560;no
1874;B;Flight;5;5;267;3;medium;M;9;4775;yes
1875;A;Ship;4;5;201;3;low;M;7;4048;no
1876;D;Ship;3;4;272;4;low;F;23;2048;yes
1877;B;Flight;3;4;200;4;medium;F;8;4944;no
1878;F;Flight;6;3;266;4;low;F;9;1106;yes
1879;C;Ship;7;4;261;5;low;M;6;1334;no
1880;F;Ship;3;2;100;4;low;F;10;5163;no
1881;B;Ship;4;3;142;4;low;M;29;1420;yes
1882;F;Ship;6;2;103;4;medium;M;37;1093;yes
1883;F;Ship;4;1;222;3;medium;M;25;2582;yes
1884;F;Road;4;3;270;5;low;F;3;1786;yes
1885;F;Ship;5;5;239;3;low;M;5;4122;no
1886;A;Road;3;4;202;3;medium;M;28;3707;yes
1887;C;Ship;3;4;174;3;medium;F;4;4051;no
1888;C;Ship;4;5;261;2;high;M;49;3045;yes
1889;A;Ship;6;2;144;7;high;M;1;5501;no
1890;F;Ship;6;4;221;10;medium;M;42;2972;yes
1891;B;Ship;6;5;294;4;medium;M;10;1628;yes
1892;C;Flight;4;4;209;3;medium;M;7;4717;yes
1893;D;Ship;4;4;184;3;low;M;4;1330;yes
1894;F;Ship;4;5;160;2;medium;F;8;5234;no
1895;F;Ship;4;2;238;3;low;F;28;1040;yes
1896;F;Ship;4;1;114;3;medium;F;9;1240;yes
1897;F;Ship;3;2;162;4;low;M;25;1316;yes
1898;F;Flight;4;4;137;3;medium;F;8;4066;yes
1899;A;Ship;3;1;140;2;medium;F;55;1339;yes
1900;F;Ship;2;1;209;5;low;F;64;2016;yes
1901;F;Road;6;1;250;2;medium;M;4;4016;no
1902;A;Ship;5;5;245;5;low;F;1;1924;yes
1903;F;Ship;4;3;244;3;low;M;9;5339;no
1904;D;Ship;3;1;175;3;medium;M;1;4872;no
1905;F;Ship;3;5;233;3;medium;F;7;5787;no
1906;D;Ship;4;2;206;7;high;M;3;4991;no
1907;C;Ship;3;4;154;2;high;F;2;4998;no
1908;A;Road;3;3;120;3;low;F;55;1534;yes
1909;F;Ship;5;5;207;4;low;F;1;5035;no
1910;A;Ship;3;2;157;2;medium;M;53;1390;yes
1911;F;Ship;4;3;153;3;medium;F;6;5748;no
1912;C;Ship;6;2;246;4;low;M;4;1555;no
1913;F;Ship;4;5;224;2;low;M;8;5871;no
1914;F;Ship;5;3;171;3;low;F;7;4946;no
1915;C;Road;6;1;235;6;medium;M;3;5591;no
1916;A;Ship;4;2;238;3;low;F;3;5265;yes
1917;F;Ship;4;4;147;4;low;F;8;5882;no
1918;F;Flight;5;3;202;6;low;F;34;2936;yes
1919;A;Flight;3;5;190;5;high;F;7;4457;no
1920;F;Ship;3;2;133;3;medium;M;10;5803;no
1921;F;Ship;2;3;164;2;medium;M;64;1689;yes
1922;F;Ship;6;4;251;4;low;F;10;1568;yes
1923;D;Ship;3;3;223;3;low;M;10;5243;yes
1924;F;Road;4;2;197;3;low;M;2;4113;yes
1925;D;Flight;5;1;189;3;medium;F;14;3318;yes
1926;F;Ship;3;2;144;3;high;M;1;5307;no
1927;D;Ship;4;2;160;3;low;M;5;4492;no
1928;F;Road;3;2;193;3;low;F;7;5224;no
1929;F;Road;3;1;201;6;medium;M;10;5077;yes
1930;C;Ship;3;4;191;4;medium;F;43;2903;yes
1931;B;Road;3;1;133;3;low;F;9;5724;no
1932;A;Ship;3;1;266;3;low;F;8;4574;no
1933;F;Ship;5;1;269;3;medium;F;2;2136;yes
1934;A;Ship;6;5;258;4;low;M;5;1558;no
1935;F;Ship;4;4;265;4;medium;F;6;4607;yes
1936;F;Ship;5;4;267;2;medium;M;4;4053;no
1937;D;Ship;4;3;161;2;medium;M;3;4391;yes
1938;A;Ship;3;2;167;3;medium;M;5;5995;yes
1939;F;Ship;4;2;268;2;medium;F;8;4219;no
1940;C;Ship;4;1;274;4;medium;F;42;2430;yes
1941;F;Ship;4;5;145;3;medium;M;45;1059;yes
1942;B;Ship;3;1;236;2;high;M;2;3949;yes
1943;D;Ship;4;3;170;3;medium;F;2;5330;yes
1944;C;Ship;2;5;264;3;medium;F;3;4320;yes
1945;B;Ship;4;1;233;6;medium;F;2;5406;no
1946;C;Ship;3;5;181;2;low;M;29;2217;yes
1947;A;Ship;3;1;183;2;low;M;5;5329;yes
1948;D;Flight;4;3;164;3;medium;F;4;4495;no
1949;B;Ship;4;5;171;3;low;F;21;1683;yes
1950;B;Ship;4;5;211;4;medium;F;10;4004;no
1951;F;Road;5;2;195;6;low;M;38;1338;yes
1952;F;Ship;3;4;176;3;medium;M;4;5623;no
1953;F;Ship;5;1;161;3;low;M;47;1954;yes
1954;F;Ship;3;5;177;4;high;M;9;5311;no
1955;D;Road;7;5;250;4;low;F;2;1296;no
1956;B;Ship;6;2;294;4;low;M;35;1625;yes
1957;F;Ship;3;2;167;2;low;M;3;4722;yes
1958;A;Ship;4;4;173;3;high;F;9;5382;yes
1959;F;Ship;5;1;193;2;medium;F;1;4450;no
1960;A;Ship;4;1;143;3;medium;F;28;1197;yes
1961;B;Ship;4;5;135;3;low;M;1;5013;no
1962;B;Road;7;1;296;4;low;F;10;1230;yes
1963;B;Ship;4;1;233;2;medium;F;60;2671;yes
1964;F;Ship;3;2;168;3;medium;M;10;4979;yes
1965;F;Ship;5;2;248;5;low;M;4;1284;yes
1966;F;Ship;3;3;243;3;medium;F;27;2052;yes
1967;C;Flight;4;3;155;3;high;F;2;4534;no
1968;C;Ship;4;5;146;4;low;F;25;1606;yes
1969;C;Flight;4;4;214;3;low;M;36;2684;yes
1970;B;Ship;3;2;206;2;low;M;3;2261;yes
1971;F;Ship;5;4;232;5;medium;M;5;1861;no
1972;A;Ship;3;2;173;3;low;F;15;1992;yes
1973;C;Ship;3;1;238;3;low;M;17;2624;yes
1974;F;Flight;4;5;232;3;low;F;8;5923;no
1975;A;Ship;3;4;148;3;low;M;37;1523;yes
1976;A;Flight;4;3;152;3;low;M;43;1009;yes
1977;D;Ship;3;5;113;2;low;F;19;1660;yes
1978;A;Ship;5;3;245;3;medium;F;5;5663;no
1979;B;Ship;4;2;251;6;medium;F;1;1154;yes
1980;D;Ship;3;3;217;3;low;F;6;4887;no
1981;A;Road;4;5;234;4;medium;M;9;5769;no
1982;F;Flight;4;4;148;2;low;M;4;5437;no
1983;C;Ship;4;4;241;3;low;F;8;5206;yes
1984;F;Ship;2;2;190;2;medium;M;7;4075;no
1985;F;Ship;3;4;228;2;medium;M;65;3943;yes
1986;B;Ship;3;3;261;8;medium;M;3;4007;yes
1987;B;Ship;3;2;161;3;medium;F;1;5757;no
1988;D;Ship;3;3;182;4;low;F;2;4746;yes
1989;B;Ship;3;2;138;3;medium;F;34;1159;yes
1990;F;Road;4;4;177;4;medium;F;32;1774;yes
1991;C;Flight;3;1;138;3;medium;F;7;5534;no
1992;F;Ship;6;5;268;4;low;M;7;1600;yes
1993;F;Road;3;5;226;3;medium;M;55;2465;yes
1994;A;Road;3;5;267;2;high;M;1;4195;yes
1995;F;Ship;3;5;171;3;medium;F;7;5318;yes
1996;D;Ship;3;3;145;3;medium;F;8;4522;no
1997;C;Ship;6;2;263;4;low;F;1;1258;yes
1998;D;Road;3;3;227;3;medium;M;3;5644;no
1999;C;Ship;5;4;184;3;low;F;1;4208;yes
2000;F;Ship;4;4;250;3;low;M;10;4505;no
2001;C;Ship;4;4;234;5;low;M;7;1871;no
2002;C;Ship;5;5;249;5;medium;M;5;1662;yes
2003;F;Flight;4;5;260;3;high;M;10;4919;no
2004;F;Ship;4;3;157;7;low;F;3;4878;yes
2005;A;Flight;3;5;265;10;low;M;6;4380;no
2006;F;Road;7;5;275;4;low;F;3;1107;no
2007;D;Ship;4;5;226;5;medium;M;8;1133;no
2008;D;Ship;6;3;213;3;low;M;17;1656;yes
2009;F;Road;5;3;229;5;low;F;10;1951;no
2010;A;Flight;5;2;162;4;medium;M;7;5477;yes
2011;F;Ship;4;3;173;3;medium;M;5;5331;yes
2012;F;Flight;3;3;229;3;low;M;14;2164;yes
2013;B;Ship;2;5;264;5;medium;F;1;4426;no
2014;A;Flight;6;3;245;4;low;M;2;1158;yes
2015;A;Ship;7;5;301;4;low;F;7;1727;no
2016;D;Road;3;3;199;2;low;M;4;3553;yes
2017;D;Road;3;2;250;3;medium;F;4;5361;no
2018;F;Ship;5;3;208;3;medium;M;35;3884;yes
2019;F;Ship;3;3;253;3;high;M;1;4263;yes
2020;F;Road;5;4;236;4;medium;M;6;4457;no
2021;D;Ship;6;3;219;4;medium;M;6;4885;yes
2022;F;Ship;4;3;212;2;low;M;8;5513;no
2023;A;Flight;4;1;204;3;medium;M;3;4310;no
2024;B;Road;5;4;260;3;low;M;8;4535;no
2025;B;Ship;3;3;238;2;medium;F;4;4206;no
2026;C;Road;2;1;145;2;low;F;49;1177;yes
2027;B;Ship;3;3;151;6;low;F;6;4279;no
2028;F;Road;4;1;232;3;medium;M;55;2686;yes
2029;C;Ship;2;4;158;5;medium;F;2;4303;yes
2030;C;Ship;4;2;245;2;low;M;8;5871;yes
2031;B;Road;3;2;216;2;low;F;1;4350;yes
2032;D;Ship;4;1;191;3;low;F;8;4021;yes
2033;F;Road;3;4;218;3;medium;F;4;3534;yes
2034;C;Ship;6;1;286;4;medium;M;10;1177;yes
2035;F;Ship;3;1;185;2;medium;M;8;5430;yes
2036;B;Flight;4;3;248;5;low;M;3;1093;no
2037;F;Ship;4;2;270;2;low;M;65;3599;yes
2038;A;Road;3;1;133;3;medium;M;6;5464;yes
2039;A;Ship;3;4;198;2;low;M;25;2774;yes
2040;F;Flight;6;5;268;4;low;F;2;1324;no
2041;A;Ship;4;3;228;3;medium;F;1;5408;yes
2042;B;Road;5;2;137;3;medium;M;47;1023;yes
2043;D;Ship;4;4;226;5;low;M;1;1761;no
2044;C;Ship;4;2;240;3;medium;M;9;5170;yes
2045;A;Ship;3;1;271;2;medium;F;7;4569;no
2046;D;Ship;3;2;189;2;low;M;6;4488;yes
2047;C;Flight;3;1;157;2;medium;M;7;5560;no
2048;A;Road;3;4;165;3;low;F;4;4482;no
2049;F;Ship;5;3;264;2;low;F;61;2025;yes
2050;F;Ship;5;1;279;5;medium;M;4;4405;yes
2051;F;Ship;5;4;231;2;medium;F;7;5491;yes
2052;F;Flight;6;4;266;4;low;M;9;1253;yes
2053;D;Road;4;1;202;3;high;M;59;2563;yes
2054;F;Ship;3;3;225;4;low;F;9;5468;yes
2055;C;Ship;6;2;146;3;low;F;62;1936;yes
2056;B;Road;4;3;159;2;high;M;3;5731;yes
2057;C;Ship;4;2;195;2;medium;M;10;4640;no
2058;A;Road;3;4;182;3;medium;F;7;5409;yes
2059;F;Flight;4;1;271;4;medium;F;2;4133;yes
2060;B;Flight;6;2;159;5;medium;F;22;1247;yes
2061;F;Road;4;4;151;3;medium;F;6;1930;yes
2062;C;Ship;4;3;183;2;low;F;32;3709;yes
2063;F;Ship;4;2;230;3;high;F;5;5888;no
2064;D;Ship;2;2;236;3;medium;M;3;3416;yes
2065;A;Ship;3;5;222;4;medium;F;9;4247;no
2066;F;Flight;4;5;259;3;medium;M;10;4921;yes
2067;F;Ship;3;1;225;4;low;M;29;3496;yes
2068;C;Ship;5;4;154;5;low;M;6;5659;yes
2069;F;Ship;5;2;243;5;medium;F;4;1385;no
2070;A;Flight;2;2;242;6;low;F;63;3144;yes
2071;D;Ship;3;2;190;3;low;M;37;3315;yes
2072;F;Ship;6;1;113;2;medium;F;7;5234;yes
2073;F;Road;3;3;153;3;low;F;3;4829;no
2074;C;Ship;3;3;207;3;low;F;62;3277;yes
2075;D;Ship;4;4;244;3;medium;F;55;2782;yes
2076;A;Ship;3;1;110;4;medium;F;6;5474;yes
2077;C;Flight;5;2;254;3;medium;F;8;5892;yes
2078;D;Flight;6;1;173;3;medium;F;2;4892;no
2079;D;Flight;5;5;236;3;high;M;34;3455;yes
2080;F;Road;4;2;249;5;medium;M;36;3836;yes
2081;F;Ship;5;5;257;5;medium;F;6;1101;no
2082;D;Ship;6;1;264;3;high;F;5;4435;yes
2083;F;Ship;3;4;181;4;medium;F;3;5163;yes
2084;A;Road;4;4;145;3;low;F;43;1651;yes
2085;F;Ship;5;1;179;2;low;F;3;5417;no
2086;A;Ship;4;4;192;3;low;F;25;2443;yes
2087;C;Ship;4;4;161;3;low;M;2;5257;no
2088;C;Ship;6;5;265;4;low;M;7;1404;yes
2089;B;Flight;4;3;227;3;low;F;45;2707;yes
2090;A;Road;4;5;155;3;medium;M;3;5939;yes
2091;B;Ship;3;1;202;3;medium;M;5;1556;yes
2092;C;Ship;4;3;165;3;low;M;4;1484;yes
2093;F;Ship;3;1;153;4;medium;F;1;4608;no
2094;F;Ship;4;2;218;3;low;F;2;4949;no
2095;D;Ship;4;5;208;2;low;M;1;4039;no
2096;F;Ship;4;1;152;3;high;M;26;1464;yes
2097;C;Road;3;4;186;4;low;F;6;5540;no
2098;B;Ship;4;3;187;4;high;F;29;3141;yes
2099;F;Ship;3;5;119;3;medium;M;7;1021;yes
2100;A;Road;3;3;245;2;low;F;4;4719;yes
2101;A;Ship;3;5;192;2;low;F;7;5069;yes
2102;F;Ship;4;2;246;2;low;M;2;4497;yes
2103;F;Ship;3;5;146;3;medium;F;30;1569;yes
2104;C;Ship;6;3;153;6;medium;F;7;4975;yes
2105;F;Ship;6;5;304;4;low;M;8;1755;yes
2106;A;Flight;6;4;279;4;low;F;10;1462;yes
2107;F;Flight;3;2;219;4;low;F;6;4314;yes
2108;D;Road;3;4;195;7;medium;F;9;5829;no
2109;F;Ship;3;3;109;2;medium;M;18;1661;yes
2110;F;Ship;3;4;267;3;medium;F;62;3589;yes
2111;B;Road;4;2;168;3;low;M;59;1717;yes
2112;F;Ship;4;5;182;2;medium;F;10;5098;yes
2113;C;Ship;3;5;205;6;low;F;25;2232;yes
2114;F;Flight;3;4;171;3;medium;F;5;4310;yes
2115;C;Flight;3;5;138;2;medium;M;1;4881;yes
2116;A;Ship;4;4;247;2;medium;M;9;5095;no
2117;C;Ship;4;4;173;3;medium;F;61;1609;yes
2118;C;Ship;4;1;229;4;medium;F;2;5378;yes
2119;C;Ship;3;4;252;2;medium;F;6;4040;yes
2120;D;Ship;5;1;255;3;high;M;6;4044;yes
2121;D;Ship;2;5;204;10;low;F;1;4709;no
2122;A;Ship;3;4;148;2;low;M;54;1778;yes
2123;F;Ship;3;1;266;3;low;M;5;5154;no
2124;F;Ship;6;3;287;4;low;M;3;1824;no
2125;C;Ship;4;1;205;3;low;F;10;4923;no
2126;F;Ship;3;2;238;2;low;M;19;2196;yes
2127;F;Ship;4;4;263;3;medium;M;10;4680;no
2128;F;Road;6;2;181;4;high;F;6;3003;yes
2129;A;Ship;5;3;257;5;low;F;3;1262;yes
2130;F;Ship;5;4;256;5;low;M;2;1723;yes
2131;F;Flight;4;5;236;7;medium;F;44;3808;yes
2132;A;Ship;3;3;163;3;low;M;5;5638;no
2133;D;Ship;5;1;171;2;low;M;9;5252;no
2134;C;Flight;3;2;251;2;medium;F;4;4074;no
2135;D;Ship;5;2;268;5;medium;F;2;1061;yes
2136;C;Ship;3;2;159;3;medium;M;4;5577;yes
2137;C;Ship;4;2;237;3;low;F;7;4785;no
2138;F;Flight;5;1;282;5;low;M;6;5182;yes
2139;C;Ship;4;5;240;5;medium;M;8;4314;no
2140;F;Ship;4;3;134;3;high;F;22;1629;yes
2141;F;Ship;4;5;201;2;high;F;2;4657;no
2142;C;Ship;3;4;162;4;medium;M;10;4235;no
2143;F;Ship;5;2;133;10;medium;M;53;1674;yes
2144;D;Flight;6;4;171;5;medium;M;9;4376;yes
2145;F;Ship;6;5;255;4;low;F;9;1113;no
2146;A;Ship;5;1;236;6;medium;F;4;1705;no
2147;B;Ship;5;4;242;5;medium;M;1;1824;yes
2148;A;Ship;3;4;273;2;medium;M;2;4219;yes
2149;D;Ship;4;1;230;3;medium;M;40;2225;yes
2150;C;Ship;4;1;171;2;medium;F;10;4536;no
2151;D;Road;4;5;201;3;medium;M;41;3563;yes
2152;B;Flight;3;5;202;4;medium;F;7;4458;no
2153;B;Ship;3;3;272;3;low;M;2;4059;yes
2154;C;Flight;3;3;123;5;medium;F;5;4292;no
2155;C;Road;5;3;202;3;low;M;4;4134;yes
2156;D;Ship;5;5;239;3;high;M;18;2495;yes
2157;C;Road;4;3;180;3;low;M;7;5718;no
2158;F;Road;3;1;135;2;low;M;7;5682;no
2159;D;Flight;4;2;230;3;medium;M;33;3602;yes
2160;A;Ship;6;4;278;5;low;M;5;1180;no
2161;F;Flight;5;4;280;6;medium;F;51;3582;yes
2162;F;Flight;4;4;175;3;low;F;6;4600;yes
2163;F;Ship;3;2;132;2;medium;M;6;1185;yes
2164;A;Ship;3;4;250;3;low;M;6;4830;yes
2165;F;Ship;7;3;256;4;medium;M;4;1628;no
2166;F;Ship;3;4;168;3;medium;F;3;5303;yes
2167;F;Road;4;1;157;7;low;F;7;4385;no
2168;A;Ship;3;2;206;3;high;F;1;4431;yes
2169;A;Ship;4;3;216;2;low;F;6;4005;no
2170;F;Ship;3;3;129;3;high;M;7;5197;yes
2171;B;Flight;5;4;257;5;low;F;1;1778;yes
2172;F;Flight;7;2;288;4;high;M;4;1321;no
2173;B;Ship;3;2;184;4;medium;F;10;2972;yes
2174;D;Ship;4;3;136;4;low;M;10;5911;no
2175;F;Road;6;4;287;4;medium;F;10;1811;yes
2176;F;Ship;6;1;309;4;medium;M;9;1305;no
2177;C;Ship;3;1;269;3;low;M;47;3033;yes
2178;C;Ship;4;4;223;4;low;M;1;4219;no
2179;A;Flight;3;5;188;2;low;F;12;2711;yes
2180;D;Ship;2;2;169;3;medium;F;4;5485;yes
2181;A;Flight;4;5;167;2;low;F;10;5067;no
2182;C;Ship;4;3;231;3;medium;M;8;4991;no
2183;F;Ship;5;2;239;2;medium;F;59;2897;yes
2184;A;Road;5;3;230;3;medium;M;4;4914;yes
2185;B;Ship;3;5;268;2;medium;F;10;5895;no
2186;F;Ship;4;3;269;5;low;M;2;1273;yes
2187;F;Ship;4;2;196;5;low;M;5;4994;no
2188;F;Flight;5;2;219;5;low;M;10;1276;no
2189;C;Ship;4;5;228;5;medium;F;4;1618;no
2190;A;Ship;4;2;243;5;medium;F;4;1633;yes
2191;B;Road;4;1;238;5;medium;F;3;1913;no
2192;A;Road;2;4;273;4;low;F;7;4743;yes
2193;F;Ship;3;1;189;3;low;F;3;5866;yes
2194;C;Ship;4;3;257;5;medium;F;9;1080;no
2195;C;Ship;4;4;213;2;low;F;27;2938;yes
2196;F;Ship;5;1;257;6;low;F;1;1150;no
2197;F;Ship;5;2;243;5;medium;F;4;1013;yes
2198;C;Ship;4;5;240;6;medium;F;9;5498;yes
2199;B;Ship;3;4;270;3;medium;F;10;5417;no
2200;B;Road;4;2;186;3;low;M;6;4524;no
2201;C;Ship;4;1;261;5;low;F;6;1129;no
2202;F;Ship;2;1;149;4;medium;F;7;5434;no
2203;F;Ship;4;3;245;4;medium;M;8;5982;yes
2204;F;Flight;6;1;247;6;medium;F;6;4691;no
2205;B;Ship;6;1;301;4;low;F;3;1200;yes
2206;A;Ship;5;3;220;3;low;F;9;5324;no
2207;D;Flight;4;1;274;6;low;M;8;1141;yes
2208;B;Flight;3;5;176;3;high;F;1;1982;yes
2209;A;Ship;2;5;166;4;medium;F;3;4638;no
2210;F;Road;5;2;224;2;medium;F;10;5674;no
2211;F;Ship;7;5;267;4;medium;F;10;1067;no
2212;F;Ship;6;2;269;4;medium;F;10;1166;no
2213;B;Flight;4;4;261;3;low;F;33;3678;yes
2214;C;Road;4;5;142;2;low;M;2;5150;yes
2215;C;Ship;4;5;201;3;low;F;1;5898;yes
2216;F;Road;5;1;236;5;medium;M;10;1961;no
2217;D;Ship;5;3;127;3;low;F;43;1446;yes
2218;A;Ship;4;2;213;3;medium;M;8;5214;yes
2219;F;Ship;3;4;274;3;medium;M;19;3076;yes
2220;A;Ship;5;2;121;5;high;F;4;5833;no
2221;A;Ship;4;2;247;4;high;F;9;4588;yes
2222;F;Ship;6;2;304;4;low;F;9;1392;no
2223;D;Ship;4;3;167;3;high;F;4;6000;yes
2224;C;Flight;5;1;158;4;medium;F;4;5687;yes
2225;D;Ship;3;5;222;3;low;M;4;5149;no
2226;C;Ship;3;1;175;3;low;M;6;4695;no
2227;C;Ship;4;3;158;2;low;M;46;1374;yes
2228;A;Ship;3;2;150;3;low;M;1;5825;no
2229;B;Road;4;2;238;5;medium;M;9;4618;no
2230;F;Flight;5;3;98;5;medium;M;44;1269;yes
2231;A;Ship;5;3;235;4;medium;F;10;4011;no
2232;F;Ship;4;1;249;6;medium;M;2;5720;yes
2233;C;Ship;6;3;195;2;medium;M;21;3869;yes
2234;D;Road;3;5;194;3;medium;F;3;4435;yes
2235;F;Ship;6;5;307;4;high;M;3;1406;no
2236;B;Ship;5;2;132;2;medium;M;8;1665;yes
2237;F;Ship;6;5;210;5;high;M;37;3236;yes
2238;D;Ship;4;2;259;5;medium;F;2;1054;no
2239;A;Flight;4;5;259;2;medium;M;15;2381;yes
2240;F;Ship;4;3;254;4;low;M;9;4492;no
2241;F;Ship;2;2;177;5;low;M;36;1249;yes
2242;F;Flight;5;4;151;5;low;F;1;4122;no
2243;A;Ship;4;2;139;3;medium;M;5;1674;yes
2244;F;Ship;3;3;137;3;medium;M;1;5490;yes
2245;F;Ship;3;2;229;6;medium;F;3;5689;yes
2246;F;Ship;3;3;111;3;medium;M;54;1712;yes
2247;C;Flight;3;4;143;2;medium;F;6;1194;yes
2248;C;Ship;3;3;142;6;medium;F;2;5748;yes
2249;B;Ship;4;3;253;5;low;F;10;1464;no
2250;F;Road;4;5;179;3;low;F;4;4487;no
2251;F;Ship;4;1;164;3;low;M;4;5910;no
2252;B;Ship;4;3;263;3;low;M;4;4150;yes
2253;F;Ship;5;2;176;4;low;M;10;5532;no
2254;A;Flight;4;4;270;3;low;M;12;3279;yes
2255;A;Ship;3;1;203;3;medium;F;4;4965;no
2256;B;Ship;4;1;300;5;medium;M;;1027;no
2257;F;Ship;4;1;260;2;low;F;1;5001;yes
2258;F;Ship;3;2;183;3;medium;F;25;2023;yes
2259;B;Ship;3;3;202;2;medium;M;39;3857;yes
2260;D;Ship;2;3;163;3;low;F;4;4862;no
2261;B;Ship;5;5;236;5;low;F;7;1137;no
2262;F;Ship;3;5;154;2;medium;M;6;4744;no
2263;F;Ship;3;5;245;4;low;M;8;5600;no
2264;F;Ship;3;4;134;3;low;F;9;4436;no
2265;F;Ship;4;4;212;2;medium;F;6;4117;yes
2266;C;Ship;4;2;218;2;high;M;1;2990;yes
2267;B;Ship;5;5;257;4;medium;M;31;2040;yes
2268;A;Ship;4;2;296;2;medium;F;2;1233;no
2269;F;Road;5;2;146;7;low;F;9;5631;no
2270;C;Ship;4;3;154;3;low;M;33;1101;yes
2271;F;Flight;5;2;217;2;medium;F;6;4120;yes
2272;B;Flight;5;2;232;3;low;M;5;5607;yes
2273;F;Ship;6;2;282;5;medium;M;5;1818;yes
2274;A;Ship;3;3;177;4;medium;F;4;1560;yes
2275;D;Ship;4;3;261;3;medium;F;2;4028;no
2276;B;Ship;6;4;291;4;low;F;8;1131;no
2277;B;Ship;3;2;226;3;medium;M;3;4940;yes
2278;B;Road;2;4;140;3;low;M;32;1819;yes
2279;D;Ship;5;3;174;6;high;F;41;1085;yes
2280;C;Flight;3;3;175;2;medium;M;2;4814;no
2281;F;Ship;5;3;245;5;low;F;1;1605;no
2282;F;Ship;5;3;216;3;low;F;40;2146;yes
2283;C;Ship;5;2;134;4;low;M;5;5090;no
2284;B;Ship;5;5;229;2;medium;F;59;3844;yes
2285;F;Road;4;5;135;2;high;F;22;1195;yes
2286;B;Ship;2;1;274;10;high;F;1;5622;no
2287;B;Ship;3;1;210;2;low;M;9;5932;no
2288;B;Ship;4;3;247;3;low;F;4;4962;yes
2289;B;Flight;4;5;234;3;medium;F;10;4204;yes
2290;C;Flight;4;3;254;2;low;M;3;5546;no
2291;F;Ship;5;3;137;3;low;M;6;5357;no
2292;F;Flight;4;5;157;4;medium;F;12;1038;yes
2293;B;Ship;3;1;169;10;medium;F;15;1107;yes
2294;C;Road;2;3;155;3;low;F;45;1639;yes
2295;B;Ship;4;1;145;6;low;M;32;1673;yes
2296;B;Ship;6;2;278;3;medium;F;3;2974;yes
2297;B;Road;4;2;202;4;low;F;1;3602;yes
2298;F;Ship;5;2;176;4;low;M;2;4893;no
2299;F;Flight;4;1;260;4;low;M;2;4091;yes
2300;F;Flight;3;1;233;3;medium;M;1;2744;yes
2301;B;Road;4;5;219;5;low;M;2;1260;no
2302;C;Ship;4;2;216;3;low;F;12;2273;yes
2303;A;Road;5;3;213;4;medium;F;50;2003;yes
2304;A;Road;3;3;237;3;medium;M;6;4918;no
2305;B;Ship;5;4;250;4;low;M;2;4183;no
2306;F;Ship;5;3;140;5;medium;F;6;1823;no
2307;C;Ship;4;3;139;3;medium;F;47;1323;yes
2308;D;Road;3;4;270;6;low;F;7;4098;yes
2309;A;Ship;4;5;252;3;medium;F;4;5017;no
2310;A;Ship;3;5;212;2;low;F;3;5761;yes
2311;F;Ship;3;2;200;2;medium;F;46;3174;yes
2312;B;Ship;3;3;254;2;medium;M;8;4890;yes
2313;D;Flight;4;4;244;2;medium;F;7;5543;yes
2314;D;Flight;5;2;205;3;low;F;2;4270;no
2315;F;Ship;5;3;179;6;medium;M;1;4930;yes
2316;F;Ship;3;2;195;2;medium;M;9;5779;yes
2317;F;Ship;4;4;200;4;low;F;3;5583;yes
2318;A;Ship;7;3;307;4;low;M;4;1653;no
2319;F;Ship;5;5;256;5;low;F;10;1333;yes
2320;C;Ship;5;1;241;5;low;M;4;1348;yes
2321;C;Ship;3;2;253;2;medium;F;2;4567;no
2322;A;Ship;7;5;254;4;medium;F;1;1347;no
2323;B;Road;3;1;227;3;medium;F;47;3512;yes
2324;C;Ship;2;2;180;3;low;M;2;5033;yes
2325;C;Flight;4;2;257;4;high;M;58;2269;yes
2326;D;Road;3;2;265;3;low;F;49;2791;yes
2327;C;Ship;2;4;221;3;low;F;3;4076;no
2328;A;Road;5;5;239;6;low;F;1;1984;no
2329;F;Flight;3;3;168;4;low;F;2;4541;yes
2330;F;Ship;5;3;202;2;low;F;6;5716;no
2331;F;Ship;4;3;201;3;low;F;46;3641;yes
2332;B;Ship;3;2;264;3;low;F;8;5831;no
2333;B;Ship;5;3;137;4;low;F;9;4754;no
2334;A;Ship;5;5;271;2;medium;M;6;4788;yes
2335;B;Ship;2;3;164;2;low;M;56;1491;yes
2336;B;Ship;2;5;189;5;low;M;3;5292;no
2337;B;Ship;3;4;151;3;medium;F;3;4938;no
2338;C;Ship;6;5;248;4;low;F;10;1005;no
2339;F;Ship;5;1;248;8;low;F;2;4023;yes
2340;F;Flight;5;5;132;3;low;M;3;4263;no
2341;F;Flight;4;4;212;3;low;M;21;3307;yes
2342;A;Ship;6;1;117;7;medium;F;4;4211;no
2343;D;Flight;4;1;265;2;low;F;10;5418;yes
2344;B;Ship;4;3;245;6;low;F;3;1155;no
2345;C;Flight;3;1;250;3;low;M;1;4347;no
2346;F;Ship;3;3;261;3;low;M;2;5629;yes
2347;C;Flight;4;2;200;2;low;F;8;4222;no
2348;F;Ship;3;3;260;2;low;M;6;5044;no
2349;F;Ship;4;2;145;3;medium;F;4;5122;yes
2350;F;Ship;5;5;236;2;medium;M;2;5210;no
2351;D;Ship;4;2;223;5;medium;F;8;1559;yes
2352;A;Ship;3;4;210;3;low;F;7;2878;yes
2353;F;Ship;2;1;252;2;low;M;35;2526;yes
2354;B;Ship;3;1;154;10;medium;F;3;4524;no
2355;C;Ship;6;2;286;4;low;M;9;1418;no
2356;F;Road;4;1;272;4;high;M;1;5597;no
2357;F;Road;4;3;136;3;low;M;6;4911;yes
2358;A;Ship;3;5;267;2;high;M;2;5062;yes
2359;C;Ship;6;3;260;4;medium;M;9;1800;no
2360;B;Ship;4;3;211;2;low;F;6;5473;yes
2361;A;Ship;3;4;148;3;low;M;1;4387;no
2362;F;Ship;4;4;197;3;low;F;7;5099;no
2363;A;Ship;4;3;121;2;medium;M;11;1906;yes
2364;B;Flight;6;4;303;5;low;M;5;1195;yes
2365;B;Flight;5;4;258;2;medium;F;24;2878;yes
2366;F;Ship;3;2;188;5;medium;M;7;5673;no
2367;B;Flight;2;1;220;2;medium;F;6;4382;yes
2368;A;Road;2;5;273;2;high;M;5;4236;no
2369;C;Ship;4;5;187;2;low;M;44;3218;yes
2370;C;Flight;3;1;143;4;low;M;6;5474;no
2371;A;Ship;3;3;152;3;low;M;6;5749;yes
2372;D;Flight;5;4;150;2;low;M;60;1034;yes
2373;A;Flight;5;5;248;5;medium;M;8;1881;yes
2374;A;Ship;2;5;271;3;low;M;9;4185;no
2375;D;Ship;5;4;254;5;low;F;36;2039;yes
2376;B;Ship;2;1;241;3;medium;F;5;5697;yes
2377;D;Ship;4;3;224;3;medium;F;9;5283;yes
2378;C;Road;6;1;255;4;low;M;5;1253;yes
2379;D;Road;3;3;172;3;medium;F;42;1707;yes
2380;B;Ship;3;4;135;3;low;M;22;1378;yes
2381;B;Ship;4;3;244;3;low;M;7;4761;no
2382;A;Flight;4;1;219;3;low;M;3;5223;yes
2383;C;Ship;3;3;176;3;low;F;10;5284;yes
2384;B;Ship;6;5;292;4;low;M;4;1762;yes
2385;D;Ship;4;5;194;2;low;M;3;4724;yes
2386;B;Ship;6;4;296;4;medium;M;5;1782;yes
2387;F;Road;7;1;250;4;low;M;9;1890;yes
2388;F;Ship;6;3;98;6;low;M;9;4787;yes
2389;A;Ship;4;4;143;5;high;F;5;1027;yes
2390;D;Ship;4;4;204;2;low;M;29;2941;yes
2391;F;Ship;3;3;158;3;low;F;6;1878;yes
2392;B;Ship;6;3;265;5;medium;M;10;1897;no
2393;F;Ship;5;2;172;2;low;M;9;1097;no
2394;F;Ship;5;5;266;5;medium;M;7;1440;no
2395;B;Ship;4;3;203;2;low;M;8;5597;no
2396;F;Ship;2;3;211;3;medium;F;12;3296;yes
2397;F;Ship;3;1;250;2;medium;F;9;4753;no
2398;D;Ship;4;5;248;5;low;F;6;1754;no
2399;A;Ship;5;2;191;3;high;F;52;2028;yes
2400;A;Road;2;3;264;4;low;F;10;1648;yes
2401;D;Road;4;5;264;6;low;M;6;1637;no
2402;F;Ship;4;5;155;3;medium;M;8;4924;no
2403;F;Ship;6;3;280;4;low;M;2;1753;no
2404;C;Ship;3;3;200;3;low;M;4;3791;yes
2405;F;Ship;6;1;225;6;low;M;8;5714;yes
2406;B;Ship;5;5;254;5;low;F;35;2508;yes
2407;B;Ship;3;1;211;3;high;F;7;5178;no
2408;F;Ship;6;5;245;4;low;M;2;1832;yes
2409;F;Road;5;1;162;3;low;F;4;5869;yes
2410;F;Ship;3;4;168;3;low;M;5;5964;no
2411;F;Ship;4;1;239;5;low;F;1;1780;yes
2412;F;Road;5;3;240;5;low;M;4;1389;no
2413;C;Flight;2;1;156;3;medium;M;3;5937;no
2414;F;Ship;4;2;197;2;low;F;1;4977;no
2415;F;Flight;5;4;240;4;medium;F;2;5215;no
2416;C;Road;4;2;233;3;low;F;3;5740;yes
2417;F;Road;5;4;264;3;high;M;9;5841;yes
2418;F;Road;4;2;202;3;low;M;9;4955;no
2419;F;Ship;4;1;250;6;medium;F;7;1292;no
2420;A;Ship;5;4;259;3;low;F;38;3720;yes
2421;F;Road;6;3;276;4;low;F;5;1637;yes
2422;A;Ship;5;5;271;4;high;M;10;4305;yes
2423;C;Road;3;1;194;3;medium;F;4;5383;yes
2424;B;Ship;5;1;275;5;low;M;6;1156;yes
2425;A;Ship;3;1;273;6;low;M;1;1293;no
2426;F;Ship;5;2;274;3;medium;M;6;3375;yes
2427;D;Ship;4;2;182;2;medium;F;54;3261;yes
2428;A;Ship;3;1;274;4;medium;M;4;4057;no
2429;C;Ship;3;2;178;2;medium;F;2;4122;no
2430;A;Road;4;3;203;4;low;F;1;5274;no
2431;F;Flight;2;2;167;2;medium;F;3;5894;yes
2432;D;Ship;7;4;295;4;low;F;10;1217;yes
2433;B;Ship;5;3;252;2;medium;M;9;1809;no
2434;F;Ship;3;1;251;6;medium;M;10;4912;no
2435;D;Flight;6;2;268;4;low;M;7;1943;no
2436;F;Ship;5;1;144;4;low;M;37;1658;yes
2437;A;Flight;3;4;229;2;low;M;51;2628;yes
2438;F;Ship;3;2;151;2;low;F;3;4759;no
2439;C;Ship;3;2;170;3;low;M;9;4069;no
2440;B;Road;5;3;197;5;low;F;1;5581;no
2441;F;Ship;3;3;202;2;medium;F;1;5220;yes
2442;D;Ship;5;1;176;4;low;F;1;4270;yes
2443;D;Ship;3;4;254;2;medium;M;2;5957;no
2444;C;Ship;4;1;168;2;medium;F;1;5698;yes
2445;B;Ship;4;4;259;3;low;F;8;4223;yes
2446;F;Ship;6;2;307;4;low;F;9;1674;no
2447;A;Flight;7;5;289;4;low;M;10;1385;no
2448;C;Road;4;5;206;3;medium;M;5;5785;yes
2449;F;Ship;3;5;231;2;medium;M;49;2341;yes
2450;C;Road;4;4;161;3;high;F;59;1165;yes
2451;D;Ship;5;3;250;4;medium;F;4;1111;yes
2452;F;Flight;5;1;245;5;low;F;7;1092;no
2453;B;Ship;2;5;132;3;low;M;18;1759;yes
2454;D;Ship;3;3;180;3;medium;M;8;5953;yes
2455;C;Road;5;3;265;5;medium;F;6;1929;no
2456;D;Flight;5;4;251;4;low;M;8;4190;yes
2457;F;Ship;4;4;181;4;low;M;4;5767;no
2458;F;Ship;5;1;262;5;low;F;5;1916;yes
2459;D;Ship;2;5;155;3;low;M;23;1602;yes
2460;B;Road;3;4;257;3;low;F;4;4883;no
2461;B;Ship;3;3;139;2;low;M;9;1177;yes
2462;F;Road;5;3;232;7;medium;M;6;5285;yes
2463;D;Road;7;1;269;5;medium;F;5;1402;no
2464;F;Ship;5;2;243;3;low;M;4;5415;no
2465;C;Ship;4;3;247;10;high;M;10;5644;no
2466;C;Flight;5;1;287;4;low;F;4;1579;no
2467;C;Road;4;2;254;4;low;F;4;5137;yes
2468;C;Ship;4;4;232;5;medium;M;2;1386;no
2469;A;Ship;5;5;194;3;low;M;47;2256;yes
2470;A;Ship;4;4;254;3;low;M;7;5637;no
2471;B;Ship;5;1;249;3;medium;F;5;4392;no
2472;C;Ship;3;3;139;4;high;M;17;1137;yes
2473;F;;4;5;245;5;low;M;8;1841;no
2474;F;Road;5;1;238;3;high;M;2;5369;yes
2475;F;Flight;4;2;241;2;low;M;17;3844;yes
2476;B;Ship;3;5;248;2;high;M;3;5287;yes
2477;F;Ship;5;1;254;5;medium;M;10;1020;no
2478;F;Ship;4;1;240;4;low;M;10;5965;yes
2479;F;Ship;3;2;156;3;medium;M;2;4681;no
2480;A;Ship;4;1;260;2;medium;F;2;4529;no
2481;F;Ship;4;2;201;2;medium;M;6;5729;no
2482;C;Ship;3;3;275;4;medium;M;6;4687;yes
2483;A;Flight;5;5;272;2;low;M;1;4883;yes
2484;B;Ship;3;1;229;2;medium;F;12;3111;yes
2485;D;Ship;5;3;223;3;low;F;2;4671;yes
2486;F;Ship;5;3;170;3;medium;M;6;5226;no
2487;A;Road;3;3;220;3;low;M;7;5323;yes
2488;F;Ship;5;5;195;4;low;F;1;4393;yes
2489;A;Road;3;1;200;2;low;F;5;4884;no
2490;D;Road;5;2;157;2;low;M;58;1654;yes
2491;C;Ship;3;3;141;2;low;M;2;5923;no
2492;B;Flight;5;1;247;5;low;M;10;1562;yes
2493;D;Ship;3;3;140;3;medium;M;51;1046;yes
2494;F;Flight;3;3;201;3;low;M;9;5895;yes
2495;B;Road;3;5;181;3;medium;M;9;4191;no
2496;B;Ship;5;3;230;3;medium;F;3;2923;yes
2497;D;Ship;4;3;228;5;low;F;9;1044;no
2498;A;Ship;5;2;215;6;medium;F;5;5195;yes
2499;D;Ship;3;2;201;3;high;M;6;5165;yes
2500;D;Flight;3;2;135;7;medium;M;8;4901;no
2501;B;Ship;4;4;159;3;low;M;9;4265;yes
2502;C;Ship;5;3;238;5;high;M;10;1841;yes
2503;A;Ship;6;3;305;4;low;M;3;1276;no
2504;C;Road;3;5;242;2;low;F;6;5635;no
2505;B;Ship;5;1;167;2;low;M;62;1884;yes
2506;C;Ship;5;3;184;5;low;M;3;5219;yes
2507;F;Ship;2;4;169;4;low;F;3;4968;yes
2508;F;Ship;3;2;251;4;high;F;7;4038;no
2509;D;Flight;6;4;305;4;low;F;7;1172;yes
2510;F;Ship;6;4;152;3;low;M;10;4376;yes
2511;F;Ship;2;4;181;6;medium;F;16;3605;yes
2512;F;Ship;5;2;244;6;low;M;5;1702;yes
2513;F;Ship;5;1;190;2;low;M;9;5226;no
2514;F;Ship;2;4;226;3;low;M;9;4098;yes
2515;B;Flight;3;2;269;2;medium;F;1;4978;no
2516;C;Ship;2;3;248;4;high;F;2;4521;no
2517;F;Ship;5;4;241;2;medium;F;7;4413;no
2518;A;Ship;4;2;202;3;medium;M;7;5821;no
2519;B;Ship;4;5;194;8;medium;F;9;4843;yes
2520;F;Ship;5;4;224;3;low;F;34;2627;yes
2521;A;Ship;7;5;192;3;low;M;46;1550;yes
2522;F;Road;3;5;139;3;low;F;1;4060;yes
2523;B;Flight;3;5;224;3;medium;F;20;2937;yes
2524;D;Flight;4;1;207;5;low;M;48;2399;yes
2525;D;Ship;3;1;192;3;medium;M;35;2258;yes
2526;F;Ship;3;1;249;2;medium;M;9;5987;yes
2527;A;Ship;4;3;256;3;high;F;1;4323;no
2528;A;Flight;3;4;97;4;low;M;32;1238;yes
2529;F;Flight;4;5;194;2;high;M;44;2651;yes
2530;A;Ship;3;3;224;4;medium;M;10;4147;no
2531;C;Ship;6;4;224;4;low;F;6;4493;no
2532;B;Ship;3;4;172;3;low;M;32;1943;yes
2533;D;Ship;3;2;189;3;medium;M;2;4718;no
2534;C;Road;4;3;134;3;low;M;51;1965;yes
2535;D;Ship;4;5;273;3;medium;M;2;4374;no
2536;C;Ship;5;2;270;3;medium;F;5;5950;yes
2537;B;Ship;6;3;250;4;low;M;9;1618;no
2538;A;Road;4;5;168;4;medium;M;5;5735;yes
2539;B;Ship;3;1;151;2;low;F;4;1748;yes
2540;D;Ship;3;4;265;8;low;F;35;3299;yes
2541;A;Ship;4;3;139;3;low;M;64;1814;yes
2542;F;Ship;3;2;143;3;low;F;58;1785;yes
2543;C;Ship;4;3;269;3;low;F;7;2538;yes
2544;B;Road;3;1;229;3;medium;M;2;3963;yes
2545;D;Flight;3;1;179;3;high;M;5;5898;yes
2546;C;Flight;6;3;306;4;low;F;5;1490;yes
2547;D;Flight;4;3;192;4;high;M;7;4949;no
2548;B;Ship;6;2;309;4;medium;F;8;1930;no
2549;D;Ship;5;4;180;2;low;F;9;5208;no
2550;D;Ship;3;2;164;2;medium;M;3;4442;yes
2551;C;Ship;3;1;150;2;low;F;6;5355;no
2552;F;Ship;5;5;269;5;low;F;6;1630;no
2553;D;Ship;4;5;216;4;medium;F;1;4458;yes
2554;A;Ship;4;4;134;5;medium;M;2;5865;yes
2555;B;Ship;3;3;165;2;low;M;1;5661;no
2556;C;Flight;5;5;246;5;low;F;6;1300;no
2557;C;Road;3;1;182;3;low;M;2;5760;no
2558;A;Road;4;5;204;3;medium;F;4;5476;no
2559;A;Ship;3;4;187;2;medium;M;4;5139;yes
2560;F;Ship;2;5;248;6;low;F;62;2750;yes
2561;F;Flight;4;5;275;6;medium;M;10;1400;yes
2562;A;Ship;7;5;296;4;low;F;2;1823;yes
2563;D;Ship;3;5;193;3;medium;M;2;4784;no
2564;F;Ship;3;5;142;2;low;F;8;4914;no
2565;B;Ship;3;1;231;3;medium;M;9;5148;yes
2566;A;Ship;4;1;265;3;low;F;4;4249;no
2567;B;Flight;4;3;225;5;low;M;1;1755;no
2568;A;Flight;5;4;175;4;low;M;4;4505;no
2569;F;Flight;4;5;249;3;low;F;7;5509;no
2570;C;Road;3;1;162;4;medium;F;4;5683;no
2571;F;Ship;5;1;253;2;medium;M;3;5159;yes
2572;D;Flight;4;1;249;5;low;M;9;4396;no
2573;F;Road;6;5;244;3;low;M;9;5634;no
2574;F;Flight;3;1;244;3;medium;M;6;4062;yes
2575;F;Ship;6;2;279;4;low;M;1;1150;yes
2576;B;Flight;4;2;266;3;medium;M;4;4197;yes
2577;D;Road;6;2;251;4;medium;F;9;1322;yes
2578;D;Ship;4;1;253;7;medium;M;37;2955;yes
2579;D;Ship;2;5;144;3;medium;M;61;1313;yes
2580;A;Ship;5;2;145;3;medium;M;2;4836;no
2581;A;Ship;3;1;238;3;medium;F;5;4399;yes
2582;C;Ship;7;4;290;4;low;F;10;1886;yes
2583;A;Ship;6;5;285;7;medium;M;9;4112;no
2584;C;Flight;7;3;310;4;medium;F;8;1497;no
2585;F;Ship;5;2;151;6;medium;M;12;1920;yes
2586;A;Ship;3;5;143;3;low;F;10;5021;no
2587;C;Ship;4;2;210;3;low;M;8;5672;yes
2588;D;Ship;4;3;269;2;medium;M;2;4158;no
2589;A;Ship;3;2;177;3;medium;M;8;5006;yes
2590;A;Flight;6;2;293;5;low;M;2;1494;no
2591;F;Ship;3;2;203;2;medium;F;39;3845;yes
2592;D;Ship;3;1;155;3;medium;F;27;1022;yes
2593;B;Ship;3;2;211;4;high;M;1;5831;yes
2594;F;Road;3;2;253;3;low;F;7;4915;no
2595;F;Flight;3;1;236;2;medium;F;8;5591;no
2596;F;Ship;4;2;179;4;low;M;1;1063;yes
2597;A;Ship;4;1;177;2;medium;M;6;5566;no
2598;F;Ship;3;1;162;3;low;M;7;5073;no
2599;C;Flight;3;1;263;3;medium;M;4;4616;no
2600;F;Flight;4;4;165;6;low;F;5;4640;yes
2601;F;Ship;5;4;133;3;low;M;9;1051;yes
2602;F;Ship;3;5;167;2;low;F;2;4141;no
2603;A;Ship;3;4;150;2;low;M;1;4742;no
2604;F;Flight;3;4;166;4;low;F;1;5533;yes
2605;C;Road;4;3;153;4;low;M;4;5161;no
2606;F;Flight;4;3;148;5;medium;M;2;4065;yes
2607;C;Ship;3;4;180;3;low;M;2;5659;yes
2608;A;Ship;3;2;141;4;low;M;9;1909;yes
2609;C;Ship;6;5;249;4;low;F;8;1274;no
2610;C;Ship;3;2;208;2;low;F;6;5344;no
2611;B;Ship;4;1;177;4;medium;F;33;1049;yes
2612;D;Ship;4;5;183;2;medium;F;8;4422;no
2613;C;Ship;2;2;112;4;medium;M;56;1138;yes
2614;D;Flight;3;1;184;2;low;F;31;3191;yes
2615;F;Road;3;3;236;2;medium;F;58;3360;yes
2616;A;Flight;5;3;175;3;low;M;7;4833;yes
2617;B;Ship;3;4;154;2;medium;F;43;1542;yes
2618;F;Ship;4;3;129;6;medium;F;5;5626;no
2619;D;Ship;3;4;211;3;low;M;56;3654;yes
2620;C;Ship;6;1;105;5;low;F;57;1784;yes
2621;B;Flight;5;5;221;5;low;M;8;1718;no
2622;A;Ship;5;4;200;3;medium;M;24;2078;yes
2623;F;Ship;2;1;229;4;low;M;6;3757;yes
2624;A;Flight;5;4;194;5;low;M;8;4038;yes
2625;F;Ship;5;1;234;5;medium;F;9;1932;yes
2626;B;Road;3;1;207;3;low;F;5;4643;yes
2627;D;Ship;3;1;159;3;low;M;10;4784;yes
2628;B;Road;3;1;175;2;low;M;42;1668;yes
2629;A;Ship;4;2;210;3;low;F;9;4163;no
2630;F;Ship;5;5;185;3;low;M;5;4520;yes
2631;B;Ship;3;3;246;3;medium;F;45;3945;yes
2632;C;Ship;4;3;167;3;medium;M;5;5791;no
2633;B;Ship;6;1;250;5;low;F;53;3352;yes
2634;F;Ship;3;4;242;2;low;F;10;5559;yes
2635;F;Ship;3;3;163;3;medium;M;9;1257;yes
2636;C;Road;3;4;196;2;medium;F;5;4342;yes
2637;D;Ship;3;2;233;3;medium;M;7;5838;no
2638;C;Ship;4;1;149;3;medium;F;8;1136;no
2639;A;Flight;4;2;216;3;low;M;4;4309;yes
2640;C;Ship;3;3;205;2;medium;F;54;2427;yes
2641;D;Ship;5;5;189;5;low;M;3;5254;yes
2642;B;Ship;4;5;275;5;low;F;6;4450;no
2643;A;Flight;5;2;240;2;medium;M;4;4447;yes
2644;B;Flight;4;5;157;3;medium;M;28;1557;yes
2645;F;Ship;5;1;180;2;low;M;35;1204;yes
2646;F;Ship;3;5;174;2;low;F;4;5692;no
2647;D;Flight;3;4;156;2;low;M;8;1145;yes
2648;F;Ship;4;1;134;3;medium;F;37;1818;yes
2649;C;Flight;4;3;219;5;low;F;8;1702;yes
2650;B;Ship;5;3;201;2;low;M;4;3757;yes
2651;C;Flight;5;2;265;4;low;F;7;4883;no
2652;A;Road;5;3;245;5;low;M;8;1471;no
2653;F;Ship;3;4;156;3;medium;M;6;5255;yes
2654;F;Ship;3;2;102;4;medium;M;57;1220;yes
2655;D;Road;4;5;225;4;medium;M;5;4622;no
2656;C;Road;4;5;244;3;low;F;7;4172;no
2657;D;Ship;4;5;248;4;low;F;2;4427;no
2658;C;Flight;3;4;196;3;low;M;47;2447;yes
2659;B;Ship;3;1;112;2;high;M;22;1846;yes
2660;B;Ship;6;5;301;4;low;F;4;1707;yes
2661;F;Ship;4;3;229;3;low;F;3;5027;no
2662;F;Ship;2;5;189;3;low;F;5;5320;no
2663;B;Ship;4;3;173;2;low;F;10;1179;yes
2664;C;Road;4;2;253;5;medium;F;9;1438;no
2665;F;Ship;5;1;270;5;medium;M;10;1397;no
2666;B;Road;3;2;268;2;low;M;20;2731;yes
2667;F;Ship;3;4;133;8;medium;F;10;5439;yes
2668;D;Ship;4;2;262;3;low;M;2;4015;no
2669;A;Flight;4;2;258;5;low;F;8;1878;no
2670;A;Ship;5;1;246;2;low;F;4;5461;no
2671;;Flight;6;4;224;5;medium;M;10;5602;no
2672;C;Ship;3;5;144;2;medium;M;6;5983;no
2673;D;Ship;5;4;196;2;medium;M;2;5515;no
2674;A;Ship;4;2;210;3;medium;F;10;5354;no
2675;D;Flight;3;1;214;2;low;F;50;2720;yes
2676;D;Ship;3;5;238;2;medium;F;34;2726;yes
2677;F;Road;3;4;191;5;medium;F;4;4243;yes
2678;F;Ship;6;3;144;7;high;F;8;5646;yes
2679;C;Ship;4;3;211;4;medium;M;40;3106;yes
2680;F;Ship;4;3;138;2;medium;M;9;5297;yes
2681;F;Flight;3;5;258;3;low;M;21;3446;yes
2682;C;Ship;4;2;151;3;medium;M;10;5698;no
2683;A;Flight;3;3;213;6;low;F;17;2424;yes
2684;A;Ship;4;1;141;2;low;M;10;1340;yes
2685;D;Ship;3;5;243;3;medium;F;5;4383;no
2686;F;Ship;7;5;243;5;medium;M;28;1100;yes
2687;F;Ship;5;1;137;3;medium;F;10;4641;no
2688;C;Flight;3;5;182;3;medium;M;34;3595;yes
2689;C;Flight;5;2;172;4;high;F;61;1161;yes
2690;B;Ship;5;4;244;3;medium;F;3;4015;no
2691;A;Flight;6;1;274;5;low;F;8;4292;yes
2692;F;Road;4;5;239;5;low;M;7;1380;no
2693;B;Road;3;2;150;3;medium;M;29;1354;yes
2694;F;Ship;4;3;248;3;low;M;5;4781;yes
2695;B;Flight;4;1;154;4;medium;M;1;5480;no
2696;F;Ship;2;2;177;4;low;M;8;5878;yes
2697;C;Road;6;2;191;6;medium;M;7;5333;yes
2698;D;Ship;2;4;280;4;low;M;48;1463;yes
2699;A;Ship;5;1;230;6;low;F;60;2067;yes
2700;D;Ship;5;2;174;3;medium;F;10;4902;yes
2701;B;Road;5;1;274;2;high;F;8;4647;yes
2702;C;Flight;4;4;127;5;low;F;16;1955;yes
2703;F;Ship;3;3;152;2;low;M;32;1665;yes
2704;B;Ship;4;2;261;2;medium;M;7;5764;no
2705;C;Ship;3;1;229;3;medium;M;7;5324;yes
2706;A;Ship;5;2;263;6;low;M;2;1851;no
2707;F;Ship;4;5;113;6;medium;M;25;1538;yes
2708;F;Ship;3;4;189;3;high;M;2;5464;no
2709;A;Road;3;1;232;2;medium;M;10;4719;no
2710;D;Flight;2;2;215;5;medium;M;3;5185;yes
2711;D;Ship;2;1;192;3;low;F;9;4774;no
2712;B;Ship;4;2;259;6;medium;M;8;1096;yes
2713;D;Road;3;3;158;3;low;F;2;5205;yes
2714;F;Flight;4;5;159;2;low;M;1;5671;no
2715;B;Ship;4;4;153;3;low;M;13;1402;yes
2716;D;Ship;5;3;250;2;low;F;14;2064;yes
2717;C;Ship;6;1;295;4;low;M;10;1600;no
2718;F;Road;2;2;160;3;medium;F;9;4613;no
2719;F;Ship;4;2;246;3;low;F;1;5815;yes
2720;D;Flight;6;4;290;4;low;F;3;1544;yes
2721;F;Ship;4;1;245;3;low;M;2;5835;yes
2722;D;Ship;6;4;276;4;low;M;4;1662;yes
2723;C;Ship;2;4;152;3;low;M;55;1498;yes
2724;F;Road;4;5;268;6;medium;F;7;4709;no
2725;D;Ship;3;2;181;2;low;F;6;5410;no
2726;D;Road;4;1;189;2;medium;M;4;4122;no
2727;B;Flight;4;2;233;7;medium;M;64;3146;yes
2728;B;Flight;4;2;116;3;low;F;2;5602;yes
2729;F;Ship;5;2;265;3;low;M;10;4347;yes
2730;F;Road;6;4;287;4;medium;F;9;1936;yes
2731;F;Ship;6;4;304;4;low;F;2;1749;no
2732;F;Ship;4;4;176;4;high;F;63;1293;yes
2733;D;Road;4;3;165;2;medium;M;10;4351;no
2734;A;Ship;3;3;143;3;medium;F;16;1343;yes
2735;F;Ship;7;4;295;4;low;M;5;1239;no
2736;F;Flight;4;3;183;3;low;F;6;5712;yes
2737;C;Ship;5;1;170;3;medium;F;60;1883;yes
2738;A;Ship;5;1;182;3;low;M;8;3580;yes
2739;A;Ship;5;4;187;2;medium;F;10;3549;yes
2740;F;Ship;3;1;157;2;high;M;19;1898;yes
2741;C;Ship;5;3;200;8;low;F;9;2741;yes
2742;C;Ship;6;2;255;4;medium;F;3;1355;no
2743;F;Ship;5;5;174;6;medium;F;26;1184;yes
2744;F;Ship;3;5;265;3;medium;M;4;4268;yes
2745;C;Ship;4;2;179;3;low;M;3;5284;no
2746;F;Ship;3;2;136;3;high;F;2;5739;no
2747;D;Road;5;5;207;2;high;M;8;5066;yes
2748;B;Ship;5;4;232;5;medium;F;4;1561;no
2749;F;Ship;5;5;263;5;medium;F;1;1114;yes
2750;F;Flight;5;4;254;3;low;F;4;5611;yes
2751;A;Ship;3;4;213;3;high;M;7;5516;yes
2752;B;Ship;4;3;153;3;medium;M;2;1095;yes
2753;F;Ship;4;2;208;3;low;M;8;4342;no
2754;D;Ship;3;2;177;4;low;F;3;5527;no
2755;F;Ship;5;3;156;3;medium;M;58;1218;yes
2756;C;Ship;3;3;176;3;low;F;1;5168;no
2757;B;Ship;4;4;259;7;medium;M;7;4408;no
2758;F;Ship;3;1;259;2;low;F;3;4380;no
2759;D;Flight;7;5;269;4;medium;M;2;1592;no
2760;C;Ship;4;3;263;3;medium;M;3;4677;no
2761;D;Ship;4;2;185;2;medium;M;4;2212;yes
2762;B;Ship;4;5;264;3;low;F;10;5972;no
2763;B;Ship;4;2;191;2;medium;F;8;4806;yes
2764;A;Ship;3;3;250;3;low;F;33;3463;yes
2765;F;Flight;4;3;181;3;low;F;5;5398;yes
2766;F;Ship;5;1;229;6;low;M;9;1883;yes
2767;D;Ship;4;2;190;6;high;M;5;4139;yes
2768;F;Flight;4;2;251;2;medium;M;24;2405;yes
2769;C;Ship;5;1;126;5;medium;F;2;5659;yes
2770;C;Road;3;5;165;2;high;F;37;1234;yes
2771;A;Ship;4;3;245;5;low;M;7;1182;no
2772;B;Road;3;4;248;2;medium;F;15;2983;yes
2773;B;Road;5;1;238;3;low;M;32;3832;yes
2774;F;Ship;5;1;251;6;low;F;5;1827;no
2775;C;Ship;5;5;158;3;medium;F;47;1246;yes
2776;F;Ship;4;5;147;2;low;M;17;1057;yes
2777;A;Flight;4;2;237;6;low;F;8;5695;no
2778;C;Ship;7;5;293;4;low;F;2;1080;yes
2779;D;Ship;3;5;196;3;medium;F;9;4741;yes
2780;F;Ship;7;1;296;4;low;M;4;1446;no
2781;F;Ship;5;1;190;4;medium;M;24;3446;yes
2782;D;Ship;4;2;210;3;low;M;5;4746;no
2783;C;Ship;3;4;253;3;high;F;8;5857;no
2784;F;Ship;7;1;244;4;low;M;8;1817;yes
2785;C;Ship;5;5;213;2;high;M;12;2522;yes
2786;D;Road;5;2;168;2;low;F;10;5225;yes
2787;B;Ship;3;5;190;3;low;M;9;4468;no
2788;A;Ship;3;4;182;2;medium;M;8;4883;no
2789;B;Flight;6;4;247;4;medium;M;2;1858;yes
2790;C;Ship;3;4;256;3;low;M;7;5013;yes
2791;B;Road;4;2;222;3;low;M;4;5919;no
2792;F;Ship;3;5;169;3;low;F;6;5397;no
2793;F;Ship;4;3;287;4;low;M;6;5889;no
2794;D;Ship;4;1;242;6;low;M;4;1791;yes
2795;A;Ship;4;3;246;2;low;M;6;4908;no
2796;D;Ship;2;5;282;5;low;M;63;1173;yes
2797;B;Ship;5;2;269;5;medium;F;9;1165;no
2798;D;Flight;4;4;215;2;low;F;7;5151;yes
2799;D;Ship;3;3;140;2;medium;M;55;1847;yes
2800;A;Ship;4;5;260;3;medium;M;59;3951;yes
2801;C;Ship;3;3;216;8;medium;M;4;5329;yes
2802;F;Road;3;4;226;2;high;F;8;5793;no
2803;F;Flight;4;5;216;3;low;F;20;3549;yes
2804;D;Ship;6;5;298;4;low;M;3;1009;yes
2805;F;Flight;4;1;195;2;medium;M;19;2878;yes
2806;B;Ship;3;5;247;3;medium;F;7;4966;no
2807;B;Flight;3;5;222;3;low;F;10;5185;yes
2808;F;Road;6;1;259;3;low;F;3;5683;no
2809;D;Flight;4;1;135;4;low;F;5;5934;no
2810;D;Ship;2;3;139;3;low;F;3;1788;yes
2811;A;Flight;3;3;176;3;medium;M;14;1705;yes
2812;B;Road;5;4;180;4;medium;F;7;4200;yes
2813;F;Ship;3;1;194;4;low;M;64;2026;yes
2814;C;Ship;5;2;259;5;low;M;8;1678;no
2815;F;Flight;3;5;106;2;low;F;3;5615;no
2816;D;Flight;4;1;245;3;low;F;9;4024;yes
2817;F;Flight;5;1;248;4;low;F;6;1944;yes
2818;F;Ship;4;2;209;2;medium;F;1;5337;no
2819;F;Ship;3;5;162;3;medium;F;1;4432;no
2820;F;Flight;5;2;231;2;medium;F;55;3894;yes
2821;A;Ship;4;5;178;3;high;M;22;1907;yes
2822;C;Ship;4;2;265;3;low;F;41;3498;yes
2823;F;Road;4;2;190;2;medium;F;1;4020;yes
2824;F;Road;4;3;207;3;medium;F;5;4847;yes
2825;F;Ship;3;3;225;2;medium;M;55;2259;yes
2826;F;Ship;5;2;238;2;low;M;5;5703;no
2827;D;Ship;3;4;206;3;high;M;5;4022;no
2828;F;Ship;6;3;245;5;medium;F;8;5678;yes
2829;C;Ship;4;1;195;3;low;M;43;2849;yes
2830;F;Flight;6;5;245;4;low;F;8;1403;no
2831;F;Road;2;2;150;3;low;F;6;5854;yes
2832;D;Ship;4;4;182;3;high;F;7;5197;no
2833;F;Ship;2;5;167;3;medium;M;8;4605;no
2834;F;Ship;2;4;268;4;low;M;5;4400;yes
2835;A;Ship;6;1;278;2;medium;F;12;2112;yes
2836;A;Ship;3;1;160;2;medium;M;5;4435;yes
2837;F;Ship;5;2;270;4;medium;M;8;1631;yes
2838;F;Ship;4;2;225;8;low;F;8;5623;no
2839;D;Ship;2;3;249;2;low;M;1;2905;yes
2840;C;Ship;3;3;146;2;low;M;50;1486;yes
2841;F;Ship;4;3;212;4;low;M;28;2422;yes
2842;F;Ship;5;1;244;2;low;F;5;4125;yes
2843;A;Ship;3;2;221;2;medium;M;10;4715;yes
2844;F;Ship;4;4;174;2;low;F;11;1577;yes
2845;F;Ship;5;1;139;3;medium;F;1;5953;yes
2846;C;Flight;4;2;237;2;medium;F;6;2965;yes
2847;B;Road;3;2;170;2;low;M;2;4214;yes
2848;A;Ship;5;5;153;5;medium;M;10;5297;no
2849;D;Road;4;1;270;3;medium;F;64;2406;yes
2850;F;Road;6;1;163;4;high;M;3;4031;yes
2851;C;Road;3;5;148;3;low;F;7;5685;no
2852;D;Ship;3;4;134;4;medium;M;53;1887;yes
2853;C;Flight;3;3;149;3;medium;F;3;4189;no
2854;C;Ship;5;4;235;4;low;M;10;4880;no
2855;D;Ship;5;2;246;2;low;F;4;3617;yes
2856;A;Road;5;2;156;4;medium;M;39;1204;yes
2857;B;Road;6;2;289;4;high;F;3;1116;no
2858;D;Road;3;3;117;3;medium;M;56;1618;yes
2859;A;Road;4;1;144;4;high;M;5;1294;yes
2860;D;Ship;6;4;237;5;medium;F;2;5437;yes
2861;F;Flight;5;1;137;5;low;F;8;4584;no
2862;F;Ship;4;3;248;2;medium;F;10;5211;no
2863;A;Road;3;2;175;2;low;M;9;4859;no
2864;A;Ship;6;2;282;4;medium;M;8;1553;no
2865;C;Ship;3;5;256;3;low;M;7;4366;yes
2866;F;Ship;4;5;183;2;low;F;1;4741;no
2867;F;Road;5;2;266;5;medium;M;8;1367;no
2868;B;Ship;4;4;263;2;medium;F;41;3955;yes
2869;D;Flight;4;5;156;3;low;F;60;1553;yes
2870;F;Road;3;1;141;3;medium;F;39;1838;yes
2871;D;Ship;3;5;135;2;medium;F;9;5614;yes
2872;F;Ship;3;4;140;6;low;M;9;4558;no
2873;C;Flight;6;2;152;2;low;F;9;1993;no
2874;C;Ship;3;1;238;2;low;M;9;5158;no
2875;C;Ship;4;3;263;4;medium;M;23;2960;yes
2876;D;Ship;7;5;255;4;low;M;7;1104;no
2877;F;Road;4;3;142;3;low;F;35;1512;yes
2878;F;Road;3;4;190;4;medium;F;7;5963;yes
2879;D;Ship;2;1;197;4;low;M;5;4614;no
2880;F;Road;5;4;208;6;medium;M;8;5098;no
2881;A;Road;3;5;139;2;low;M;2;5839;no
2882;F;Ship;3;5;150;2;low;M;29;1934;yes
2883;C;Ship;4;2;147;4;medium;M;52;1129;yes
2884;C;Ship;4;3;252;2;medium;M;1;2336;yes
2885;B;Flight;5;4;219;5;low;M;5;1867;no
2886;A;Ship;3;2;223;2;low;M;64;3595;yes
2887;D;Ship;4;2;157;4;low;F;6;4964;no
2888;B;Ship;6;3;310;5;low;M;6;1139;no
2889;B;Ship;5;4;208;4;medium;F;8;4116;no
2890;C;Road;5;5;195;4;medium;M;1;4482;no
2891;F;Flight;4;4;225;5;low;F;1;1476;yes
2892;D;Flight;3;5;132;3;low;M;7;4013;yes
2893;A;Ship;4;2;245;3;low;F;5;5226;no
2894;F;Flight;2;1;98;3;low;F;29;1806;yes
2895;B;Ship;4;3;252;4;low;M;2;5226;no
2896;A;Ship;3;3;163;2;medium;F;48;1369;yes
2897;F;Ship;5;5;243;6;medium;F;9;4587;no
2898;D;Flight;6;5;260;4;low;F;2;1221;no
2899;A;Flight;3;3;217;2;high;F;9;5554;yes
2900;F;Ship;5;3;141;2;medium;F;10;4651;no
2901;F;Road;3;2;150;2;low;F;3;4174;no
2902;F;Ship;2;1;121;3;medium;M;25;1124;yes
2903;A;Road;4;5;199;3;low;M;2;4462;no
2904;F;Ship;4;4;256;3;low;F;5;5399;no
2905;F;Flight;4;1;210;2;medium;F;7;3405;yes
2906;D;Ship;4;4;266;2;low;F;2;4290;no
2907;F;Ship;4;3;254;5;low;F;3;1248;no
2908;C;Ship;4;5;144;2;low;M;2;4978;no
2909;D;Ship;3;1;169;2;medium;F;19;1183;yes
2910;D;Ship;3;5;272;2;medium;M;6;4652;no
2911;D;Ship;4;5;244;3;low;M;6;1360;yes
2912;F;Flight;5;1;233;4;high;M;2;4615;yes
2913;B;Ship;3;1;155;3;medium;F;2;5446;no
2914;D;Road;5;2;171;2;low;M;6;4236;no
2915;A;Ship;4;2;272;2;low;F;1;5939;yes
2916;D;Road;4;3;236;2;high;M;23;3123;yes
2917;B;Road;4;1;139;8;medium;M;6;5667;yes
2918;F;Ship;3;3;212;3;medium;F;10;5935;no
2919;D;Ship;6;1;245;4;low;F;10;1606;no
2920;F;Ship;3;1;187;3;medium;M;7;4607;no
2921;B;Ship;3;1;242;6;low;M;10;5493;yes
2922;C;Ship;4;1;153;3;low;F;8;5198;no
2923;D;Ship;2;2;156;3;low;F;5;5628;yes
2924;F;Ship;4;3;136;3;medium;M;20;1531;yes
2925;B;Ship;2;1;192;3;high;M;46;3206;yes
2926;F;Ship;4;4;135;2;low;M;4;4684;no
2927;F;Ship;4;5;222;2;medium;M;2;4425;no
2928;B;Ship;4;2;187;2;medium;M;7;4470;yes
2929;D;Flight;6;1;249;4;medium;M;2;1189;yes
2930;C;Flight;4;3;176;5;low;M;2;5751;yes
2931;B;Ship;5;1;160;3;high;M;2;5141;yes
2932;A;Road;4;1;224;2;medium;M;2;4581;yes
2933;C;Ship;5;1;152;3;medium;F;6;4735;no
2934;F;Road;4;2;212;3;low;F;3;4555;no
2935;F;Ship;4;4;135;2;low;F;10;4508;yes
2936;C;Ship;6;4;304;4;low;M;7;1226;yes
2937;F;Ship;7;5;299;4;low;M;4;1052;yes
2938;D;Ship;4;3;196;2;medium;F;4;4203;yes
2939;F;Flight;4;2;171;3;low;F;40;1021;yes
2940;F;Road;4;4;266;3;low;F;6;5758;yes
2941;B;Road;3;3;167;3;low;F;8;4420;no
2942;F;Ship;3;1;206;2;medium;F;56;2069;yes
2943;F;Ship;5;1;249;4;medium;M;5;1027;yes
2944;D;Ship;2;3;172;3;medium;F;11;1522;yes
2945;B;Ship;4;1;200;2;medium;F;5;5249;no
2946;D;Flight;3;4;174;3;low;F;10;4998;yes
2947;F;Ship;5;3;253;4;low;M;9;1729;no
2948;F;Ship;3;3;162;3;medium;M;7;1901;yes
2949;D;Flight;6;3;226;3;high;F;4;4604;yes
2950;A;Ship;4;2;185;3;medium;M;1;5338;no
2951;D;Ship;6;1;222;5;medium;M;26;3137;yes
2952;F;Road;4;3;173;3;low;M;4;4793;yes
2953;C;Ship;4;4;149;3;low;F;8;5658;yes
2954;D;Ship;3;4;192;2;low;F;56;3765;yes
2955;C;Ship;4;5;136;2;medium;M;4;5512;no
2956;F;Ship;4;2;227;2;high;M;35;3583;yes
2957;C;Road;3;4;248;4;medium;M;8;4540;no
2958;A;Ship;4;4;146;4;low;M;12;1899;yes
2959;D;Ship;4;1;196;2;low;M;3;4752;no
2960;A;Flight;6;2;196;2;low;M;10;5180;yes
2961;F;Ship;4;5;200;4;medium;F;2;4947;no
2962;B;Ship;5;5;243;2;low;M;9;4669;yes
2963;F;Ship;3;4;228;3;medium;F;8;5419;no
2964;F;Ship;4;1;228;3;medium;M;4;5347;yes
2965;D;Ship;3;5;286;6;high;M;8;4777;no
2966;C;Ship;6;4;272;4;low;F;4;4098;no
2967;D;Road;4;1;208;3;medium;F;7;4592;no
2968;F;Ship;5;4;162;2;low;F;54;1635;yes
2969;D;Ship;4;4;213;3;low;F;1;4266;no
2970;F;Ship;3;3;172;6;medium;F;5;5366;yes
2971;F;Road;4;5;263;3;medium;F;32;3723;yes
2972;F;Ship;4;5;171;3;low;F;10;4752;yes
2973;F;Flight;4;4;265;2;medium;F;9;4106;no
2974;F;Ship;6;3;161;4;medium;M;8;1247;no
2975;A;Ship;6;2;291;4;low;M;9;1241;yes
2976;C;Flight;5;5;230;10;high;M;10;5619;yes
2977;D;Ship;6;5;292;4;low;F;10;1969;yes
2978;A;Ship;2;5;154;3;medium;F;1;4377;no
2979;D;Road;5;4;228;5;low;F;9;1549;yes
2980;A;Ship;4;5;233;5;low;F;8;1040;yes
2981;F;Ship;5;3;246;2;medium;F;1;;no
2982;C;Ship;2;1;177;4;low;M;63;1058;yes
2983;C;Road;5;1;257;5;medium;F;8;1128;yes
2984;C;Flight;4;4;174;3;low;M;8;4348;no
2985;B;Road;5;5;227;5;medium;F;2;1436;yes
2986;C;Ship;5;5;172;2;medium;F;40;1446;yes
2987;F;Ship;4;4;198;2;low;M;6;5520;no
2988;B;Ship;2;1;163;3;low;F;3;5873;yes
2989;F;Ship;6;5;294;4;medium;F;2;1273;yes
2990;F;Ship;3;1;155;3;low;F;9;5539;no
2991;D;Ship;6;3;277;4;medium;F;6;1433;no
2992;D;Ship;3;3;241;5;low;M;8;2182;yes
2993;F;Ship;4;2;124;2;medium;M;50;1592;yes
2994;B;Ship;5;1;159;2;medium;F;5;4382;no
2995;A;Flight;2;4;182;3;medium;M;47;3792;yes
2996;A;Ship;4;5;198;7;medium;M;9;4249;yes
2997;C;Ship;3;2;154;2;high;F;4;1009;yes
2998;F;Ship;4;2;157;3;low;F;48;1393;yes
2999;A;Ship;4;5;214;3;high;M;6;5646;no
3000;B;Ship;3;3;234;3;medium;F;8;2334;yes
3001;C;Ship;6;5;152;4;medium;F;8;5351;no
3002;B;Ship;7;4;243;4;medium;F;6;1362;yes
3003;D;Road;5;1;187;2;low;F;7;4792;no
3004;C;Ship;2;5;255;5;medium;F;53;3775;yes
3005;F;Ship;4;5;159;3;medium;M;18;1808;yes
3006;F;Ship;4;1;132;3;low;M;63;1901;yes
3007;F;Flight;5;5;262;2;medium;M;8;4283;no
3008;C;Ship;4;2;200;3;medium;M;7;4323;no
3009;F;Ship;5;4;262;3;medium;F;6;4428;no
3010;B;Ship;5;4;140;3;high;F;56;1332;yes
3011;B;Ship;3;1;198;2;low;F;8;4940;no
3012;F;Ship;4;2;158;3;low;M;3;4527;no
3013;C;Flight;3;2;189;2;medium;F;3;4617;no
3014;F;Flight;3;5;233;3;medium;M;52;3519;yes
3015;C;Ship;5;2;141;3;high;F;34;1020;yes
3016;C;Road;3;2;168;3;low;M;15;1862;yes
3017;D;Road;3;5;243;2;medium;M;42;3421;yes
3018;F;Road;6;4;160;2;low;F;31;1689;yes
3019;F;Road;4;4;224;3;low;M;29;3623;yes
3020;F;Road;5;2;237;4;low;F;9;5922;no
3021;F;Road;4;3;135;2;medium;F;37;1597;yes
3022;B;Ship;4;2;252;3;medium;M;2;5769;no
3023;B;Ship;3;5;251;3;low;M;1;5073;no
3024;C;Ship;5;3;258;2;low;F;10;5371;yes
3025;A;Ship;3;1;133;3;medium;F;5;4538;no
3026;B;Ship;5;3;222;2;low;F;2;5953;yes
3027;A;Road;3;1;201;2;medium;F;4;4857;yes
3028;F;Ship;4;5;111;4;medium;M;7;5988;yes
3029;A;Flight;5;4;111;5;medium;F;42;1587;yes
3030;F;Road;3;1;267;3;medium;F;8;5415;yes
3031;D;Road;4;4;146;10;low;F;3;4152;yes
3032;D;Flight;4;5;184;4;medium;F;3;5430;yes
3033;F;Ship;4;5;196;3;medium;M;16;3722;yes
3034;B;Flight;4;4;229;2;medium;M;45;3776;yes
3035;D;Ship;6;5;290;4;medium;F;3;1463;yes
3036;D;Flight;3;5;162;2;low;M;4;4495;no
3037;F;Ship;4;3;270;2;high;F;5;5346;no
3038;A;Ship;5;1;201;3;medium;F;65;2488;yes
3039;F;Ship;4;3;140;3;low;M;1;4453;no
3040;C;Flight;4;5;265;2;low;M;9;5040;no
3041;A;Flight;5;2;248;2;low;F;10;4813;no
3042;B;Ship;5;1;256;4;medium;F;5;4970;yes
3043;A;Ship;3;1;163;4;low;F;20;1940;yes
3044;F;Flight;3;5;184;3;medium;M;1;4161;no
3045;D;Ship;4;1;161;2;high;F;41;1992;yes
3046;F;Ship;4;2;242;6;low;F;10;1531;yes
3047;F;Road;4;4;183;3;low;M;29;3251;yes
3048;A;Flight;3;5;223;4;high;F;7;5042;yes
3049;B;Ship;6;3;213;4;low;F;2;5349;no
3050;D;Ship;2;1;148;2;low;M;10;5939;yes
3051;C;Road;2;5;216;3;medium;F;2;5098;no
3052;F;Flight;3;1;168;3;low;M;46;1886;yes
3053;F;Ship;4;1;208;3;low;M;4;4530;yes
3054;C;Ship;5;4;165;3;medium;F;48;1240;yes
3055;B;Flight;6;4;247;4;low;M;7;1831;no
3056;B;Ship;4;2;144;3;medium;M;59;1588;yes
3057;D;Ship;3;4;122;3;high;F;15;1354;yes
3058;D;Ship;5;3;241;3;low;F;2;5587;yes
3059;D;Ship;6;1;281;4;medium;M;2;1592;no
3060;D;Road;5;3;168;4;low;M;7;1298;yes
3061;F;Ship;4;5;268;2;low;M;2;4721;yes
3062;A;Ship;3;5;233;2;medium;M;1;4913;no
3063;C;Flight;4;3;267;5;medium;F;9;1538;no
3064;A;Road;3;1;216;4;medium;F;4;4416;no
3065;B;Ship;3;3;229;3;medium;F;8;4549;no
3066;B;Ship;6;4;268;4;medium;M;9;1354;yes
3067;C;Flight;5;5;169;2;medium;F;14;1497;yes
3068;D;Ship;5;3;223;5;medium;M;10;1170;yes
3069;A;Flight;4;5;161;3;low;F;5;4732;no
3070;A;Ship;3;3;154;4;high;F;2;4921;yes
3071;F;Road;4;1;252;3;low;M;4;5119;yes
3072;D;Ship;4;1;258;4;high;F;1;5476;no
3073;C;Ship;3;2;175;4;medium;F;17;1276;yes
3074;F;Flight;3;5;257;3;medium;M;4;5196;yes
3075;D;Ship;4;4;267;4;low;F;8;5219;yes
3076;D;Road;3;2;180;2;high;F;8;4408;no
3077;C;Ship;3;5;199;2;low;M;46;2728;yes
3078;B;Road;2;5;111;2;low;M;4;4473;yes
3079;D;Road;6;5;253;4;low;M;2;1893;yes
3080;C;Ship;4;1;236;3;low;F;4;4248;no
3081;A;Ship;3;3;202;4;low;F;3;4003;yes
3082;F;Ship;4;1;171;2;low;F;6;5719;yes
3083;D;Ship;5;3;267;6;low;F;8;1421;yes
3084;D;Flight;5;2;223;3;low;F;51;3687;yes
3085;F;Ship;5;2;244;5;low;M;10;1699;no
3086;B;Ship;4;1;231;2;medium;M;3;4696;no
3087;C;Ship;4;4;172;3;medium;M;7;5098;no
3088;C;Road;3;5;166;3;high;F;5;5206;no
3089;D;Ship;2;5;117;3;high;F;2;4268;yes
3090;C;Ship;3;4;183;2;low;M;3;4179;yes
3091;F;Ship;4;2;151;3;medium;M;3;5154;yes
3092;A;Flight;5;4;250;3;low;F;11;3373;yes
3093;B;Flight;3;1;107;3;high;F;13;1861;yes
3094;D;Ship;3;2;108;4;low;F;5;4787;no
3095;B;Ship;7;2;248;4;medium;F;1;1163;yes
3096;D;Ship;6;2;267;4;medium;F;1;1935;no
3097;A;Flight;5;1;182;5;high;F;6;5398;no
3098;C;Ship;4;3;229;2;low;M;6;4226;yes
3099;F;Ship;3;1;147;2;medium;M;52;1934;yes
3100;C;Ship;3;2;260;4;high;F;3;4423;no
3101;C;Ship;5;5;208;8;low;M;39;2905;yes
3102;F;Flight;3;2;115;3;low;F;27;1814;yes
3103;C;Road;4;2;161;3;medium;F;10;1928;yes
3104;D;Flight;2;1;218;2;low;M;15;2745;yes
3105;F;Ship;5;1;245;2;medium;F;2;4882;yes
3106;B;Ship;4;3;273;4;medium;F;1;4585;no
3107;F;Flight;3;4;118;4;low;M;6;5964;no
3108;C;Ship;3;5;178;3;low;F;39;1498;yes
3109;C;Ship;5;2;230;2;medium;M;9;4483;no
3110;C;Ship;4;4;156;2;low;M;7;5017;no
3111;F;Road;3;1;166;2;low;M;2;5710;yes
3112;C;Ship;6;5;300;5;low;M;1;1188;no
3113;C;Ship;5;4;168;3;low;M;34;1779;yes
3114;C;Ship;4;5;143;3;medium;M;2;5286;yes
3115;C;Ship;4;1;270;4;medium;F;64;3312;yes
3116;B;Ship;2;4;180;2;low;F;5;4010;yes
3117;F;Ship;4;5;116;3;medium;F;9;1314;yes
3118;B;Ship;2;3;134;10;high;F;1;5632;no
3119;F;Road;3;2;257;3;low;F;25;2334;yes
3120;C;Ship;6;4;283;4;medium;M;1;1384;yes
3121;F;Ship;3;3;190;3;low;F;9;5279;no
3122;A;Ship;5;3;150;3;low;M;10;4799;yes
3123;A;Road;2;1;188;2;low;M;5;5250;no
3124;C;Ship;5;5;175;6;low;F;2;4883;yes
3125;F;Flight;7;3;244;5;medium;F;10;1913;yes
3126;A;Road;4;2;160;3;low;M;64;1714;yes
3127;F;Flight;4;1;214;5;medium;F;6;4573;yes
3128;B;Ship;5;4;230;3;medium;M;6;4257;no
3129;D;Road;5;5;261;6;medium;F;1;1082;no
3130;B;Ship;4;5;208;3;low;F;8;4632;no
3131;F;Road;2;3;133;4;low;F;5;5989;yes
3132;F;Ship;3;4;186;4;low;M;6;4403;no
3133;D;Ship;4;5;238;10;medium;M;38;3556;yes
3134;F;Flight;5;3;218;5;low;F;6;1278;yes
3135;B;Ship;4;5;170;3;low;M;2;5671;no
3136;F;Ship;3;2;204;2;high;F;2;5526;no
3137;F;Ship;7;4;277;5;low;M;4;1373;no
3138;F;Ship;4;4;265;3;medium;F;47;3307;yes
3139;F;Road;4;5;201;4;medium;M;46;3498;yes
3140;F;Ship;5;3;135;3;medium;F;5;4484;no
3141;F;Ship;4;3;250;2;high;F;10;4885;yes
3142;F;Ship;4;1;254;5;low;F;7;1003;no
3143;D;Ship;6;4;246;4;medium;M;3;1852;no
3144;C;Flight;3;1;266;7;low;M;5;4102;yes
3145;A;Road;5;5;253;5;low;F;4;1482;no
3146;C;Road;6;2;279;4;low;F;5;1836;no
3147;F;Road;5;2;233;4;medium;F;9;5539;no
3148;C;Road;6;1;280;4;low;F;5;1624;no
3149;B;Ship;3;3;186;3;low;M;24;3262;yes
3150;F;Road;4;3;240;2;medium;F;2;5588;no
3151;A;Ship;4;5;196;3;low;F;4;5610;no
3152;F;Road;3;2;256;2;low;F;7;5725;yes
3153;A;Ship;5;2;232;5;medium;F;10;1916;no
3154;B;Ship;3;4;236;4;high;F;9;4744;no
3155;D;Flight;5;2;215;2;medium;M;46;3942;yes
3156;C;Flight;3;1;155;3;medium;F;6;5113;yes
3157;D;Ship;3;1;286;4;medium;M;4;5106;no
3158;B;Road;3;5;193;3;medium;M;1;5810;yes
3159;F;Flight;6;4;221;5;medium;M;8;4511;yes
3160;A;Road;5;3;254;5;low;M;10;1501;yes
3161;B;Ship;6;2;260;5;low;F;9;1667;yes
3162;B;Ship;4;4;232;2;low;M;36;2861;yes
3163;A;Flight;3;5;245;10;medium;M;8;4909;yes
3164;C;Ship;4;4;207;2;medium;F;14;2945;yes
3165;A;Ship;5;1;222;4;low;M;63;3506;yes
3166;B;Flight;4;3;148;3;medium;M;8;4240;yes
3167;A;Flight;4;4;252;3;medium;F;7;2477;yes
3168;F;Ship;3;3;141;3;medium;M;10;1751;yes
3169;A;Ship;4;3;109;2;medium;F;4;5407;no
3170;F;Road;4;2;204;4;low;F;35;2725;yes
3171;D;Ship;4;2;170;2;medium;M;5;4996;yes
3172;D;Ship;4;5;258;2;medium;M;6;5062;yes
3173;C;Road;4;3;217;2;medium;M;22;2138;yes
3174;F;Road;6;4;292;4;low;M;3;1826;yes
3175;A;Road;6;5;248;3;low;F;3;5709;yes
3176;A;Flight;4;1;195;2;low;F;3;4165;no
3177;F;Ship;4;1;220;3;high;M;2;3886;yes
3178;D;Ship;4;5;178;3;low;F;48;1819;yes
3179;B;Ship;6;4;221;5;low;M;9;4360;no
3180;D;Ship;3;4;148;3;medium;M;7;4531;no
3181;A;Ship;6;1;283;4;low;M;8;1404;no
3182;A;Ship;3;5;278;4;medium;F;8;1785;no
3183;F;Ship;2;5;116;3;low;F;1;4091;yes
3184;F;Ship;3;4;166;3;high;M;6;4247;no
3185;F;Ship;5;1;195;6;low;F;29;1039;yes
3186;F;Flight;5;2;161;3;low;M;8;5804;yes
3187;F;Ship;3;2;209;2;low;M;5;5713;no
3188;F;Ship;3;1;154;2;medium;F;56;1300;yes
3189;A;Flight;6;4;144;4;low;F;5;4631;no
3190;D;Flight;4;5;229;3;medium;M;21;2688;yes
3191;B;Ship;4;4;138;7;medium;M;65;1530;yes
3192;C;Ship;5;2;252;3;low;M;7;5058;no
3193;F;Ship;3;3;170;3;low;F;7;5427;yes
3194;D;Ship;4;1;139;3;low;F;25;1152;yes
3195;A;Flight;5;2;184;4;low;M;6;4155;yes
3196;B;Flight;3;4;184;3;low;F;2;4875;no
3197;B;Flight;5;3;206;2;medium;M;7;4531;yes
3198;F;Road;2;4;141;3;medium;F;27;1628;yes
3199;B;Flight;3;4;179;2;medium;M;5;1340;no
3200;B;Flight;3;4;143;4;medium;M;5;5545;yes
3201;A;Ship;4;3;104;5;low;F;6;4617;yes
3202;F;Flight;3;3;168;2;high;M;10;5334;yes
3203;F;Ship;5;1;248;5;low;M;3;1642;yes
3204;F;Road;3;1;179;2;low;M;3;5159;yes
3205;A;Flight;4;5;270;3;medium;M;20;3185;yes
3206;D;Ship;3;1;264;4;low;M;10;4265;no
3207;D;Road;3;5;253;2;medium;M;7;5846;no
3208;B;Ship;4;3;187;4;low;M;9;5699;yes
3209;D;Ship;4;3;135;3;low;F;15;1008;yes
3210;F;Ship;4;3;171;3;medium;F;8;4826;no
3211;B;Road;4;2;220;6;medium;M;10;1878;yes
3212;B;Ship;2;4;238;3;medium;M;4;5782;yes
3213;A;Road;3;1;139;3;low;F;4;4666;no
3214;F;Ship;5;4;193;3;low;M;55;2758;yes
3215;D;Ship;3;5;194;3;medium;F;10;2277;yes
3216;A;Ship;5;4;181;5;medium;M;2;5324;no
3217;F;Ship;3;1;251;3;medium;F;18;2240;yes
3218;A;Ship;4;4;147;5;medium;F;33;1886;yes
3219;A;Ship;7;3;245;4;medium;F;10;1610;yes
3220;D;Road;4;1;245;6;low;F;7;1884;yes
3221;C;Ship;4;1;134;3;medium;M;2;4983;no
3222;B;Ship;6;3;284;4;medium;M;4;1652;yes
3223;B;Ship;5;2;196;3;low;F;4;4271;no
3224;C;Flight;6;3;286;4;medium;F;7;1132;yes
3225;F;Ship;6;1;250;4;low;M;4;1018;no
3226;A;Ship;3;5;159;2;medium;M;6;5804;no
3227;F;Ship;5;2;168;3;low;F;50;1486;yes
3228;F;Ship;3;1;192;2;low;M;33;2818;yes
3229;A;Ship;4;4;238;5;low;M;1;4753;no
3230;F;Ship;5;4;281;4;medium;M;8;1220;no
3231;F;Flight;3;1;214;2;low;F;3;5595;yes
3232;B;Ship;4;5;226;2;high;M;2;5881;yes
3233;A;Ship;5;4;236;5;low;M;6;1829;yes
3234;F;Ship;4;2;276;6;high;F;36;2843;yes
3235;C;Ship;4;4;261;2;medium;M;8;5006;yes
3236;F;Ship;5;5;157;4;medium;M;60;1407;yes
3237;F;Flight;4;3;226;6;medium;M;10;1174;no
3238;B;Ship;7;1;267;4;medium;M;9;1261;yes
3239;C;Ship;3;1;223;3;medium;F;31;3942;yes
3240;B;Flight;3;5;247;3;low;F;4;5891;yes
3241;C;Road;6;5;282;4;low;M;4;1035;no
3242;D;Flight;3;3;268;3;low;F;33;3872;yes
3243;B;Ship;5;4;232;5;medium;M;5;1337;no
3244;D;Ship;3;2;150;10;low;F;6;5580;no
3245;A;Ship;3;4;241;2;low;M;57;3671;yes
3246;A;Road;3;5;240;8;low;M;9;4436;yes
3247;A;Ship;3;4;166;2;medium;F;58;1319;yes
3248;F;Ship;5;3;243;3;medium;F;10;4524;yes
3249;D;Flight;4;3;266;6;medium;F;5;5209;no
3250;F;Ship;3;1;202;3;medium;F;7;5818;no
3251;A;Flight;4;3;239;3;medium;M;7;5511;yes
3252;F;Road;4;5;159;3;low;M;2;1048;yes
3253;B;Road;4;3;216;3;medium;M;35;2567;yes
3254;F;Ship;4;1;269;2;medium;F;8;4930;no
3255;C;Flight;4;3;250;2;medium;M;4;4808;yes
3256;F;Road;5;2;168;2;medium;M;20;1539;yes
3257;B;Road;3;4;221;3;medium;F;1;5391;no
3258;B;Ship;4;5;253;3;low;F;58;3096;yes
3259;F;Ship;5;5;167;8;low;M;44;1547;yes
3260;A;Road;3;1;164;2;low;M;2;1104;yes
3261;F;Ship;5;1;160;3;medium;F;22;1693;yes
3262;C;Flight;5;4;186;2;low;M;3;4213;no
3263;F;Ship;5;3;242;3;medium;F;6;5013;yes
3264;F;Ship;7;4;251;5;low;M;3;1433;no
3265;A;Ship;4;2;149;3;medium;M;26;1863;yes
3266;F;Ship;5;3;211;3;low;F;5;5087;no
3267;F;Ship;5;2;165;2;medium;F;18;1918;yes
3268;A;Ship;3;5;185;2;medium;M;27;3624;yes
3269;C;Ship;5;3;227;5;medium;M;2;1965;no
3270;F;Ship;3;3;147;8;medium;F;7;5822;no
3271;D;Flight;6;4;186;2;low;M;5;4851;yes
3272;D;Ship;3;5;184;2;high;M;;4883;no
3273;B;Ship;5;3;167;3;low;F;5;1772;yes
3274;F;Road;4;5;237;5;medium;M;4;4917;no
3275;D;Ship;3;5;232;3;low;M;10;5333;no
3276;A;Ship;3;1;144;3;low;F;8;5221;yes
3277;D;Ship;4;3;137;3;medium;M;5;4854;yes
3278;F;Ship;3;2;228;2;medium;M;2;5640;no
3279;F;Ship;3;4;254;3;high;M;53;3538;yes
3280;C;Ship;6;3;134;8;high;F;12;1371;yes
3281;D;Flight;4;4;257;5;medium;F;4;1668;no
3282;C;Ship;3;3;204;2;medium;M;6;5612;no
3283;A;Ship;4;5;252;2;low;F;9;4157;no
3284;D;Ship;4;3;149;3;medium;F;5;4031;no
3285;C;Flight;4;5;263;4;medium;F;7;4243;yes
3286;B;Road;3;4;188;6;medium;F;6;4031;yes
3287;F;Ship;3;1;243;3;medium;F;2;5827;yes
3288;B;Ship;2;2;157;3;medium;F;9;4547;yes
3289;F;Ship;4;3;138;3;medium;M;15;1080;yes
3290;F;Ship;4;4;261;2;medium;F;9;5306;yes
3291;A;Ship;2;2;251;6;medium;F;1;4165;yes
3292;A;Road;4;2;164;4;low;M;2;5008;no
3293;A;Ship;3;4;266;2;high;F;33;3798;yes
3294;F;Ship;4;1;159;4;low;M;5;5420;yes
3295;B;Ship;4;3;202;3;low;F;48;2213;yes
3296;F;Ship;5;5;221;5;low;M;7;1958;yes
3297;D;Road;4;3;227;2;low;M;3;4375;no
3298;C;Ship;6;5;266;5;low;M;10;4140;no
3299;A;Ship;3;3;166;3;high;M;6;5089;yes
3300;A;Ship;4;4;173;5;medium;F;51;1691;yes
3301;C;Ship;5;1;145;2;medium;M;8;4485;yes
3302;D;Ship;5;1;246;3;medium;F;10;4078;yes
3303;F;Ship;7;2;276;4;low;M;9;1022;yes
3304;A;Ship;4;5;252;4;low;F;6;4983;no
3305;A;Ship;5;4;241;3;high;M;6;4157;no
3306;A;Flight;5;4;267;5;medium;F;10;1837;yes
3307;A;Ship;6;1;264;4;low;M;9;1243;no
3308;B;Ship;3;4;209;3;medium;F;60;2240;yes
3309;B;Road;5;4;199;5;medium;F;6;4417;yes
3310;D;Flight;3;4;216;3;low;F;3;5817;no
3311;F;Flight;4;5;229;4;medium;F;6;4157;no
3312;A;Ship;5;4;152;3;low;M;1;5314;yes
3313;B;Flight;6;5;113;3;high;M;31;1037;yes
3314;D;Flight;5;2;133;2;high;F;2;4556;no
3315;A;Ship;3;2;179;5;low;F;52;1991;yes
3316;C;Flight;5;5;171;3;medium;F;6;4209;yes
3317;C;Ship;3;4;171;3;low;F;5;5872;no
3318;D;Ship;4;5;137;2;medium;F;14;1796;yes
3319;F;Ship;6;2;301;5;medium;M;3;1844;yes
3320;F;Ship;3;2;223;4;low;F;20;3955;yes
3321;F;Ship;5;2;134;2;low;M;9;5045;no
3322;C;Flight;3;1;255;7;low;F;3;4477;no
3323;B;Ship;5;2;195;6;high;M;5;5339;yes
3324;F;Ship;3;1;189;4;low;F;4;4785;no
3325;A;Ship;2;1;255;3;medium;F;1;5929;no
3326;C;Ship;6;1;309;4;medium;F;10;1904;yes
3327;B;Road;2;2;247;3;medium;F;9;4284;yes
3328;A;Ship;3;1;223;3;low;F;22;3795;yes
3329;A;Ship;4;5;234;5;low;F;3;1469;yes
3330;C;Ship;6;3;202;3;low;F;5;4930;no
3331;F;Ship;5;5;267;5;low;F;1;1352;yes
3332;B;Road;5;1;282;4;low;F;9;4766;no
3333;C;Flight;4;1;234;2;medium;F;4;5164;no
3334;D;Flight;6;1;154;5;medium;M;19;1842;yes
3335;F;Road;3;1;199;3;medium;F;7;4377;yes
3336;B;Flight;5;1;266;5;medium;F;2;1798;no
3337;C;Ship;3;4;148;3;low;M;56;1550;yes
3338;B;Road;4;4;227;3;medium;F;1;2761;yes
3339;A;Ship;6;2;290;4;medium;M;2;1070;yes
3340;C;Ship;2;1;282;5;low;F;51;1362;yes
3341;B;Ship;3;3;198;3;low;M;49;2446;yes
3342;F;Ship;4;2;214;6;medium;M;9;4736;yes
3343;C;Ship;4;2;260;2;low;M;7;5684;no
3344;C;Flight;3;3;179;8;high;F;3;5429;yes
3345;F;Road;5;5;165;3;medium;F;32;1798;yes
3346;F;Ship;4;3;199;2;low;M;4;5855;no
3347;F;Ship;5;5;260;3;medium;M;8;4586;yes
3348;C;Ship;4;3;250;3;medium;F;3;5055;yes
3349;B;Flight;4;5;160;3;low;M;33;1837;yes
3350;D;Ship;2;5;270;6;medium;F;1;5675;no
3351;F;Ship;4;4;206;3;medium;F;10;4262;no
3352;B;Ship;6;5;281;4;low;M;8;1241;yes
3353;C;Flight;5;2;156;5;low;M;9;5237;no
3354;F;Road;4;2;128;5;low;F;28;1247;yes
3355;C;Road;6;3;298;4;low;F;1;1657;no
3356;F;Ship;3;2;234;3;medium;M;39;2099;yes
3357;D;Ship;5;2;157;2;low;M;32;1497;yes
3358;A;Ship;4;4;201;2;medium;F;8;5790;no
3359;F;Ship;3;4;160;4;medium;M;9;4733;yes
3360;B;Ship;5;4;255;4;medium;F;38;2771;yes
3361;A;Ship;3;3;206;3;low;F;3;5746;yes
3362;D;Ship;4;5;269;4;medium;M;60;3456;yes
3363;F;Ship;6;5;276;4;low;M;3;1136;no
3364;F;Road;4;5;248;2;medium;M;4;4789;yes
3365;C;Road;3;3;219;3;low;M;4;5956;no
3366;C;Flight;5;5;195;3;low;M;55;2641;yes
3367;B;Road;3;4;157;2;medium;M;12;1694;yes
3368;F;Ship;4;4;177;7;low;F;3;5646;yes
3369;C;Ship;6;3;294;4;low;M;52;1667;yes
3370;C;Ship;4;4;263;3;medium;F;8;5475;no
3371;F;Ship;4;1;169;2;low;M;2;5702;yes
3372;D;Flight;4;4;115;3;medium;M;7;4609;no
3373;B;Ship;4;2;259;4;low;F;13;2495;yes
3374;F;Ship;6;5;224;4;medium;M;6;4616;no
3375;D;Ship;4;2;271;3;medium;M;50;3448;yes
3376;D;Flight;4;3;248;3;medium;F;5;4667;no
3377;F;Ship;4;4;170;4;low;M;5;4574;no
3378;F;Ship;4;4;218;4;low;M;45;3234;yes
3379;F;Ship;4;4;163;3;low;F;5;4440;no
3380;F;Road;5;5;210;3;medium;M;8;5906;yes
3381;D;Ship;3;1;165;3;high;F;10;4208;no
3382;F;Ship;4;5;233;3;medium;F;7;5604;yes
3383;B;Ship;4;1;270;3;low;F;6;5212;no
3384;C;Ship;4;3;190;4;medium;M;4;4102;yes
3385;C;Ship;5;5;240;5;medium;M;10;1574;yes
3386;F;Ship;4;2;259;2;medium;M;54;2244;yes
3387;A;Road;4;1;228;3;low;F;9;4678;no
3388;F;Ship;3;1;274;2;high;M;2;4352;no
3389;F;Ship;4;1;160;2;high;F;65;1861;yes
3390;A;Ship;2;3;141;4;medium;M;8;4702;no
3391;D;Ship;5;1;270;3;high;M;52;3908;yes
3392;F;Ship;3;1;210;2;low;M;9;4580;no
3393;C;Ship;4;1;200;3;low;M;5;4686;no
3394;A;Ship;4;5;247;5;low;M;9;1499;no
3395;C;Road;5;2;244;2;low;M;10;5696;no
3396;B;Road;4;1;197;3;low;M;2;4326;no
3397;B;Ship;2;2;210;3;medium;F;10;4324;yes
3398;F;Road;3;1;228;2;low;M;45;2257;yes
3399;D;Ship;3;2;155;3;low;M;1;5731;yes
3400;F;Ship;3;1;132;3;low;F;2;4785;no
3401;F;Ship;3;4;211;3;high;M;8;5191;yes
3402;F;Ship;6;5;211;6;low;M;3;4957;no
3403;C;Ship;5;2;173;3;low;M;8;4797;yes
3404;B;Road;5;4;145;6;medium;M;6;4403;no
3405;F;Ship;5;3;227;5;medium;F;9;4990;no
3406;B;Ship;4;4;213;3;medium;M;11;2037;yes
3407;C;Flight;4;3;249;3;low;M;5;5017;yes
3408;F;Ship;3;4;207;7;medium;F;46;2670;yes
3409;F;Ship;5;5;192;3;medium;M;3;4015;yes
3410;A;Flight;4;2;196;3;medium;F;2;4474;no
3411;A;Ship;3;1;153;2;low;M;6;4996;no
3412;B;Ship;4;1;265;6;low;F;9;1753;yes
3413;F;Ship;4;2;198;2;low;M;60;3368;yes
3414;F;Flight;4;4;258;2;medium;F;5;4363;yes
3415;C;Ship;6;3;253;4;medium;F;9;1823;no
3416;D;Ship;3;4;223;2;low;M;9;4211;no
3417;A;Ship;6;3;281;4;medium;F;7;1599;yes
3418;F;Flight;5;1;170;4;medium;M;4;5113;yes
3419;A;Ship;6;2;305;4;low;M;8;1015;no
3420;B;Ship;5;1;271;2;high;M;46;2744;yes
3421;A;Ship;3;3;133;3;low;F;2;4926;no
3422;B;Ship;4;1;234;2;medium;M;4;5066;yes
3423;A;Ship;6;1;250;4;low;M;10;1623;yes
3424;A;Ship;6;3;245;4;low;M;10;1798;no
3425;B;Ship;3;3;178;3;high;M;43;1517;yes
3426;D;Road;4;3;178;2;medium;F;9;4322;yes
3427;D;Ship;5;3;209;4;medium;F;7;2675;yes
3428;A;Ship;3;2;133;3;medium;M;1;5026;yes
3429;F;Ship;3;4;236;3;medium;F;5;5466;no
3430;C;Ship;3;5;144;3;medium;F;9;5912;no
3431;F;Ship;4;1;151;3;high;F;39;1458;yes
3432;C;Flight;4;5;260;3;low;M;10;4331;no
3433;B;Road;4;1;245;5;low;M;3;1496;yes
3434;B;Ship;5;5;254;5;low;M;7;1967;no
3435;B;Ship;3;2;244;8;low;F;50;3562;yes
3436;F;Ship;3;4;204;2;low;F;10;5844;yes
3437;D;Road;4;5;139;3;low;M;5;5335;no
3438;A;Ship;4;2;270;4;low;F;46;1736;yes
3439;F;Flight;4;2;185;3;low;M;27;3410;yes
3440;B;Ship;3;2;198;4;low;F;3;4172;yes
3441;D;Ship;5;3;210;3;low;M;5;4560;yes
3442;D;Road;5;3;174;3;medium;F;6;5064;yes
3443;A;Ship;4;4;237;2;medium;M;21;1495;yes
3444;A;Flight;5;2;248;3;medium;M;5;5946;no
3445;F;Ship;4;4;273;3;low;F;3;5749;yes
3446;C;Ship;4;5;180;2;medium;F;1;4332;no
3447;C;Ship;3;4;188;5;low;F;3;4835;yes
3448;B;Ship;4;1;260;5;low;M;1;5559;yes
3449;D;Road;5;4;244;6;low;F;10;1978;yes
3450;B;Road;4;1;258;3;medium;M;36;2211;yes
3451;B;Flight;5;1;261;5;low;F;10;1713;no
3452;B;Flight;3;5;140;5;low;M;7;4370;yes
3453;D;Flight;4;1;155;3;low;F;5;4283;yes
3454;C;Ship;2;3;130;4;medium;M;10;4363;no
3455;A;Ship;3;2;255;2;low;M;18;3732;yes
3456;B;Ship;4;1;257;2;low;M;7;4869;no
3457;F;Flight;3;5;125;2;low;M;5;4933;yes
3458;D;Road;3;4;244;3;low;F;46;2844;yes
3459;D;Flight;4;2;153;2;medium;F;4;4069;yes
3460;F;Ship;4;3;237;3;low;M;57;3952;yes
3461;A;Ship;5;3;230;3;medium;F;7;4844;no
3462;B;Ship;6;2;286;4;low;F;4;1594;no
3463;B;Road;6;4;285;4;medium;M;9;1180;no
3464;A;Road;3;1;220;3;low;F;6;5572;yes
3465;A;Road;4;5;218;3;low;F;40;3200;yes
3466;D;Ship;2;1;140;2;medium;F;8;4965;no
3467;F;Ship;5;5;234;2;medium;F;43;3822;yes
3468;A;Ship;4;3;213;4;medium;M;8;4220;no
3469;D;Ship;4;4;106;2;low;M;6;5984;no
3470;B;Ship;5;2;235;2;low;F;61;3451;yes
3471;C;Ship;5;3;194;3;medium;F;6;2736;yes
3472;B;Ship;3;2;198;5;medium;F;6;5443;no
3473;F;Flight;4;4;196;3;low;M;5;5514;no
3474;D;Ship;3;2;254;2;low;M;1;4334;no
3475;C;Ship;2;2;189;4;low;M;9;3413;yes
3476;D;Ship;6;3;257;4;low;F;2;1694;no
3477;F;Ship;4;4;140;3;low;F;4;5924;yes
3478;D;Ship;6;5;263;4;low;M;10;1669;no
3479;B;Ship;2;5;140;3;low;F;30;1030;yes
3480;B;Ship;3;5;193;3;medium;F;4;5817;no
3481;F;Ship;4;5;228;5;low;M;9;1381;no
3482;A;Ship;2;5;139;3;low;F;27;1233;yes
3483;B;Ship;5;5;235;5;medium;M;9;1032;yes
3484;F;Ship;4;2;217;2;medium;F;8;4907;yes
3485;B;Flight;3;1;151;2;low;M;60;1925;yes
3486;F;Ship;6;5;240;4;medium;M;62;2400;yes
3487;C;Ship;4;3;239;2;medium;F;7;5384;no
3488;A;Flight;5;4;136;4;low;M;9;5469;no
3489;F;Ship;4;5;261;2;low;M;3;4119;no
3490;C;Flight;3;1;200;2;medium;M;10;5178;yes
3491;D;Ship;4;5;147;2;medium;F;19;1940;yes
3492;A;Road;6;5;301;5;medium;M;3;1628;no
3493;C;Ship;4;1;141;2;low;F;23;1689;yes
3494;A;Ship;6;3;281;4;medium;F;8;1884;no
3495;C;Ship;5;2;168;4;low;M;10;5373;yes
3496;F;Flight;4;4;160;4;low;M;1;5520;yes
3497;A;Flight;5;3;241;5;low;F;2;1834;yes
3498;A;Ship;3;5;271;3;low;M;2;5229;yes
3499;A;Ship;5;3;221;5;low;F;8;1109;no
3500;D;Ship;7;5;282;5;low;M;8;1091;yes
3501;A;Road;4;5;191;3;low;F;19;2392;yes
3502;F;Road;3;5;170;3;low;F;5;5064;no
3503;B;Ship;3;1;206;3;medium;M;5;5676;yes
3504;B;Flight;5;3;171;3;medium;F;7;4994;no
3505;C;Ship;6;1;215;5;medium;F;5;4362;no
3506;A;Ship;5;1;134;2;low;M;8;5646;no
3507;C;Flight;3;2;137;2;medium;M;17;1673;yes
3508;C;Ship;5;1;239;2;low;M;5;5759;yes
3509;C;Flight;6;3;269;4;low;F;4;1948;yes
3510;C;Road;4;5;162;2;medium;M;62;1650;yes
3511;F;Ship;4;4;134;3;low;F;14;1716;yes
3512;F;Ship;5;4;261;6;medium;F;4;5349;no
3513;F;Road;6;5;130;6;low;F;60;1971;yes
3514;F;Ship;4;5;232;5;low;F;3;1817;no
3515;F;Flight;4;2;256;4;low;F;7;5571;no
3516;F;Ship;4;5;246;5;low;F;2;1024;yes
3517;F;Ship;6;5;245;4;low;F;7;1521;no
3518;B;Ship;3;1;131;4;low;M;1;1628;no
3519;F;Ship;4;5;173;3;low;F;7;4410;no
3520;A;Ship;5;1;211;3;low;M;7;5594;yes
3521;C;Ship;4;4;237;3;medium;M;2;4760;no
3522;F;Flight;4;4;199;4;high;M;1;4163;yes
3523;F;Ship;4;2;190;2;medium;F;6;3595;yes
3524;B;Ship;4;1;155;4;low;F;1;4985;no
3525;C;Ship;3;1;225;2;high;M;6;5274;yes
3526;F;Ship;6;4;283;4;low;F;10;1512;no
3527;C;Ship;5;2;225;3;medium;M;1;2049;yes
3528;F;Ship;4;3;154;3;medium;F;4;4867;yes
3529;C;Flight;3;1;156;3;medium;F;1;1517;yes
3530;C;Ship;3;4;193;2;medium;M;48;3909;yes
3531;D;Ship;2;2;249;3;low;F;3;4129;yes
3532;F;Ship;4;4;224;4;medium;F;2;4503;yes
3533;C;Road;4;3;206;2;low;M;9;5076;yes
3534;F;Road;5;2;251;3;low;M;9;4298;yes
3535;F;Road;3;5;272;2;low;M;3;5638;yes
3536;B;Ship;3;3;150;2;medium;M;6;4170;yes
3537;B;Ship;5;1;224;2;medium;M;4;5063;no
3538;B;Ship;3;2;191;4;medium;F;16;2277;yes
3539;C;Ship;3;3;115;6;high;F;6;5636;no
3540;B;Ship;3;3;235;3;low;M;5;3065;yes
3541;F;Ship;6;4;287;4;low;F;5;1972;yes
3542;D;Road;6;3;262;6;high;M;5;4506;no
3543;A;Road;5;3;236;3;medium;M;7;3589;yes
3544;B;Ship;5;1;130;4;high;F;9;4946;yes
3545;F;Ship;3;2;233;3;low;M;63;2143;yes
3546;D;Ship;3;1;221;3;low;F;64;2794;yes
3547;C;Flight;2;5;255;4;low;F;36;2093;yes
3548;B;Ship;6;4;227;5;medium;F;8;4388;no
3549;B;Ship;4;5;136;3;medium;M;7;4817;yes
3550;B;Road;4;2;265;6;low;M;8;1391;yes
3551;F;Flight;4;2;262;3;low;M;6;5381;no
3552;C;Ship;4;2;175;3;medium;F;34;1005;yes
3553;C;Road;3;5;189;3;low;F;61;2203;yes
3554;F;Ship;5;4;151;2;low;F;10;5643;yes
3555;B;Ship;4;4;158;3;medium;M;11;1224;yes
3556;B;Road;4;4;204;3;low;F;9;4757;no
3557;A;Ship;3;1;111;4;low;M;61;1844;yes
3558;B;Road;2;5;127;3;medium;F;3;5964;no
3559;B;Flight;5;4;235;3;medium;F;8;4636;no
3560;F;Flight;4;5;167;4;low;M;3;4658;no
3561;C;Ship;5;2;137;3;low;M;6;4883;no
3562;C;Road;5;4;254;2;low;M;9;5658;yes
3563;C;Ship;5;5;239;6;low;M;1;1384;no
3564;F;Ship;2;1;166;3;medium;F;7;5990;yes
3565;A;Ship;4;1;214;5;medium;M;9;5801;no
3566;B;Ship;4;2;275;6;medium;M;9;1890;no
3567;F;Ship;4;3;217;3;medium;F;16;3444;yes
3568;F;Ship;4;4;154;3;low;M;52;1367;yes
3569;A;Ship;2;5;107;3;medium;M;2;4853;no
3570;D;Ship;3;3;197;2;medium;M;10;5255;no
3571;F;Ship;3;1;207;2;low;F;7;5596;no
3572;F;Ship;4;2;177;3;low;M;8;4904;no
3573;A;Flight;4;2;145;3;medium;M;1;5400;no
3574;B;Flight;5;3;225;7;medium;F;45;3162;yes
3575;B;Ship;6;5;260;4;medium;F;10;1799;no
3576;B;Ship;2;2;271;4;medium;M;9;4066;no
3577;F;Road;5;5;132;3;low;M;5;4195;yes
3578;F;Ship;3;3;112;4;low;F;7;5716;yes
3579;C;Flight;6;2;308;5;medium;M;4;1303;no
3580;B;Ship;4;2;161;3;low;F;4;5947;no
3581;C;Ship;6;3;310;4;low;F;2;1817;no
3582;F;Ship;4;4;166;2;low;M;8;5192;no
3583;A;Ship;4;3;227;3;medium;F;10;5491;yes
3584;C;Road;4;4;229;5;low;M;9;1361;no
3585;C;Ship;3;2;154;10;high;F;8;5811;yes
3586;F;Ship;4;4;186;2;medium;F;9;4887;yes
3587;C;Ship;4;2;237;3;low;M;2;5277;no
3588;F;Ship;4;1;268;4;medium;F;2;4543;no
3589;B;Ship;4;4;146;4;medium;M;7;4953;yes
3590;B;Ship;3;2;199;4;low;F;47;2208;yes
3591;F;Ship;3;3;178;2;medium;M;4;1778;yes
3592;C;Ship;5;3;230;4;medium;M;4;5278;yes
3593;F;Ship;4;3;143;2;medium;M;1;4402;yes
3594;F;Ship;2;5;101;3;low;M;10;4353;no
3595;A;Ship;6;1;283;5;low;F;5;1298;no
3596;A;Ship;2;2;199;3;low;M;1;4697;yes
3597;F;Ship;5;2;105;4;high;M;1;1622;yes
3598;A;Road;3;1;169;3;high;M;24;1740;yes
3599;F;Ship;5;2;279;8;low;M;5;4785;no
3600;B;Road;3;4;260;4;low;F;10;4109;no
3601;A;Ship;5;3;199;10;medium;F;1;5865;no
3602;F;Road;4;1;264;6;low;M;7;1007;no
3603;B;Ship;5;5;244;3;low;M;9;5695;no
3604;F;Flight;5;5;269;5;low;M;5;1742;no
3605;D;Ship;6;3;287;4;medium;F;8;1850;yes
3606;D;Ship;4;4;145;3;medium;M;8;5780;no
3607;F;Ship;5;2;223;6;medium;M;2;1210;no
3608;F;Road;4;3;199;2;low;F;28;2607;yes
3609;B;Ship;2;3;243;5;medium;M;5;4750;yes
3610;D;Ship;4;3;186;3;low;F;25;3851;yes
3611;B;Ship;3;5;186;3;medium;M;7;4764;no
3612;B;Ship;4;4;226;5;medium;F;12;2708;yes
3613;F;Ship;3;1;139;2;low;M;47;1241;yes
3614;D;Road;6;5;212;2;medium;M;38;2359;yes
3615;A;Ship;4;5;240;3;low;F;9;5794;yes
3616;D;Ship;4;1;167;4;high;M;7;5264;no
3617;D;Flight;4;2;136;3;low;F;65;1962;yes
3618;F;Ship;5;5;251;2;high;F;3;4741;yes
3619;C;Ship;3;1;193;3;medium;M;3;5154;no
3620;F;Ship;5;1;103;5;low;F;10;5413;yes
3621;F;Ship;3;4;244;3;medium;M;4;4458;no
3622;B;Ship;5;4;202;5;low;F;6;5230;yes
3623;D;Ship;2;5;171;3;medium;F;13;1101;yes
3624;C;Ship;3;5;183;2;low;M;8;5881;yes
3625;C;Road;4;4;193;2;low;F;6;4855;yes
3626;A;Flight;4;5;222;3;low;F;5;5584;no
3627;B;Flight;3;2;140;3;medium;M;8;5724;no
3628;B;Ship;3;2;183;3;low;F;44;2896;yes
3629;A;Road;4;4;153;3;low;F;27;1613;yes
3630;B;Road;5;5;265;3;high;F;3;5837;yes
3631;A;Ship;3;3;251;3;low;M;8;4246;no
3632;F;Ship;4;5;275;3;medium;M;1;5394;yes
3633;A;Ship;3;5;161;2;low;F;8;5021;no
3634;F;Flight;3;4;196;4;low;M;5;4749;yes
3635;B;Ship;4;1;266;3;low;F;23;3775;yes
3636;A;Ship;4;5;155;4;high;F;54;1408;yes
3637;B;Ship;3;3;249;5;medium;F;9;1752;no
3638;D;Ship;4;4;228;5;low;M;6;1853;yes
3639;D;Ship;4;1;144;4;low;F;10;4175;no
3640;F;Flight;4;2;134;2;low;F;43;1714;yes
3641;B;Ship;4;1;272;2;medium;F;5;5252;no
3642;D;Flight;3;3;163;3;medium;M;5;5362;no
3643;F;Flight;4;2;257;2;high;M;3;4108;yes
3644;F;Road;3;1;194;2;medium;F;1;5931;no
3645;A;Ship;5;3;273;4;medium;M;2;4186;yes
3646;A;Road;4;2;232;5;medium;M;3;1197;no
3647;D;Ship;3;3;262;4;low;M;5;4782;no
3648;F;Road;6;3;281;5;medium;F;8;1864;yes
3649;F;Flight;5;2;252;5;low;F;10;1568;no
3650;D;Road;6;1;127;3;low;F;8;5976;yes
3651;D;Ship;6;2;218;6;medium;M;1;4558;yes
3652;C;Ship;4;1;193;3;low;F;3;5919;no
3653;B;Ship;4;4;154;3;low;M;4;5393;yes
3654;A;Ship;6;1;205;5;low;M;14;3213;yes
3655;B;Road;5;3;225;4;low;F;60;2130;yes
3656;B;Ship;4;1;147;3;medium;M;32;1666;yes
3657;F;Ship;6;2;226;4;high;F;7;5600;no
3658;C;Ship;3;3;146;3;medium;F;4;5384;no
3659;A;Ship;5;4;187;3;low;F;53;3172;yes
3660;A;Road;2;5;159;3;low;F;49;1621;yes
3661;F;Ship;4;1;144;4;medium;M;8;4303;no
3662;B;Ship;4;2;260;3;low;M;4;5504;yes
3663;C;Flight;4;2;111;2;high;F;4;5393;no
3664;B;Road;5;3;270;5;medium;M;9;1764;yes
3665;F;Flight;4;1;241;3;medium;M;6;4558;no
3666;A;Ship;6;4;284;4;low;F;7;1518;yes
3667;F;Ship;4;1;245;5;low;F;3;1537;no
3668;D;Ship;3;2;201;4;medium;M;10;5565;no
3669;D;Flight;2;2;128;2;low;M;17;1824;yes
3670;F;Ship;3;3;222;4;low;F;6;5284;yes
3671;D;Ship;6;4;253;4;medium;M;9;1488;no
3672;C;Ship;2;3;129;5;medium;M;3;5444;yes
3673;A;Ship;3;3;220;7;low;M;25;2141;yes
3674;D;Flight;4;2;203;5;low;F;20;3098;yes
3675;F;Ship;4;3;164;2;low;F;3;1376;no
3676;F;Road;5;3;138;2;low;M;13;1056;yes
3677;C;Road;4;1;177;2;high;F;7;5599;yes
3678;C;Flight;3;1;203;3;medium;F;3;4137;no
3679;F;Ship;5;4;199;2;high;F;20;2553;yes
3680;F;Ship;3;2;153;4;high;M;7;4750;yes
3681;F;Flight;4;1;226;3;low;M;42;3077;yes
3682;F;Ship;5;4;271;2;medium;F;6;4801;yes
3683;C;Ship;3;5;220;2;low;F;1;5663;no
3684;F;Ship;2;1;137;5;medium;F;3;1037;yes
3685;A;Ship;6;5;294;4;low;M;4;1302;no
3686;F;Flight;2;4;142;3;high;M;2;5700;no
3687;D;Flight;5;4;307;5;low;M;8;1903;no
3688;A;Ship;5;1;224;5;low;M;1;1600;no
3689;F;Ship;5;4;257;5;low;M;10;1695;yes
3690;B;Flight;2;5;193;5;medium;F;13;2882;yes
3691;A;Flight;2;5;189;2;low;M;38;3708;yes
3692;A;Road;5;2;187;2;medium;F;29;2863;yes
3693;D;Ship;4;3;233;3;medium;M;26;2624;yes
3694;F;Flight;4;3;248;2;medium;F;2;4700;no
3695;C;Road;5;4;265;3;medium;M;10;4565;no
3696;F;Road;3;1;148;2;medium;M;34;1053;yes
3697;C;Flight;4;3;142;4;medium;M;12;1396;yes
3698;B;Road;3;2;239;2;low;F;3;5099;yes
3699;A;Ship;3;3;274;3;medium;M;3;5157;no
3700;F;Road;7;2;297;4;low;F;7;1383;yes
3701;F;Road;5;1;215;2;low;M;3;4700;no
3702;C;Ship;5;5;230;10;high;F;3;5391;no
3703;D;Road;3;3;188;5;low;F;6;5713;no
3704;F;Flight;4;3;243;2;low;F;6;5892;no
3705;A;Flight;2;2;204;4;high;M;5;5382;no
3706;C;Flight;3;2;240;8;low;F;9;4908;no
3707;F;Ship;3;1;159;3;low;F;3;5044;no
3708;D;Ship;6;3;98;3;low;F;8;4651;yes
3709;D;Ship;4;4;135;3;medium;M;6;4335;yes
3710;D;Ship;4;4;180;3;low;M;3;5031;no
3711;D;Road;3;5;168;2;high;M;50;1616;yes
3712;F;Flight;3;3;220;3;low;F;2;5065;yes
3713;F;Flight;4;3;163;2;low;F;12;1092;yes
3714;C;Ship;7;1;254;4;low;F;5;1865;yes
3715;D;Ship;4;1;242;6;low;M;8;1419;yes
3716;F;Ship;4;3;254;5;low;F;8;1851;no
3717;D;Road;7;5;308;4;medium;M;1;1477;yes
3718;F;Ship;3;5;275;3;low;M;6;5148;no
3719;A;Ship;3;2;226;2;low;M;10;4254;no
3720;D;Flight;4;1;184;3;low;F;8;4667;no
3721;D;Ship;4;2;250;3;low;F;53;2478;yes
3722;D;Ship;4;5;186;7;medium;F;1;4357;no
3723;F;Ship;3;5;222;2;low;M;9;1321;no
3724;C;Ship;6;4;258;4;low;M;9;1104;no
3725;D;Road;7;3;305;4;medium;F;5;1198;no
3726;F;Ship;3;1;185;3;low;M;61;3280;yes
3727;D;Ship;5;5;273;4;low;M;1;5225;yes
3728;F;Ship;6;4;218;6;medium;M;1;4625;yes
3729;A;Ship;4;4;153;4;low;M;5;5162;no
3730;F;Ship;3;3;212;2;low;M;2;5125;no
3731;D;Ship;2;5;254;3;low;M;6;5684;no
3732;F;Ship;5;1;236;6;low;M;4;1123;yes
3733;F;Ship;6;5;150;3;medium;M;3;5747;no
3734;B;Road;3;2;140;2;high;F;7;1401;yes
3735;B;Ship;3;1;202;2;high;F;21;3120;yes
3736;F;Ship;3;4;272;3;low;M;44;2548;yes
3737;F;Road;3;2;180;2;high;M;10;4024;no
3738;F;Road;4;3;245;6;medium;M;2;1727;yes
3739;C;Ship;5;5;230;3;medium;M;43;3609;yes
3740;C;Ship;5;1;248;5;low;F;8;1810;no
3741;B;Road;4;1;238;3;low;M;4;5449;yes
3742;D;Flight;3;1;185;3;medium;M;7;5474;yes
3743;D;Road;3;3;183;2;low;M;6;5015;no
3744;D;Ship;4;1;243;5;medium;F;1;4624;yes
3745;F;Ship;3;3;279;4;low;M;3;4620;no
3746;A;Road;4;4;253;2;low;F;6;5892;no
3747;B;Road;6;4;174;3;medium;F;14;1651;yes
3748;F;Ship;5;2;261;5;medium;M;9;1227;yes
3749;D;Ship;6;2;256;4;low;F;6;1507;no
3750;C;Flight;4;4;140;3;medium;F;4;1467;yes
3751;D;Ship;4;4;161;2;medium;F;8;4348;yes
3752;C;Road;4;2;112;2;medium;F;8;4599;no
3753;F;Road;5;2;222;5;low;F;1;1672;no
3754;C;Ship;2;1;142;3;medium;F;8;6064;yes
3755;C;Flight;6;1;261;4;low;F;6;1703;yes
3756;F;Ship;2;5;133;3;low;F;62;1596;yes
3757;C;Ship;7;1;291;4;low;F;9;1880;yes
3758;F;Ship;5;3;249;2;low;F;9;4568;no
3759;F;Ship;5;3;172;3;medium;F;3;4056;no
3760;C;Ship;2;1;176;3;low;F;15;1996;yes
3761;F;Ship;3;4;237;3;high;F;9;5514;yes
3762;F;Ship;5;1;162;3;medium;M;5;4064;yes
3763;A;Ship;5;4;221;2;low;F;59;3444;yes
3764;D;Ship;3;3;99;3;high;M;63;1223;yes
3765;C;Road;6;2;137;10;low;F;5;4510;no
3766;A;Road;4;3;270;2;low;M;7;5814;no
3767;A;Flight;2;5;239;2;low;F;9;5363;yes
3768;B;Ship;4;2;197;2;medium;M;3;4715;yes
3769;C;;5;2;234;6;low;F;58;2448;yes
3770;B;Ship;4;4;196;3;low;F;11;3244;yes
3771;F;Ship;4;1;249;10;medium;M;7;5580;yes
3772;F;Flight;4;3;246;2;low;M;60;2086;yes
3773;A;Ship;5;3;222;3;low;F;6;4744;yes
3774;F;Ship;4;1;171;3;low;F;58;1516;yes
3775;F;Ship;3;4;245;4;low;M;9;4139;no
3776;F;Ship;4;4;163;2;low;F;41;1634;yes
3777;C;Ship;4;4;266;2;low;F;15;3425;yes
3778;B;Ship;4;4;134;2;low;M;1;5209;yes
3779;F;Road;4;3;223;2;low;F;3;5765;yes
3780;F;Road;4;5;238;2;low;F;1;2644;yes
3781;F;Ship;2;5;148;3;high;F;11;1502;yes
3782;F;Road;3;5;158;3;low;M;10;4861;no
3783;F;Ship;5;2;149;2;medium;F;8;5396;no
3784;B;Flight;5;3;232;5;low;F;1;1835;yes
3785;C;Ship;5;2;243;2;medium;M;58;2758;yes
3786;D;Ship;4;3;255;4;medium;F;10;4740;no
3787;F;Ship;3;1;173;2;medium;F;1;5927;yes
3788;C;Flight;3;5;169;3;low;F;4;5659;no
3789;F;Ship;5;3;227;4;low;F;10;1317;yes
3790;B;Ship;2;5;142;3;high;M;10;5174;no
3791;D;Ship;4;1;189;2;medium;F;63;3474;yes
3792;F;Flight;5;5;225;4;high;F;3;5274;yes
3793;F;Road;4;4;197;3;medium;F;41;3280;yes
3794;C;Road;2;1;113;5;low;F;9;1957;yes
3795;C;Ship;3;4;241;3;low;F;50;3074;yes
3796;C;Ship;4;3;175;4;medium;F;4;5685;no
3797;B;Flight;3;3;142;3;medium;M;23;1897;yes
3798;D;Road;4;2;255;5;medium;M;2;1186;yes
3799;F;Flight;5;1;198;2;medium;F;37;3025;yes
3800;C;Ship;4;5;199;2;medium;M;4;4762;no
3801;D;Ship;4;3;202;3;medium;M;2;3962;yes
3802;B;Ship;5;1;140;4;medium;M;48;1322;yes
3803;A;Road;4;1;140;3;low;M;4;5210;yes
3804;A;Road;4;5;229;5;low;F;3;1954;no
3805;C;Ship;3;1;257;2;medium;F;2;5815;no
3806;A;Ship;3;5;146;5;high;F;7;4538;no
3807;F;Ship;4;4;106;2;low;F;10;5173;yes
3808;B;Ship;6;2;225;4;low;M;6;5787;yes
3809;D;Flight;5;1;266;3;low;M;10;5858;no
3810;F;Flight;5;3;238;5;medium;M;2;1150;yes
3811;B;Ship;4;4;223;3;medium;F;51;3895;yes
3812;B;Ship;3;3;138;4;low;M;56;1440;yes
3813;C;Ship;4;1;160;5;low;F;10;4018;yes
3814;F;Ship;4;3;161;3;medium;F;28;1809;yes
3815;F;Flight;5;5;165;2;low;M;3;4005;yes
3816;F;Flight;5;1;149;3;low;M;40;1062;yes
3817;D;Road;4;1;251;3;low;F;4;4374;yes
3818;F;Ship;3;3;234;3;low;F;6;5652;no
3819;F;Road;3;4;233;3;medium;M;5;5306;no
3820;A;Flight;4;1;252;4;low;F;7;5459;yes
3821;C;Flight;5;5;162;3;low;M;41;1462;yes
3822;C;Flight;3;5;252;2;low;M;2;4888;yes
3823;F;Ship;4;5;219;3;low;F;1;5221;no
3824;B;Ship;2;4;111;2;high;M;60;1787;yes
3825;D;Road;3;1;258;4;medium;F;6;5365;yes
3826;C;Ship;3;3;255;3;low;M;4;4628;yes
3827;C;Ship;5;5;196;4;medium;M;8;4604;yes
3828;F;Road;4;2;229;2;medium;F;7;4855;yes
3829;B;Road;2;3;151;3;low;F;23;1930;yes
3830;D;Road;4;1;133;2;medium;M;1;5274;yes
3831;F;Ship;5;1;178;2;low;F;5;4369;no
3832;F;Flight;5;1;235;5;low;F;10;1920;no
3833;B;Flight;6;5;212;2;low;F;5;4804;yes
3834;F;Ship;3;5;195;2;medium;F;9;5832;no
3835;F;Road;4;3;241;5;low;F;2;1442;no
3836;D;Flight;3;4;194;3;medium;M;7;4565;no
3837;D;Ship;5;5;104;4;low;M;2;5235;no
3838;D;Flight;4;1;175;4;low;M;2;4053;no
3839;D;Road;4;4;258;7;medium;M;8;5069;no
3840;B;Flight;4;5;214;3;high;F;1;4004;no
3841;F;Ship;4;1;268;3;medium;M;6;4681;yes
3842;A;Ship;5;5;268;3;low;F;8;5480;no
3843;F;Ship;5;1;176;3;low;M;3;5919;no
3844;A;Ship;2;5;205;6;low;M;2;5671;no
3845;F;Ship;3;3;185;3;low;M;6;5995;yes
3846;F;Ship;6;1;172;6;high;F;50;1052;yes
3847;F;Ship;3;4;187;2;medium;M;54;3290;yes
3848;D;Road;2;4;183;3;low;F;12;3090;yes
3849;A;Road;3;3;183;3;medium;M;21;2585;yes
3850;F;Ship;4;4;212;2;medium;M;5;4774;yes
3851;B;Ship;5;3;275;5;low;F;2;1816;no
3852;A;Road;5;5;170;2;medium;F;36;1278;yes
3853;C;Ship;2;3;159;3;medium;M;62;1124;yes
3854;D;Flight;4;2;214;2;low;M;49;3416;yes
3855;A;Ship;4;3;149;3;medium;F;1;1448;yes
3856;C;Ship;3;3;162;3;medium;F;8;1869;yes
3857;B;Ship;3;1;244;4;medium;M;6;4734;yes
3858;A;Ship;4;4;171;2;low;M;7;5190;yes
3859;B;Road;4;3;141;2;low;F;8;4331;no
3860;C;Ship;2;5;190;8;medium;M;11;2976;yes
3861;F;Ship;4;5;251;5;medium;F;6;1434;no
3862;F;Ship;4;3;151;3;medium;F;6;5379;yes
3863;D;Ship;3;5;218;2;low;M;4;5142;no
3864;F;Road;3;3;243;2;medium;M;17;3230;yes
3865;C;Flight;5;2;232;2;medium;M;24;2174;yes
3866;F;Ship;3;5;150;2;medium;M;10;5187;no
3867;D;Flight;3;3;178;3;high;M;12;1900;yes
3868;B;Ship;4;2;183;2;low;F;8;4921;no
3869;F;Ship;7;3;310;5;low;F;5;1563;no
3870;A;Ship;3;4;151;3;medium;M;5;4767;yes
3871;D;Ship;5;3;149;3;medium;F;43;1005;yes
3872;C;Flight;4;1;180;2;low;M;23;1193;yes
3873;F;Ship;5;3;139;2;medium;F;3;5261;no
3874;B;Ship;4;2;180;3;low;M;3;1518;yes
3875;D;Ship;2;5;209;5;medium;F;9;5565;no
3876;F;Ship;3;2;238;3;high;F;54;3142;yes
3877;F;Road;3;2;145;2;low;M;3;4409;no
3878;F;Road;4;5;248;3;low;F;2;5310;yes
3879;F;Ship;3;5;174;6;low;M;6;5713;no
3880;C;Ship;2;4;264;3;low;F;1;5437;yes
3881;A;Ship;4;2;269;10;high;M;2;5616;yes
3882;D;Ship;4;4;264;2;medium;F;12;2203;yes
3883;F;Ship;5;4;275;2;medium;M;7;5292;no
3884;C;Ship;4;3;238;6;low;M;2;1898;no
3885;F;Ship;5;2;167;4;low;M;10;4325;no
3886;A;Ship;3;3;132;2;medium;M;1;4687;no
3887;D;Ship;6;2;267;4;low;M;10;1580;no
3888;A;Ship;6;5;268;4;medium;M;2;1462;no
3889;A;Flight;4;2;223;5;medium;F;3;4480;no
3890;C;Flight;3;4;251;3;medium;M;5;5608;yes
3891;A;Ship;3;1;198;4;medium;F;44;2848;yes
3892;F;Ship;2;4;162;3;high;F;2;5893;yes
3893;B;Ship;4;3;271;3;medium;M;1;4137;no
3894;B;Ship;5;4;97;6;high;M;7;5509;yes
3895;C;Ship;4;1;293;3;low;M;8;1326;yes
3896;B;Ship;4;1;206;3;medium;M;23;3807;yes
3897;B;Ship;4;2;266;3;medium;F;2;5252;yes
3898;F;Ship;3;3;137;3;low;F;8;4742;no
3899;D;Flight;3;1;191;2;medium;F;10;5073;no
3900;C;Ship;4;5;258;3;low;F;3;5422;yes
3901;A;Flight;3;5;184;3;medium;F;9;4969;no
3902;F;Ship;6;2;137;10;low;F;4;4490;no
3903;B;Flight;5;3;260;2;high;F;63;2715;yes
3904;B;Ship;4;5;218;6;low;M;5;4364;yes
3905;F;Ship;5;1;245;3;low;M;6;4343;yes
3906;F;Flight;4;1;267;2;medium;M;9;5230;yes
3907;C;Ship;3;4;285;6;low;F;27;2249;yes
3908;D;Ship;6;4;243;6;low;M;8;5218;no
3909;A;Ship;3;1;171;2;medium;F;7;4010;yes
3910;C;Ship;4;5;231;4;medium;M;9;5528;no
3911;A;Ship;5;1;123;2;low;F;9;5497;no
3912;F;Ship;7;1;265;4;medium;F;3;1357;yes
3913;C;Ship;4;2;241;6;medium;M;5;4880;yes
3914;F;Ship;4;5;198;2;medium;M;51;2820;yes
3915;B;Flight;4;5;195;3;medium;M;7;4835;no
3916;F;Ship;4;5;160;3;medium;M;50;1511;yes
3917;F;Ship;3;3;237;4;low;F;8;5761;no
3918;F;Ship;4;1;245;5;medium;M;1;1472;no
3919;C;Ship;5;4;241;4;high;M;6;4412;yes
3920;F;Ship;6;1;152;2;low;F;3;1340;no
3921;D;Flight;5;1;179;2;high;M;8;5301;yes
3922;F;Ship;4;3;271;3;low;M;59;2996;yes
3923;F;Ship;5;1;138;3;low;M;10;5612;yes
3924;F;Ship;2;5;195;3;low;M;3;5785;no
3925;B;Flight;3;5;108;2;low;F;10;5559;yes
3926;D;Road;3;3;213;2;low;M;10;5495;no
3927;D;Ship;4;2;236;3;low;F;1;4076;no
3928;D;Ship;4;5;163;3;low;M;38;1146;yes
3929;B;Ship;4;1;196;3;low;M;4;4634;yes
3930;F;Road;4;3;238;2;low;F;1;4051;no
3931;F;Road;3;2;160;2;high;M;4;4376;no
3932;F;Ship;4;5;209;3;low;F;6;5899;yes
3933;D;Ship;3;5;199;3;medium;F;62;3259;yes
3934;B;Road;3;1;166;2;medium;F;9;5853;yes
3935;B;Road;5;1;218;5;medium;M;8;1651;yes
3936;F;Ship;4;3;260;3;low;F;5;5540;no
3937;B;Ship;3;5;245;4;high;F;26;2072;yes
3938;D;Flight;6;3;292;4;low;F;10;1270;no
3939;B;Ship;3;2;179;3;low;M;4;4102;yes
3940;F;Ship;6;1;260;4;low;F;6;1766;no
3941;D;Road;3;3;145;3;medium;M;1;5709;no
3942;F;Ship;3;3;151;3;low;M;9;5082;no
3943;F;Ship;3;2;240;6;low;F;26;2683;yes
3944;B;Ship;3;2;192;3;low;M;1;4308;yes
3945;F;Flight;5;2;143;3;medium;M;12;1802;yes
3946;C;Flight;5;1;139;3;medium;M;2;5632;no
3947;F;Road;5;4;262;6;low;M;3;1700;no
3948;D;Ship;3;2;207;3;high;F;3;4909;yes
3949;C;Ship;3;1;212;2;medium;M;7;5022;no
3950;C;Ship;4;4;172;3;medium;F;1;4201;no
3951;F;Flight;3;1;187;2;low;F;8;4292;yes
3952;B;Ship;5;3;262;5;low;M;7;4157;no
3953;B;Ship;5;2;244;3;low;M;2;4198;no
3954;C;Road;6;4;294;3;medium;M;7;1455;no
3955;A;Ship;5;2;205;4;low;M;6;5486;no
3956;B;Flight;3;2;261;2;medium;M;10;4035;no
3957;F;Ship;3;3;189;2;low;F;9;4690;no
3958;F;Flight;5;4;266;6;medium;F;7;4486;no
3959;A;Ship;4;4;134;2;medium;F;5;5230;no
3960;F;Ship;3;1;157;2;medium;F;39;1525;yes
3961;C;Flight;4;4;258;3;medium;M;4;4578;no
3962;F;Ship;5;5;180;4;high;M;10;1200;yes
3963;B;Ship;4;3;223;4;low;F;25;3148;yes
3964;D;Ship;5;3;254;2;medium;M;4;3297;yes
3965;D;Ship;3;1;204;4;medium;F;6;5926;yes
3966;B;Ship;3;1;227;3;low;M;10;4305;yes
3967;A;Ship;4;1;195;3;medium;M;2;4682;no
3968;A;Road;3;2;124;5;medium;M;10;5348;no
3969;F;Ship;7;4;286;4;low;M;3;1262;yes
3970;C;Ship;5;5;226;3;medium;F;65;3840;yes
3971;F;Ship;3;5;198;3;low;M;2;3417;yes
3972;B;Ship;4;1;143;2;medium;M;3;1996;yes
3973;F;Ship;2;5;170;8;low;M;14;1396;yes
3974;F;Ship;4;4;209;3;medium;M;8;5884;yes
3975;F;Ship;6;2;305;4;low;M;2;1196;no
3976;A;Ship;4;1;147;3;low;M;11;1434;yes
3977;A;Ship;4;5;135;3;medium;F;5;4515;no
3978;C;Ship;4;1;134;3;medium;M;7;4933;yes
3979;F;Ship;5;3;250;3;medium;M;4;4343;no
3980;F;Ship;3;3;192;3;low;F;1;4180;yes
3981;B;Ship;5;1;261;5;medium;M;3;1644;yes
3982;D;Ship;3;1;294;4;low;F;25;1498;yes
3983;F;Ship;4;3;274;3;medium;F;8;4276;no
3984;F;Ship;4;2;245;5;medium;M;10;1668;yes
3985;F;Ship;3;5;224;2;low;M;13;3891;yes
3986;D;Ship;5;4;137;2;low;M;7;5338;yes
3987;F;Ship;4;3;233;2;medium;F;47;3606;yes
3988;B;Ship;5;2;223;5;low;M;2;1232;yes
3989;F;Road;3;2;247;2;medium;M;39;3189;yes
3990;D;Flight;5;1;271;4;low;M;3;4610;yes
3991;A;Flight;5;3;167;3;low;M;9;5026;no
3992;D;Ship;3;3;201;3;low;F;2;5540;yes
3993;C;Flight;6;3;276;4;low;M;6;1670;yes
3994;C;Ship;3;4;184;3;low;M;7;5438;no
3995;B;Ship;4;3;223;3;low;M;35;2715;yes
3996;D;Road;6;2;260;3;low;M;2;4071;no
3997;C;Ship;4;1;156;2;low;M;8;5488;no
3998;B;Road;4;5;224;4;medium;M;21;2026;yes
3999;F;Ship;6;2;182;3;low;M;7;4371;yes
4000;C;Road;4;5;262;6;medium;M;1;1249;no
4001;A;Ship;3;1;213;3;high;F;6;5535;no
4002;F;Flight;5;2;251;2;low;M;2;4245;yes
4003;C;Ship;5;4;185;3;medium;F;1;4925;no
4004;C;Ship;4;1;145;3;medium;M;8;4915;no
4005;F;Ship;5;4;266;2;medium;M;1;5494;no
4006;B;Road;3;1;190;3;low;F;1;5065;yes
4007;F;Ship;6;4;137;8;low;F;9;4374;yes
4008;F;Ship;3;3;241;3;low;M;5;2713;yes
4009;F;Ship;3;3;162;7;medium;F;42;1278;yes
4010;B;Ship;7;2;285;4;low;M;2;1491;yes
4011;D;Ship;5;2;241;2;medium;F;2;5448;no
4012;F;Ship;3;1;152;2;low;F;25;1848;yes
4013;F;Ship;3;3;188;4;medium;M;3;3075;yes
4014;D;Ship;5;2;111;5;medium;M;3;1711;yes
4015;F;Flight;3;5;206;4;medium;M;10;4321;yes
4016;F;Road;6;5;167;3;low;F;2;5761;yes
4017;D;Ship;4;4;162;10;high;M;12;1583;yes
4018;F;Ship;5;1;258;2;medium;F;48;3717;yes
4019;F;Ship;3;1;164;2;low;M;2;1304;yes
4020;A;Ship;5;2;144;3;low;M;49;1202;yes
4021;D;Ship;3;4;145;2;high;F;5;5513;no
4022;B;Flight;3;5;146;3;medium;M;8;5637;yes
4023;C;Ship;3;2;263;3;medium;M;8;5447;yes
4024;C;Road;5;3;261;4;medium;F;5;4623;yes
4025;D;Ship;4;4;175;2;medium;F;10;4927;no
4026;C;Ship;2;3;184;4;medium;M;3;4719;no
4027;F;Ship;3;2;225;3;low;F;59;3488;yes
4028;D;Flight;4;1;266;2;high;M;4;5116;no
4029;F;Ship;5;1;263;3;medium;M;6;4505;yes
4030;F;Ship;3;4;150;3;medium;M;47;1511;yes
4031;F;Ship;3;4;214;2;low;M;10;4794;no
4032;A;Ship;3;4;192;3;medium;F;31;3331;yes
4033;D;Ship;3;2;144;3;medium;F;48;1867;yes
4034;C;Flight;3;1;110;3;low;F;54;1155;yes
4035;B;Ship;4;4;266;3;low;M;3;5531;yes
4036;F;Flight;4;5;183;2;medium;F;2;4533;yes
4037;B;Ship;3;1;232;4;medium;F;51;2899;yes
4038;D;Ship;3;2;146;4;low;M;13;1790;yes
4039;D;Ship;3;5;251;10;medium;M;9;5962;no
4040;D;Ship;3;2;109;3;medium;F;15;1710;yes
4041;C;Ship;5;1;148;3;low;F;5;5790;no
4042;C;Ship;3;1;152;3;low;M;1;4949;yes
4043;B;Flight;3;3;176;4;medium;M;10;1177;yes
4044;B;Ship;5;4;244;6;high;F;3;4089;no
4045;B;Ship;4;4;181;3;medium;F;9;4425;yes
4046;C;Ship;7;3;308;4;medium;M;6;1113;no
4047;C;Ship;3;5;181;4;low;F;1;5812;no
4048;C;Ship;4;3;186;2;low;M;7;4947;yes
4049;C;Flight;5;1;233;5;medium;M;4;1622;no
4050;D;Ship;4;3;188;4;medium;M;7;4024;yes
4051;B;Ship;4;4;274;2;low;F;3;4257;no
4052;C;Road;3;5;256;3;low;F;62;2971;yes
4053;F;Ship;2;2;278;2;medium;F;9;4318;no
4054;A;Ship;5;4;250;6;low;F;1;4343;no
4055;A;Ship;6;5;279;4;low;M;7;1447;no
4056;F;Ship;4;4;203;2;low;F;10;5192;no
4057;D;Ship;5;3;274;5;medium;M;7;1696;yes
4058;F;Ship;4;5;206;3;low;F;65;2598;yes
4059;D;Ship;5;1;252;5;low;M;4;1308;no
4060;C;Ship;3;4;175;3;medium;M;4;1519;yes
4061;F;Flight;5;2;130;4;medium;F;1;1877;no
4062;B;Ship;3;1;173;2;low;M;10;4115;yes
4063;D;Ship;3;1;138;5;medium;F;8;1349;yes
4064;F;Ship;3;5;154;2;medium;M;6;4675;yes
4065;F;Ship;3;5;220;4;low;F;5;5677;no
4066;F;Ship;3;1;177;4;low;F;6;5037;yes
4067;F;Ship;5;4;167;7;medium;F;43;1619;yes
4068;F;Ship;3;1;274;4;low;M;3;5979;no
4069;A;Ship;4;4;258;5;low;M;7;1261;yes
4070;C;Ship;3;3;164;3;high;M;8;5170;no
4071;A;Ship;5;3;245;5;low;F;3;1409;no
4072;B;Ship;5;5;171;2;medium;F;22;1695;yes
4073;F;Ship;4;3;249;3;medium;F;6;5657;yes
4074;A;Ship;3;5;161;3;low;F;10;5663;yes
4075;C;Ship;4;2;244;5;low;F;7;5337;no
4076;B;Ship;6;5;266;4;low;M;8;1709;no
4077;F;Ship;4;1;133;2;medium;M;8;4277;no
4078;C;Ship;2;5;233;3;low;M;9;4751;yes
4079;F;Ship;5;5;192;3;medium;M;5;4942;yes
4080;F;Flight;4;2;201;8;medium;F;6;5128;no
4081;B;Flight;3;5;230;4;medium;F;2;5916;yes
4082;F;Ship;4;5;153;3;high;F;3;1347;yes
4083;F;Flight;3;5;261;3;low;F;10;4224;yes
4084;D;Road;5;2;225;3;medium;F;29;2411;yes
4085;A;Ship;6;4;249;4;low;M;10;1318;no
4086;C;Ship;6;5;295;4;medium;M;1;1159;no
4087;F;Road;5;2;260;2;high;M;58;2018;yes
4088;A;Ship;4;5;157;2;medium;F;1;5054;no
4089;C;Ship;4;5;231;3;low;M;4;5089;yes
4090;F;Ship;2;2;146;4;low;M;4;5817;no
4091;F;Ship;4;2;199;2;medium;F;4;3351;yes
4092;F;Ship;2;4;159;2;low;F;17;1686;yes
4093;C;;;1;155;3;medium;M;9;4443;no
4094;F;Flight;4;4;149;3;low;M;34;1977;yes
4095;B;Ship;3;5;186;2;medium;M;8;5924;no
4096;C;Ship;4;1;228;3;low;F;53;2021;yes
4097;A;Ship;5;2;258;2;medium;F;4;5965;no
4098;C;Road;4;2;161;3;low;F;22;1819;yes
4099;B;Ship;2;1;188;3;low;M;62;2106;yes
4100;F;Ship;4;1;140;3;medium;F;1;1464;yes
4101;D;Ship;5;1;185;3;medium;F;7;4855;yes
4102;F;Ship;3;5;146;10;low;M;9;4128;no
4103;A;Road;3;2;178;4;medium;F;48;1079;yes
4104;C;Ship;3;1;219;2;medium;F;10;4390;yes
4105;F;Ship;3;5;283;5;low;F;50;2848;yes
4106;D;Ship;3;4;209;2;high;F;5;4363;no
4107;F;Flight;5;5;258;5;medium;M;7;1819;no
4108;C;Ship;2;1;234;4;medium;F;9;5075;no
4109;A;Road;6;2;294;4;medium;M;10;1148;no
4110;D;Ship;4;1;161;7;medium;F;18;1294;yes
4111;B;Road;5;2;152;3;high;F;5;5502;yes
4112;D;Ship;4;4;273;2;low;M;1;5759;yes
4113;B;Ship;5;1;174;3;low;M;10;4008;no
4114;F;Ship;5;1;241;5;low;F;5;1116;yes
4115;F;Ship;4;5;274;2;low;F;2;4492;yes
4116;C;Ship;5;4;151;4;medium;M;10;1441;yes
4117;F;Ship;5;1;103;5;low;M;3;4966;no
4118;A;Road;5;1;135;3;low;M;3;4939;yes
4119;C;Ship;5;1;187;2;low;F;17;3513;yes
4120;B;Ship;5;1;263;6;low;F;3;1665;yes
4121;B;Ship;4;1;268;3;low;M;8;5486;no
4122;A;Ship;4;5;175;2;medium;M;4;4910;yes
4123;A;Ship;4;5;192;3;high;M;20;3872;yes
4124;D;Flight;4;1;256;2;medium;M;2;5630;no
4125;F;Ship;6;3;304;4;low;M;3;1752;yes
4126;B;Ship;4;5;172;4;medium;M;8;5900;yes
4127;C;Ship;3;4;247;3;medium;M;8;5792;no
4128;C;Ship;3;4;238;2;medium;M;7;5974;no
4129;F;Ship;3;5;258;3;low;M;17;3033;yes
4130;C;Ship;4;3;181;4;low;F;8;5106;no
4131;A;Road;4;5;134;3;medium;F;4;5423;no
4132;F;Ship;3;4;111;5;medium;F;1;4102;no
4133;F;Ship;4;2;184;3;low;F;63;3609;yes
4134;B;Flight;3;5;256;2;medium;F;4;5368;yes
4135;A;Ship;6;2;294;4;low;M;57;1265;yes
4136;A;Ship;4;1;172;3;high;F;24;1066;yes
4137;C;Ship;4;3;260;2;low;M;38;2526;yes
4138;A;Ship;4;3;170;4;medium;F;9;4375;no
4139;B;Ship;3;2;177;3;low;F;9;5427;no
4140;D;Ship;5;2;139;4;low;F;9;5070;yes
4141;A;Ship;4;5;236;4;medium;M;1;4082;no
4142;B;Road;4;5;134;10;medium;M;5;4244;no
4143;D;Ship;3;4;232;2;low;F;8;5629;yes
4144;B;Flight;3;3;183;2;low;M;53;3932;yes
4145;F;Ship;4;3;259;5;low;M;6;1867;yes
4146;C;Ship;5;2;167;3;medium;F;7;1939;yes
4147;B;Ship;4;3;259;3;high;M;45;3761;yes
4148;A;Ship;5;5;253;2;high;F;3;4851;no
4149;F;Ship;4;5;254;10;high;M;7;5524;yes
4150;F;Ship;4;2;169;3;medium;F;7;1897;no
4151;A;Ship;5;5;257;3;medium;F;5;5084;no
4152;D;Ship;6;4;241;6;high;F;61;2806;yes
4153;F;Ship;3;1;226;2;low;M;7;4703;no
4154;F;Flight;4;2;197;7;medium;M;43;3730;yes
4155;B;Ship;4;2;227;3;medium;M;7;4041;no
4156;B;Ship;5;3;255;5;medium;F;10;1886;no
4157;B;Ship;5;1;166;2;low;M;44;1647;yes
4158;F;Road;3;4;143;3;low;F;1;4392;yes
4159;A;Flight;3;5;161;3;low;F;4;5629;no
4160;F;Ship;3;2;136;4;low;M;62;1090;yes
4161;F;Ship;7;2;282;5;low;M;6;1744;yes
4162;C;Ship;5;5;162;4;low;M;8;1311;no
4163;F;Flight;3;2;273;3;medium;F;2;4948;no
4164;F;Ship;3;2;210;3;medium;F;43;2096;yes
4165;D;Ship;3;2;219;3;medium;M;1;4918;yes
4166;C;Ship;3;5;193;3;low;F;47;3523;yes
4167;F;Flight;3;3;160;2;medium;F;32;1718;yes
4168;F;Ship;4;4;259;2;low;M;6;4308;yes
4169;F;Ship;3;1;191;3;low;F;4;3947;yes
4170;C;Flight;2;2;264;3;medium;M;1;4518;no
4171;A;Ship;3;2;177;2;medium;F;23;1929;yes
4172;B;Ship;4;5;148;2;low;M;2;4883;yes
4173;B;Flight;5;5;216;6;low;M;54;2075;yes
4174;B;Ship;4;4;172;2;medium;F;3;5538;yes
4175;D;Ship;4;1;261;4;medium;F;6;4888;no
4176;D;Flight;4;5;236;3;low;M;8;4132;no
4177;A;Road;3;1;236;3;medium;F;8;5341;yes
4178;F;Ship;5;4;156;2;low;F;57;1842;yes
4179;C;Ship;3;2;209;2;low;M;9;5203;no
4180;F;Road;2;5;116;3;low;F;3;1688;yes
4181;D;Ship;3;1;178;3;low;F;11;1481;yes
4182;C;Ship;4;1;272;2;low;M;1;5666;no
4183;F;Ship;7;5;289;4;low;F;10;1074;yes
4184;F;Road;2;5;182;2;medium;F;57;2896;yes
4185;F;Flight;4;3;148;5;medium;F;6;4802;no
4186;D;Ship;5;4;193;3;medium;M;3;4559;no
4187;F;Ship;2;4;143;6;medium;F;1;5514;no
4188;F;Ship;4;3;163;5;low;M;29;1349;yes
4189;F;Ship;5;5;262;5;low;M;6;1887;yes
4190;D;Ship;5;1;170;4;low;F;4;4855;yes
4191;F;Road;4;3;253;3;high;F;18;2849;yes
4192;C;Flight;3;5;202;3;low;M;2;5208;no
4193;B;Flight;4;1;167;3;low;M;42;1197;yes
4194;C;Ship;5;2;198;5;low;M;65;1994;yes
4195;A;Ship;4;1;259;3;low;M;9;5148;yes
4196;F;Ship;3;1;207;4;low;M;9;4252;no
4197;B;Road;4;1;147;2;low;M;8;4600;yes
4198;F;Flight;3;3;163;3;medium;F;65;1614;yes
4199;C;Flight;3;4;245;4;low;M;20;2534;yes
4200;B;Ship;6;4;291;4;low;F;5;1327;no
4201;C;Ship;4;1;265;6;low;F;2;1629;yes
4202;C;Ship;4;3;189;3;medium;F;9;4825;no
4203;F;Ship;3;1;214;2;high;F;10;4310;no
4204;F;Ship;3;2;208;2;low;M;41;2036;yes
4205;C;Road;3;5;148;3;low;M;4;5919;no
4206;C;Road;3;3;156;6;low;M;45;1602;yes
4207;A;Ship;7;5;268;4;medium;F;9;1754;yes
4208;F;Ship;5;4;211;2;medium;F;7;4734;no
4209;F;Flight;5;4;259;6;low;M;1;1206;yes
4210;F;Road;4;3;161;3;low;F;52;1199;yes
4211;F;Ship;3;2;189;2;medium;F;4;4160;no
4212;A;Ship;3;4;180;2;medium;F;49;1942;yes
4213;D;Ship;3;5;115;3;medium;M;60;1122;yes
4214;D;Ship;4;4;228;4;high;M;1;5573;no
4215;D;Ship;6;1;286;7;medium;F;7;2338;yes
4216;B;Flight;4;3;258;3;medium;M;58;2579;yes
4217;D;Ship;3;5;137;2;medium;M;38;1647;yes
4218;F;Road;3;5;256;2;medium;F;9;5750;no
4219;F;Road;5;2;152;3;low;F;4;4770;yes
4220;D;Ship;7;3;251;5;low;F;8;1616;yes
4221;B;Ship;3;4;134;3;high;F;6;5680;no
4222;A;Flight;3;1;104;4;low;F;9;5211;yes
4223;F;Ship;4;1;202;3;low;M;10;4454;no
4224;C;Flight;6;4;299;4;medium;M;9;1036;yes
4225;D;Road;4;4;251;3;high;F;5;5460;no
4226;F;Ship;4;3;262;2;low;M;10;5524;yes
4227;B;Flight;5;1;183;6;medium;F;2;5082;no
4228;A;Ship;3;5;205;3;medium;F;9;4565;yes
4229;D;Road;5;2;264;5;low;F;27;3118;yes
4230;F;Ship;3;5;225;3;low;F;12;2721;yes
4231;A;Flight;4;2;258;5;medium;M;2;1494;no
4232;B;Ship;5;3;215;4;low;M;5;5915;yes
4233;B;Road;4;1;232;5;medium;M;9;1145;no
4234;C;Flight;6;1;260;5;low;F;3;1434;no
4235;C;Ship;2;1;207;3;medium;F;10;5394;no
4236;A;Ship;4;3;258;2;low;F;3;4555;no
4237;F;Ship;4;5;202;3;medium;F;46;3181;yes
4238;F;Ship;2;1;111;2;high;F;10;1920;yes
4239;C;Ship;5;5;135;3;medium;M;2;5849;yes
4240;D;Flight;3;1;265;3;medium;F;10;4244;no
4241;C;Ship;3;3;264;2;low;M;6;4102;no
4242;F;Ship;5;5;239;6;low;M;9;1417;yes
4243;B;Ship;3;2;173;2;low;F;8;5492;no
4244;F;Ship;3;1;150;2;low;F;6;5697;no
4245;F;Ship;4;2;273;5;low;F;4;1223;yes
4246;B;Ship;7;4;282;4;low;M;6;1800;no
4247;F;Ship;3;1;254;2;high;F;60;3590;yes
4248;C;Ship;3;1;142;2;low;F;5;4728;no
4249;F;Ship;4;1;248;2;low;F;6;5621;no
4250;D;Ship;4;4;234;2;high;M;2;2008;yes
4251;F;Ship;4;3;260;3;medium;F;4;5770;yes
4252;F;Ship;4;3;157;3;medium;M;9;4990;no
4253;D;Flight;5;5;182;3;low;F;9;5388;no
4254;C;Ship;4;2;246;3;high;M;5;5960;no
4255;D;Ship;4;4;279;5;medium;F;56;2697;yes
4256;D;Flight;3;2;202;2;medium;M;5;5135;yes
4257;B;Ship;3;2;215;3;medium;F;10;4198;yes
4258;C;Ship;4;1;213;4;high;F;35;2343;yes
4259;B;Ship;2;4;147;2;medium;F;65;1738;yes
4260;F;Ship;3;5;171;3;medium;M;5;4075;yes
4261;B;Ship;4;4;207;3;low;M;9;4314;no
4262;D;Ship;5;3;210;3;medium;M;9;5912;no
4263;C;Ship;5;5;216;3;low;F;5;3137;yes
4264;D;Ship;4;2;249;3;low;F;6;5051;yes
4265;F;Road;4;4;162;2;medium;M;30;1158;yes
4266;B;Ship;4;5;136;2;medium;M;4;5923;yes
4267;F;Ship;7;3;300;4;medium;F;5;1244;no
4268;C;Flight;5;3;272;2;low;F;4;5112;no
4269;A;Ship;4;1;204;4;low;F;3;1667;no
4270;D;Ship;2;3;123;2;medium;M;11;1383;yes
4271;B;Ship;5;5;242;5;medium;M;3;1444;yes
4272;D;Flight;5;2;259;2;medium;M;7;4764;no
4273;B;Ship;3;4;231;6;medium;F;3;5910;yes
4274;F;Ship;5;3;222;3;medium;F;10;4597;no
4275;B;Road;3;2;162;3;medium;M;6;4505;yes
4276;C;Flight;5;2;227;5;medium;M;9;1917;no
4277;F;Road;2;3;194;4;medium;M;65;3795;yes
4278;A;Ship;5;2;249;6;low;M;8;5633;no
4279;F;Ship;3;4;257;4;low;M;10;4415;no
4280;F;Ship;4;1;239;5;low;F;8;1048;no
4281;F;Flight;6;3;254;4;low;M;6;1335;no
4282;D;Road;4;2;156;3;medium;M;1;4097;yes
4283;B;Road;5;5;184;3;low;F;2;5800;no
4284;F;Ship;5;2;206;2;medium;F;2;5627;yes
4285;A;Ship;4;3;196;3;medium;F;8;5541;no
4286;F;Ship;4;5;177;7;low;F;2;4299;no
4287;C;Road;3;4;256;2;medium;M;55;2247;yes
4288;D;Ship;3;4;191;2;medium;M;8;5667;yes
4289;D;Ship;3;3;242;3;medium;F;8;5915;yes
4290;A;Flight;5;1;303;5;medium;F;9;1203;no
4291;B;Ship;4;1;138;2;low;M;28;1528;yes
4292;D;Ship;4;4;226;7;low;M;9;2182;yes
4293;A;Ship;4;1;253;3;medium;F;9;5502;yes
4294;F;Flight;3;3;255;2;medium;F;3;4824;no
4295;F;Ship;4;2;225;2;medium;F;5;5943;no
4296;A;Ship;4;1;197;2;low;F;2;5685;no
4297;C;Ship;6;3;292;4;low;M;8;1925;no
4298;A;Ship;3;1;144;2;medium;M;8;5378;yes
4299;F;Road;4;3;147;4;low;F;7;4865;no
4300;F;Ship;3;4;225;4;medium;F;9;5575;no
4301;D;Ship;3;5;257;3;low;F;52;2170;yes
4302;D;Ship;4;2;262;3;low;M;4;5085;no
4303;D;Flight;4;1;180;3;high;F;5;4346;no
4304;D;Flight;5;4;235;2;medium;;9;5549;no
4305;F;Flight;5;1;170;3;medium;F;48;1299;yes
4306;F;Ship;5;3;145;2;medium;M;6;1965;yes
4307;F;Ship;6;5;278;4;low;M;2;1167;yes
4308;C;Ship;3;5;264;2;medium;M;33;2021;yes
4309;F;Ship;4;5;149;3;low;M;9;4953;yes
4310;C;Ship;3;3;149;2;medium;M;7;1145;yes
4311;A;Ship;5;2;232;3;low;F;1;1187;yes
4312;F;Ship;3;3;153;10;medium;M;10;5772;no
4313;F;Ship;6;5;167;2;low;M;10;4013;yes
4314;F;Ship;3;2;157;3;high;F;1;5398;no
4315;A;Road;2;3;142;3;low;F;46;1694;yes
4316;D;Road;3;2;125;3;medium;F;12;1212;yes
4317;C;Ship;4;3;213;3;medium;M;57;3599;yes
4318;F;Flight;2;3;263;3;medium;F;10;4779;no
4319;C;Ship;3;5;150;4;medium;F;8;4433;no
4320;F;Flight;3;2;224;3;low;M;40;2180;yes
4321;D;Ship;6;3;166;4;low;M;10;5783;yes
4322;B;Ship;4;4;272;2;low;M;1;4013;yes
4323;A;Flight;3;4;135;3;low;M;11;1740;yes
4324;B;Road;3;5;174;6;medium;F;7;4608;no
4325;A;Ship;3;5;170;7;low;F;7;4373;yes
4326;C;Flight;6;5;252;4;low;F;2;1249;no
4327;B;Ship;2;4;248;3;low;F;5;5441;no
4328;C;Ship;3;3;241;3;medium;F;10;5275;yes
4329;F;Ship;4;5;267;4;low;M;20;3132;yes
4330;C;Flight;4;3;269;6;medium;M;62;3950;yes
4331;C;Flight;3;4;138;3;medium;F;10;4327;yes
4332;C;Ship;4;3;191;4;low;F;15;2544;yes
4333;B;Ship;5;3;221;6;medium;F;3;1960;yes
4334;C;Ship;5;3;156;3;low;F;6;5231;yes
4335;A;Road;4;2;146;8;low;M;7;5245;yes
4336;C;Ship;4;4;235;2;low;M;4;5671;no
4337;C;Ship;4;3;266;3;medium;M;8;4493;no
4338;D;Ship;3;3;124;3;medium;M;59;1959;yes
4339;D;Ship;6;1;280;4;medium;M;5;1431;no
4340;D;Ship;5;3;287;4;low;M;2;1437;no
4341;D;Ship;3;5;190;10;medium;M;26;3244;yes
4342;F;Flight;3;3;251;3;medium;M;2;5972;no
4343;F;Flight;5;5;263;5;medium;M;10;1789;yes
4344;C;Ship;4;5;168;3;high;F;4;4759;yes
4345;B;Road;4;3;138;3;high;M;2;5358;no
4346;F;Ship;5;5;231;3;medium;F;10;5361;no
4347;D;Road;5;3;257;5;medium;F;3;1953;no
4348;C;Road;4;3;256;3;medium;M;3;4480;no
4349;A;Ship;7;3;278;4;low;F;8;1909;yes
4350;F;Ship;5;5;255;4;medium;M;3;3440;yes
4351;C;Ship;4;2;194;3;low;F;10;5171;yes
4352;D;Ship;3;1;222;3;low;M;1;5362;yes
4353;A;Ship;3;5;270;5;low;M;31;3737;yes
4354;D;Flight;2;1;181;4;low;F;2;4747;no
4355;F;Road;3;3;274;4;medium;F;7;4828;no
4356;B;Ship;3;2;244;2;high;F;9;4142;no
4357;C;Ship;3;1;209;2;low;M;43;2237;yes
4358;D;Ship;4;1;266;4;low;M;3;5773;yes
4359;A;Road;5;5;254;2;medium;M;6;4934;no
4360;F;Ship;3;3;214;3;medium;F;2;4964;yes
4361;C;Ship;5;4;217;6;medium;M;6;1483;yes
4362;F;Ship;4;2;184;3;low;M;3;1705;yes
4363;A;Ship;5;5;98;2;medium;M;2;4125;yes
4364;F;Ship;3;2;210;3;medium;M;8;4011;no
4365;B;Ship;3;4;250;3;low;M;6;5565;no
4366;C;Ship;5;1;179;2;low;M;8;5198;yes
4367;C;Ship;3;1;223;4;low;M;1;4195;no
4368;F;Flight;6;5;308;4;low;F;7;1078;no
4369;F;Ship;6;3;170;4;low;M;1;4912;no
4370;B;Ship;2;4;225;10;high;M;56;3384;yes
4371;D;Ship;5;5;234;5;medium;M;9;1812;no
4372;F;Ship;5;5;271;4;low;M;8;1132;yes
4373;B;Ship;5;2;249;3;low;M;9;5978;yes
4374;F;Ship;6;3;244;5;medium;F;4;1121;yes
4375;C;Ship;4;4;267;3;medium;M;9;5254;no
4376;C;Ship;4;5;262;3;medium;F;38;3139;yes
4377;A;Ship;3;3;269;3;medium;M;5;4197;yes
4378;F;Ship;3;2;260;3;low;M;9;4591;yes
4379;B;Flight;6;3;247;4;medium;F;4;1476;yes
4380;F;Ship;3;2;126;5;low;F;6;4372;yes
4381;B;Ship;2;2;133;3;low;M;5;1268;yes
4382;D;Ship;3;3;250;2;medium;F;8;5067;no
4383;C;Ship;5;4;238;6;low;M;6;1850;yes
4384;D;Ship;4;3;180;2;medium;M;7;5546;yes
4385;D;Flight;5;1;228;2;high;M;6;4984;yes
4386;D;Flight;3;3;263;3;medium;F;9;5665;yes
4387;A;Road;3;4;186;3;high;M;1;5922;yes
4388;C;Ship;7;1;285;4;low;M;2;1516;no
4389;B;Ship;4;1;173;2;medium;F;8;4893;no
4390;C;Flight;4;4;248;3;high;F;10;4532;no
4391;D;Ship;4;4;221;3;medium;M;5;4024;no
4392;F;Ship;3;2;279;3;medium;F;6;4560;no
4393;A;Ship;5;4;199;5;medium;M;6;5210;yes
4394;C;Ship;3;2;250;4;low;F;3;5449;yes
4395;C;Road;3;1;209;3;low;F;20;3181;yes
4396;A;Ship;6;5;251;4;medium;F;3;1660;no
4397;D;Ship;6;5;252;4;low;F;9;1460;no
4398;A;Ship;3;2;196;5;medium;F;6;5692;no
4399;C;Flight;4;2;211;2;low;F;39;2520;yes
4400;A;Flight;7;5;302;4;low;M;3;1597;yes
4401;F;Flight;3;3;149;2;medium;M;3;4527;no
4402;F;Ship;4;5;201;8;medium;F;4;5472;yes
4403;F;Flight;4;5;258;5;low;M;3;1162;no
4404;F;Flight;4;5;250;5;medium;M;6;1662;no
4405;C;Ship;5;2;272;3;high;M;5;4972;no
4406;D;Ship;3;3;269;3;high;M;8;5910;no
4407;A;Road;5;3;269;3;low;F;8;4811;no
4408;A;Ship;6;2;257;4;medium;M;2;1012;no
4409;D;Ship;4;5;224;2;low;M;6;4994;no
4410;F;Flight;6;2;293;4;low;F;4;1764;yes
4411;F;Ship;4;5;141;2;low;F;10;5907;yes
4412;A;Flight;3;4;212;3;medium;F;13;2307;yes
4413;F;Ship;5;5;184;3;low;F;5;5045;no
4414;C;Flight;4;3;213;2;low;M;27;2034;yes
4415;A;Ship;4;1;261;3;medium;M;7;4314;yes
4416;F;Ship;4;1;213;3;low;F;21;3585;yes
4417;A;Flight;3;3;234;3;medium;F;3;4187;yes
4418;F;Ship;4;3;208;3;medium;F;7;4525;yes
4419;F;Ship;4;5;208;5;low;F;7;5833;no
4420;D;Road;5;2;130;4;high;M;4;4371;no
4421;B;Flight;3;1;211;2;low;F;45;3332;yes
4422;F;Ship;2;1;166;3;medium;M;6;4280;no
4423;A;Ship;4;1;245;3;medium;F;5;4173;no
4424;F;Flight;5;2;102;5;medium;F;3;4784;no
4425;A;Ship;5;1;238;6;medium;M;10;5508;no
4426;C;Ship;4;3;225;2;medium;F;10;5523;yes
4427;D;Flight;3;1;231;6;medium;F;64;3627;yes
4428;D;Ship;3;1;;3;low;F;5;5213;yes
4429;F;Ship;5;4;226;2;low;M;6;4547;no
4430;D;Ship;2;2;137;3;low;F;20;1823;yes
4431;F;Ship;4;4;268;3;low;F;9;4118;yes
4432;A;Flight;4;2;252;2;medium;F;6;5414;no
4433;A;Flight;2;2;237;5;low;M;8;4461;no
4434;F;Ship;3;4;199;3;medium;F;3;4067;no
4435;D;Flight;5;4;184;5;low;F;5;4782;no
4436;D;Road;6;4;244;4;medium;M;7;1795;no
4437;D;Flight;5;5;169;3;medium;M;2;5942;yes
4438;A;Ship;3;5;216;4;low;F;3;4934;no
4439;A;Ship;3;1;255;2;medium;M;42;3459;yes
4440;C;Ship;3;4;269;3;medium;F;21;3716;yes
4441;C;Ship;6;2;282;4;low;M;1;1857;yes
4442;C;Ship;6;3;135;5;low;F;20;1266;yes
4443;B;Flight;3;1;248;3;low;M;9;2616;yes
4444;D;Ship;7;3;309;4;low;F;1;1290;yes
4445;D;Ship;4;2;221;3;low;M;10;4126;no
4446;F;Ship;4;4;228;3;low;M;60;2715;yes
4447;D;Flight;5;5;271;5;low;F;4;1667;no
4448;B;Ship;4;4;162;2;medium;M;8;1386;yes
4449;D;Ship;5;3;210;5;medium;M;9;5431;yes
4450;B;Ship;2;2;247;3;low;F;4;4686;yes
4451;A;Ship;5;1;258;3;medium;F;8;5694;no
4452;C;Ship;5;4;134;3;medium;M;4;4908;no
4453;A;Road;3;5;209;2;low;M;33;2603;yes
4454;D;Ship;3;2;169;3;low;F;3;5673;no
4455;F;Road;5;3;237;3;low;F;8;5131;no
4456;C;Road;3;4;142;4;medium;M;5;4429;no
4457;F;Road;4;3;250;6;medium;M;2;4246;no
4458;F;Flight;4;1;223;3;medium;F;4;4972;yes
4459;F;Ship;3;1;269;3;low;M;61;3542;yes
4460;F;Flight;4;5;263;3;medium;F;6;5445;no
4461;A;Flight;3;5;191;3;low;M;23;3750;yes
4462;A;Ship;3;4;214;2;low;M;50;3881;yes
4463;F;Ship;5;2;274;6;medium;M;2;1748;yes
4464;F;Ship;3;5;286;6;medium;M;3;4424;no
4465;C;Ship;2;1;159;2;low;F;44;1213;yes
4466;D;Ship;4;5;212;2;medium;M;10;4552;no
4467;A;Ship;4;2;160;2;high;F;5;4343;no
4468;F;Flight;4;2;149;2;low;M;2;4026;yes
4469;B;Ship;3;5;166;3;medium;F;9;5275;yes
4470;F;Road;4;1;243;3;high;F;9;4277;no
4471;A;Ship;3;3;223;3;;F;4;5062;yes
4472;D;Ship;5;1;237;5;medium;F;8;1150;yes
4473;D;Flight;5;3;280;6;high;M;5;4585;no
4474;F;Ship;3;2;213;3;medium;M;10;5993;yes
4475;F;Flight;5;2;240;5;low;F;7;1923;no
4476;F;Road;3;4;144;3;low;M;50;1865;yes
4477;D;Road;3;2;111;2;low;F;4;4245;yes
4478;C;Ship;5;2;156;4;low;M;8;5014;no
4479;C;Road;3;2;272;3;low;M;2;4459;yes
4480;D;Ship;5;3;237;2;medium;M;3;5113;no
4481;A;Ship;5;2;241;3;low;F;10;4244;yes
4482;C;Ship;4;4;259;2;medium;M;44;2132;yes
4483;C;Ship;3;3;264;2;low;M;2;4350;no
4484;F;Road;5;4;140;4;high;F;5;1130;yes
4485;A;Road;3;5;139;2;medium;M;64;1857;yes
4486;C;Ship;5;4;182;3;medium;F;7;5677;yes
4487;F;Flight;5;5;156;2;low;F;8;4817;no
4488;F;Flight;3;4;239;8;high;M;4;4192;no
4489;D;Ship;5;2;208;8;medium;M;5;4751;no
4490;D;Road;2;3;128;2;medium;F;53;1530;yes
4491;B;Ship;3;3;265;3;low;F;10;4093;yes
4492;A;Ship;3;3;141;2;medium;F;48;1758;yes
4493;F;Flight;2;5;216;2;medium;F;57;3807;yes
4494;A;Ship;2;5;111;2;low;F;5;4038;yes
4495;C;Ship;7;4;282;5;low;M;5;1149;no
4496;F;Ship;4;5;241;4;medium;F;10;4126;yes
4497;D;Ship;5;3;237;3;high;M;7;4208;yes
4498;B;Ship;4;1;191;3;low;M;4;2724;yes
4499;F;Ship;6;4;195;5;high;F;10;4225;no
4500;C;Ship;3;4;267;3;high;F;2;5204;yes
4501;A;Ship;3;3;168;3;medium;M;11;1008;yes
4502;A;Ship;3;5;268;3;low;F;6;4172;yes
4503;C;Ship;5;4;242;5;low;F;4;1155;no
4504;F;Ship;3;5;133;3;medium;F;4;5902;no
4505;F;Ship;4;4;246;3;low;M;2;5473;yes
4506;C;Ship;5;5;163;2;high;M;6;5253;yes
4507;B;Ship;3;2;270;3;medium;M;9;5873;yes
4508;C;Ship;5;3;143;2;medium;M;59;1837;yes
4509;B;Ship;3;4;172;3;low;M;56;1103;yes
4510;D;Ship;2;1;127;3;low;F;15;1522;yes
4511;A;Ship;5;4;145;3;low;M;2;4492;yes
4512;C;Ship;3;3;175;3;high;F;45;1212;yes
4513;B;Flight;3;3;121;2;low;M;10;5130;yes
4514;B;Ship;4;4;202;3;medium;M;2;4299;yes
4515;D;Road;4;4;222;3;medium;M;2;5140;no
4516;F;Flight;5;2;221;5;medium;M;10;1160;no
4517;F;Ship;6;1;263;4;low;F;6;1153;no
4518;F;Ship;7;2;295;4;low;F;10;1587;no
4519;C;Ship;5;4;222;3;low;F;20;3632;yes
4520;F;Ship;2;1;258;5;low;M;10;1221;yes
4521;A;Ship;5;1;241;3;low;F;7;5134;yes
4522;F;Ship;3;3;217;4;medium;F;3;5602;no
4523;C;Ship;3;2;208;4;medium;M;52;2900;yes
4524;C;Ship;4;3;146;3;medium;F;10;5372;no
4525;A;Ship;3;3;140;2;medium;F;30;1547;yes
4526;F;Ship;3;4;162;3;low;M;17;1700;yes
4527;C;Ship;5;5;268;5;medium;F;10;1906;no
4528;F;Ship;4;2;134;3;low;F;9;4214;yes
4529;F;Ship;5;1;120;3;low;M;7;4381;yes
4530;C;Flight;5;4;178;7;medium;F;36;1179;yes
4531;C;Ship;3;1;138;10;low;F;4;4496;yes
4532;C;Flight;4;5;150;2;low;F;30;1782;yes
4533;B;Road;4;2;177;3;low;F;4;4550;no
4534;F;Ship;3;1;146;3;medium;M;9;4944;yes
4535;B;Flight;4;3;208;2;medium;M;6;4276;yes
4536;F;Ship;3;1;203;10;medium;F;7;5917;yes
4537;F;Ship;4;1;209;4;medium;F;1;5057;no
4538;F;Ship;3;2;178;2;medium;F;59;1933;yes
4539;B;Ship;3;5;252;3;high;F;4;4248;no
4540;A;Ship;5;4;226;5;medium;F;4;1518;no
4541;F;Road;5;1;225;5;low;M;2;1812;no
4542;F;Ship;3;3;200;3;low;M;3;5739;no
4543;D;Road;3;4;175;3;low;F;3;4449;no
4544;D;Ship;4;1;168;2;low;M;3;4665;yes
4545;B;Flight;5;2;278;2;low;F;17;2493;yes
4546;C;Flight;6;5;253;4;medium;M;1;1977;no
4547;A;Ship;3;1;204;3;medium;M;4;5900;yes
4548;D;Ship;4;3;141;3;low;F;2;1915;yes
4549;C;Flight;6;2;290;4;medium;M;1;1111;no
4550;F;Ship;4;3;169;2;high;M;7;4032;yes
4551;D;Road;4;3;179;3;low;F;3;5495;yes
4552;C;Road;5;3;256;6;medium;M;3;1441;no
4553;B;Ship;4;5;270;3;medium;F;2;5272;no
4554;B;Flight;3;1;199;3;high;M;3;5127;no
4555;D;Flight;6;1;126;3;medium;F;37;1697;yes
4556;A;Road;4;3;143;4;medium;F;2;4919;no
4557;D;Ship;6;4;276;6;low;F;8;5037;no
4558;D;Ship;3;4;187;2;high;M;8;3725;yes
4559;F;;3;4;;3;high;F;4;5996;no
4560;F;Flight;3;1;153;2;medium;F;51;1841;yes
4561;A;Road;3;3;137;3;high;M;7;5794;yes
4562;F;Road;3;1;132;2;medium;M;62;1909;yes
4563;B;Flight;5;3;257;5;medium;F;7;1565;yes
4564;F;Flight;3;5;202;2;low;F;4;3372;yes
4565;B;Ship;4;5;151;3;high;F;31;1365;yes
4566;B;Flight;3;1;191;3;low;M;1;4705;no
4567;F;Ship;3;1;170;2;low;F;2;5662;yes
4568;C;Ship;4;4;159;3;low;F;1;4194;yes
4569;F;Road;6;5;309;4;low;M;6;1463;yes
4570;D;Ship;2;2;221;2;medium;F;3;4500;yes
4571;A;Ship;4;2;177;3;medium;M;5;5757;no
4572;A;Ship;6;2;247;4;medium;M;8;1941;no
4573;D;Ship;5;2;230;6;low;M;10;3604;yes
4574;B;Ship;3;5;212;3;low;F;19;2703;yes
4575;D;Flight;6;4;275;4;medium;F;5;1989;no
4576;F;Flight;5;1;231;7;high;F;9;5558;no
4577;F;Ship;5;5;265;3;low;M;3;5637;no
4578;B;Ship;6;5;251;4;low;F;8;1038;no
4579;F;Flight;4;5;209;8;medium;F;59;2948;yes
4580;A;Ship;4;4;129;6;medium;F;7;4873;yes
4581;A;Ship;6;3;273;5;low;M;8;1746;yes
4582;F;Ship;3;2;199;4;medium;F;1;5660;no
4583;B;Ship;6;5;163;4;high;M;3;5118;yes
4584;F;Road;3;4;136;3;medium;M;6;4631;no
4585;F;Ship;4;2;217;5;medium;M;10;1744;no
4586;D;Road;5;5;154;3;medium;F;50;1389;yes
4587;D;Ship;4;3;225;2;medium;F;2;4169;yes
4588;F;Road;3;2;264;4;high;F;32;2754;yes
4589;F;Flight;2;4;274;10;high;M;3;4167;yes
4590;A;Ship;4;2;180;3;medium;M;6;4417;no
4591;A;Ship;2;3;164;5;low;M;7;1243;no
4592;D;Flight;3;3;191;4;medium;F;17;3675;yes
4593;F;Ship;5;5;248;5;medium;F;1;1945;yes
4594;A;Ship;4;4;216;6;low;M;10;1255;no
4595;A;Ship;3;2;199;2;medium;M;10;4659;no
4596;B;Ship;4;3;232;5;low;F;9;1856;no
4597;F;Ship;5;4;267;5;low;M;9;1113;no
4598;C;Ship;6;1;196;4;medium;F;2;5844;no
4599;F;Ship;3;5;222;5;medium;M;2;4027;yes
4600;F;Ship;4;2;252;4;low;M;1;4705;yes
4601;B;Ship;5;1;242;5;low;F;8;1815;no
4602;A;Ship;5;4;206;4;low;F;3;3755;yes
4603;A;Ship;2;1;257;2;low;F;24;2130;yes
4604;F;Road;4;5;222;3;medium;F;7;5844;no
4605;F;Ship;4;5;262;6;low;M;10;1156;no
4606;F;Ship;6;3;295;5;low;M;4;1392;no
4607;D;Ship;4;1;234;3;low;F;8;4996;no
4608;F;Road;4;3;143;3;low;F;2;4693;no
4609;D;Ship;5;1;186;2;high;F;52;3981;yes
4610;D;Ship;5;5;187;3;medium;F;5;4613;no
4611;A;Ship;4;2;148;2;low;M;9;4334;no
4612;B;Ship;6;3;282;4;medium;M;3;1661;no
4613;C;Ship;4;4;201;10;low;M;3;4202;no
4614;F;Flight;5;2;244;6;low;F;7;1315;no
4615;B;Ship;2;1;255;3;low;M;19;1551;yes
4616;F;Ship;4;1;217;3;medium;M;2;2692;yes
4617;A;Flight;4;4;201;3;high;F;7;2644;yes
4618;A;Road;4;2;223;4;low;M;2;5709;no
4619;C;Ship;3;2;243;3;medium;F;8;4093;no
4620;B;Ship;3;1;160;3;medium;F;4;5132;no
4621;F;Flight;3;2;152;6;low;F;7;1674;yes
4622;D;Flight;4;3;246;5;medium;M;10;1646;yes
4623;F;Ship;3;3;150;2;medium;M;9;4100;no
4624;B;Ship;5;2;265;2;medium;F;7;5464;yes
4625;D;Ship;3;2;185;2;high;F;3;4816;yes
4626;A;Ship;4;5;199;4;medium;M;1;5585;yes
4627;F;Ship;6;1;257;3;medium;M;37;2239;yes
4628;F;Flight;2;5;166;3;medium;M;3;1832;yes
4629;F;Ship;2;4;105;2;medium;M;54;1707;yes
4630;B;Ship;4;1;136;3;medium;F;4;5060;yes
4631;A;Ship;4;5;98;4;low;F;5;4643;no
4632;F;Ship;3;4;189;6;low;F;9;4668;yes
4633;F;Ship;4;2;146;3;low;F;9;5871;yes
4634;C;Flight;4;1;174;4;low;M;3;5295;no
4635;F;Ship;2;5;163;3;medium;F;37;1079;yes
4636;D;Flight;4;2;266;3;high;M;1;5532;yes
4637;F;Ship;4;1;166;5;low;F;9;4472;no
4638;D;Ship;5;2;246;3;medium;M;49;3236;yes
4639;C;Road;6;2;134;8;high;M;42;1054;yes
4640;F;Ship;3;2;154;3;low;F;56;1136;yes
4641;F;Ship;4;5;216;2;low;F;8;5767;yes
4642;C;Ship;5;5;134;2;medium;M;53;1088;yes
4643;C;Flight;6;3;257;4;low;F;4;1358;yes
4644;F;Flight;3;3;246;3;low;M;27;3648;yes
4645;A;Ship;4;4;239;5;low;F;6;1239;no
4646;D;Ship;5;4;221;5;low;F;8;1927;yes
4647;A;Ship;3;2;259;6;medium;M;1;5873;no
4648;D;Flight;5;1;160;5;low;F;1;4672;no
4649;C;Ship;4;2;238;2;high;M;17;3358;yes
4650;F;Ship;4;4;232;4;low;M;27;3436;yes
4651;B;Road;5;4;280;4;low;F;19;3298;yes
4652;D;Road;5;5;246;3;medium;F;7;5167;no
4653;F;Ship;6;5;100;4;medium;F;3;1440;yes
4654;A;Ship;4;5;215;2;medium;F;34;2258;yes
4655;B;Ship;3;3;240;3;low;F;5;4888;yes
4656;F;Ship;3;2;164;2;medium;F;7;4150;no
4657;A;Ship;3;3;225;3;medium;F;7;4961;yes
4658;A;Ship;6;2;287;4;low;F;7;1837;yes
4659;D;Ship;5;4;264;3;medium;M;10;4025;yes
4660;C;Ship;3;5;240;3;low;F;6;5642;no
4661;A;Ship;3;3;231;2;medium;F;24;2177;yes
4662;F;Flight;4;1;152;5;medium;M;8;5711;no
4663;C;Ship;3;1;139;2;medium;M;2;4534;no
4664;F;Ship;4;3;257;3;medium;M;5;2489;yes
4665;F;Ship;6;4;254;5;medium;F;10;1435;no
4666;D;Flight;5;4;271;3;medium;F;16;2563;yes
4667;F;Ship;4;5;190;2;low;M;36;3548;yes
4668;F;Ship;3;3;190;10;medium;M;4;3062;yes
4669;D;Ship;7;4;309;4;low;M;7;1880;no
4670;F;Flight;5;2;231;4;medium;M;41;2992;yes
4671;B;Ship;5;1;205;2;medium;M;27;3569;yes
4672;A;Ship;4;4;192;4;medium;F;46;3599;yes
4673;B;Ship;4;3;154;3;medium;M;52;1432;yes
4674;F;Ship;6;1;306;4;medium;M;8;1378;no
4675;C;Ship;4;3;257;3;medium;M;1;5717;yes
4676;F;Ship;2;5;159;3;low;M;5;4190;no
4677;F;Ship;4;5;189;3;medium;F;3;5193;no
4678;D;Flight;5;3;270;5;medium;F;7;1303;yes
4679;D;Ship;5;2;224;5;low;F;2;1022;no
4680;A;Ship;5;5;135;4;low;M;8;5029;no
4681;F;Ship;3;4;180;3;low;F;52;1727;yes
4682;A;Ship;3;2;176;2;low;F;2;5083;no
4683;A;Road;6;4;290;4;low;M;3;1710;no
4684;A;Flight;6;4;284;4;low;F;9;1436;no
4685;D;Ship;3;5;195;3;medium;F;9;4224;no
4686;C;Ship;3;2;179;8;high;M;3;4584;no
4687;F;Ship;5;3;255;6;medium;F;1;5874;no
4688;B;Ship;5;4;214;3;low;M;52;3403;yes
4689;D;Ship;5;5;272;5;medium;F;5;1868;yes
4690;A;Road;3;2;244;3;medium;M;10;4636;yes
4691;A;Ship;3;3;187;3;low;F;63;2481;yes
4692;C;Flight;3;4;202;4;high;M;20;3655;yes
4693;B;Ship;4;4;179;3;high;F;1;5242;yes
4694;C;Road;2;2;174;3;low;F;3;5348;no
4695;C;Ship;2;3;157;2;low;M;45;1965;yes
4696;F;Flight;7;3;306;4;medium;M;4;1739;yes
4697;;Ship;5;4;236;5;medium;F;7;1017;no
4698;F;Ship;3;3;165;4;medium;M;2;4176;yes
4699;A;Ship;4;5;257;2;medium;M;5;4127;no
4700;B;Ship;5;1;129;5;medium;M;35;1458;yes
4701;D;Ship;4;5;253;2;low;M;8;5652;no
4702;D;Ship;3;2;275;2;low;F;5;5393;yes
4703;A;Ship;3;1;212;3;medium;M;10;5759;no
4704;B;Ship;5;1;236;5;medium;F;3;1699;no
4705;D;Flight;5;4;263;3;medium;M;59;3978;yes
4706;A;Flight;4;1;263;4;low;M;9;4390;no
4707;C;Ship;6;1;264;4;medium;M;1;1273;no
4708;D;Road;3;4;147;3;low;F;2;1307;yes
4709;F;Ship;4;2;185;3;low;M;1;4786;no
4710;B;Ship;3;4;257;3;medium;M;10;4670;yes
4711;B;Ship;6;3;280;3;low;M;7;4620;yes
4712;B;Ship;3;4;175;3;low;M;6;5503;no
4713;C;Road;4;2;169;3;low;M;10;4309;yes
4714;F;Ship;4;4;216;2;medium;M;2;5840;yes
4715;D;Road;4;4;146;2;medium;F;5;4356;no
4716;D;Flight;5;3;266;3;low;F;19;2508;yes
4717;D;Ship;3;4;271;2;medium;M;6;4218;no
4718;C;Ship;4;5;254;3;low;F;7;4363;no
4719;B;Ship;3;4;255;4;low;F;12;2266;yes
4720;B;Ship;7;3;306;4;low;M;2;1790;yes
4721;F;Road;4;4;266;4;medium;F;33;2701;yes
4722;F;Ship;5;1;171;5;medium;F;2;5921;yes
4723;B;Ship;4;4;111;6;low;M;8;1145;yes
4724;F;Flight;4;4;143;8;medium;M;12;1326;yes
4725;B;Ship;3;5;241;4;low;F;3;5051;no
4726;B;Ship;7;5;281;4;low;M;8;1987;yes
4727;F;Ship;4;4;207;3;medium;F;1;4019;no
4728;D;Ship;2;2;240;5;low;M;7;4138;yes
4729;D;Ship;4;3;144;3;low;M;1;5881;no
4730;F;Ship;4;4;224;2;high;F;31;2084;yes
4731;B;Ship;6;5;280;3;low;M;9;4074;yes
4732;B;Ship;5;1;233;3;low;F;6;5560;no
4733;F;Road;6;2;139;6;medium;M;8;1691;yes
4734;B;Flight;6;5;244;4;medium;F;4;1648;yes
4735;A;Flight;7;2;253;4;low;M;1;1294;yes
4736;B;Ship;5;5;245;5;low;M;10;1289;yes
4737;A;Ship;5;2;158;3;medium;M;16;1499;yes
4738;A;Ship;3;4;254;3;medium;M;6;5716;no
4739;F;Flight;3;1;228;3;medium;M;9;5530;no
4740;F;Ship;3;3;231;3;low;F;3;4649;yes
4741;F;Ship;4;3;196;3;low;M;10;4433;yes
4742;B;Ship;4;1;194;3;medium;F;6;5282;no
4743;A;Ship;5;4;209;4;low;F;10;5461;no
4744;C;Flight;5;1;225;3;low;M;8;4539;no
4745;F;Ship;3;4;251;10;medium;F;2;4336;yes
4746;A;Ship;6;4;209;5;low;F;53;3169;yes
4747;F;Road;5;1;206;4;low;M;62;1137;yes
4748;B;Ship;4;1;241;5;low;F;4;1145;no
4749;D;Flight;4;4;178;6;low;F;9;5279;yes
4750;B;Ship;3;1;226;3;high;M;2;4831;yes
4751;C;Flight;3;2;273;3;high;M;8;5754;yes
4752;F;Road;4;5;175;3;medium;F;5;4194;no
4753;A;Road;3;2;185;2;high;F;49;3864;yes
4754;F;Ship;5;2;246;2;medium;M;13;2652;yes
4755;A;Road;3;2;234;3;low;F;10;4781;no
4756;D;Ship;4;5;169;4;low;M;6;4168;yes
4757;C;Ship;4;3;191;3;medium;F;6;4563;no
4758;F;Ship;6;1;213;3;low;M;63;1548;yes
4759;F;Ship;4;3;197;3;low;F;20;3617;yes
4760;A;Ship;3;5;249;2;low;F;26;2029;yes
4761;A;Ship;5;2;229;2;medium;M;1;5724;no
4762;A;Ship;4;1;139;3;medium;M;7;4550;no
4763;F;Ship;3;4;186;2;low;M;63;3447;yes
4764;F;Flight;3;5;242;2;low;M;1;5803;yes
4765;A;Flight;4;1;179;2;medium;F;7;4605;no
4766;F;Flight;3;5;166;2;low;M;45;1665;yes
4767;B;Ship;4;2;158;4;low;F;45;1758;yes
4768;C;Ship;4;1;274;5;low;F;5;1581;yes
4769;A;Road;4;4;204;4;medium;F;35;2513;yes
4770;A;Ship;4;3;260;4;medium;M;40;3668;yes
4771;B;Ship;3;4;134;3;medium;F;31;1540;yes
4772;F;Ship;4;5;144;3;low;M;9;1526;yes
4773;B;Ship;3;2;166;2;medium;M;6;4765;no
4774;D;Flight;3;3;183;3;low;M;4;5322;no
4775;C;Road;5;2;205;3;low;F;3;5182;no
4776;B;Ship;2;3;275;3;medium;M;10;4183;yes
4777;D;Ship;6;2;245;4;low;F;10;1448;no
4778;F;Ship;2;4;187;6;medium;F;9;4388;no
4779;F;Ship;3;4;239;4;medium;F;8;4537;no
4780;D;Road;6;3;166;5;medium;F;3;4596;yes
4781;F;Road;5;4;267;5;low;M;9;1017;no
4782;C;Ship;5;1;261;3;low;M;25;3494;yes
4783;B;Ship;4;5;177;2;low;M;47;1536;yes
4784;D;Ship;4;2;142;3;medium;F;3;4644;no
4785;F;Ship;5;4;250;2;low;F;10;4277;no
4786;F;Road;4;1;160;2;medium;M;1;5741;yes
4787;A;Ship;4;3;183;2;medium;F;8;5690;yes
4788;D;Ship;4;1;273;3;medium;F;25;3717;yes
4789;C;Ship;4;4;200;3;low;F;7;5807;yes
4790;F;Ship;4;5;223;3;low;M;9;5649;yes
4791;F;Ship;5;4;151;3;low;F;10;4611;no
4792;F;Ship;2;4;107;4;high;F;4;4451;yes
4793;F;Ship;5;5;245;5;low;M;5;1381;yes
4794;B;Ship;4;2;211;3;low;M;4;5989;no
4795;C;Road;4;2;231;6;low;M;8;5227;no
4796;B;Flight;5;2;275;5;low;F;9;5168;yes
4797;C;Ship;6;5;299;4;low;F;1;1629;yes
4798;C;Ship;2;4;139;8;medium;F;62;1180;yes
4799;F;Ship;4;1;152;7;low;F;5;5325;yes
4800;C;Road;7;5;301;4;low;M;9;1660;yes
4801;F;Ship;4;3;263;3;low;F;3;5253;no
4802;F;Road;5;1;252;3;high;F;2;5032;no
4803;D;Ship;3;4;158;3;high;M;41;1137;yes
4804;F;Ship;3;4;155;2;low;M;3;5481;yes
4805;A;Ship;2;3;178;3;medium;F;8;4451;yes
4806;C;Road;4;1;239;3;medium;F;9;4930;yes
4807;B;Ship;5;1;239;5;low;M;1;1239;no
4808;F;Ship;6;1;287;4;medium;M;5;1791;yes
4809;B;Road;5;5;257;4;medium;M;10;5180;yes
4810;A;Flight;6;5;276;4;low;M;9;1319;no
4811;F;Ship;6;3;276;4;low;F;8;1754;yes
4812;C;Ship;4;3;177;4;low;M;38;1767;yes
4813;F;Flight;4;2;135;2;low;M;54;1011;yes
4814;D;Ship;2;3;192;3;low;M;4;5524;no
4815;C;Ship;6;4;286;4;low;F;8;1690;yes
4816;F;Flight;5;4;229;3;medium;M;29;2505;yes
4817;F;;4;3;249;6;low;M;2;1046;yes
4818;D;Ship;4;2;274;3;medium;F;7;4477;yes
4819;F;Ship;4;4;176;3;low;F;1;4774;no
4820;F;Flight;3;1;164;3;medium;M;2;5488;no
4821;B;Ship;5;2;173;4;low;M;21;1674;yes
4822;A;Road;5;3;204;2;low;M;40;2181;yes
4823;C;Road;4;3;196;2;medium;F;7;4116;yes
4824;B;Ship;5;1;267;5;medium;M;10;1505;no
4825;C;Flight;5;4;243;3;medium;M;4;4420;yes
4826;C;Ship;4;2;233;2;low;M;7;5546;yes
4827;C;Ship;3;4;148;10;high;F;12;1779;yes
4828;C;Ship;6;4;306;4;low;F;5;1703;yes
4829;D;Road;2;4;101;6;low;F;6;5080;yes
4830;B;Road;2;2;163;3;medium;M;35;1547;yes
4831;B;Ship;6;1;249;4;medium;M;2;1326;yes
4832;A;Ship;3;1;160;3;medium;F;5;5524;no
4833;C;Ship;5;5;270;5;low;M;5;1852;yes
4834;D;Ship;5;4;120;4;high;M;1;4183;no
4835;B;Ship;5;4;252;3;medium;M;6;5221;no
4836;D;Ship;3;3;269;3;low;M;4;4309;no
4837;A;Ship;4;1;197;3;high;M;9;4917;no
4838;F;Ship;4;3;271;5;low;M;6;1555;yes
4839;C;Ship;5;1;257;5;medium;M;1;1102;yes
4840;F;Flight;4;4;179;3;medium;F;3;5624;no
4841;C;Ship;4;1;221;3;low;F;3;2546;yes
4842;A;Ship;2;5;265;2;low;F;50;3859;yes
4843;F;Flight;3;1;159;2;medium;F;3;5691;no
4844;A;Ship;3;3;165;2;medium;M;1;4768;no
4845;F;Ship;3;5;287;5;high;M;1;5263;yes
4846;B;Flight;4;1;233;2;low;M;9;4799;yes
4847;C;Ship;4;4;268;4;low;M;5;5647;no
4848;B;Ship;3;2;241;3;medium;F;9;4301;no
4849;C;Flight;6;4;243;4;low;M;9;1353;yes
4850;D;Flight;5;4;212;6;medium;F;5;2041;yes
4851;C;Road;3;5;129;3;medium;F;52;1513;yes
4852;C;Ship;5;2;206;4;low;M;5;1149;no
4853;F;Ship;4;5;217;4;medium;M;37;2128;yes
4854;B;Ship;4;3;179;3;medium;M;40;1584;yes
4855;D;Flight;4;5;138;7;medium;M;60;1366;yes
4856;C;Ship;3;2;158;3;high;F;59;1307;yes
4857;C;Ship;4;5;183;4;low;M;3;5881;no
4858;F;Ship;6;2;286;4;medium;M;6;1556;yes
4859;F;Ship;4;3;275;3;low;F;3;4824;no
4860;A;Ship;4;3;206;3;medium;M;58;2135;yes
4861;C;Ship;3;1;134;3;medium;M;10;4200;no
4862;D;Ship;6;2;247;4;medium;M;3;1118;no
4863;F;Ship;2;1;184;2;high;F;3;4331;no
4864;A;Ship;5;5;264;3;medium;F;27;2019;yes
4865;F;Flight;4;1;235;2;high;M;64;2107;yes
4866;F;Ship;4;4;135;3;medium;M;2;5016;no
4867;B;Ship;4;3;213;3;medium;M;2;5432;yes
4868;F;Ship;5;5;244;6;low;F;1;1222;no
4869;B;Ship;3;5;134;3;medium;M;38;1169;yes
4870;F;Ship;3;4;197;2;low;F;3;4865;no
4871;D;Flight;3;1;231;4;medium;F;60;3755;yes
4872;C;Ship;4;2;149;5;medium;F;8;4209;no
4873;C;Ship;3;1;269;2;low;F;35;3524;yes
4874;F;Ship;4;2;265;4;medium;F;3;4120;yes
4875;C;Ship;4;1;141;3;low;F;6;5273;no
4876;F;Ship;4;1;141;3;medium;M;47;1250;yes
4877;A;Ship;3;3;274;3;low;M;6;2986;yes
4878;C;Flight;5;4;217;2;medium;M;4;4380;yes
4879;B;Ship;5;2;264;6;medium;M;10;1659;yes
4880;A;Road;2;2;134;3;low;F;38;1530;yes
4881;D;Road;3;1;159;2;medium;M;5;4906;yes
4882;D;Road;3;3;189;3;high;M;9;4278;yes
4883;B;Ship;4;5;101;6;medium;M;8;4146;no
4884;C;Flight;4;5;108;10;medium;F;7;5928;yes
4885;D;Ship;3;3;114;6;low;F;26;1825;yes
4886;A;Ship;5;4;223;5;low;M;2;1400;no
4887;F;Flight;4;4;255;6;low;F;9;1322;no
4888;F;Ship;7;4;259;4;low;M;6;1697;no
4889;F;Flight;3;4;245;2;medium;F;1;4427;no
4890;C;Ship;4;3;209;6;low;F;59;2622;yes
4891;F;Road;5;3;268;5;medium;F;10;1660;no
4892;B;Ship;3;1;167;3;medium;M;10;4341;yes
4893;F;Flight;4;4;197;3;low;F;29;2915;yes
4894;D;Ship;3;5;159;3;medium;M;9;4555;no
4895;C;Ship;3;4;142;2;medium;F;7;5346;no
4896;B;Flight;4;2;239;2;low;F;10;4028;no
4897;A;Ship;3;2;256;4;low;F;18;2699;yes
4898;B;Road;6;4;298;4;medium;F;8;1437;yes
4899;F;Ship;3;2;98;3;medium;F;60;1057;yes
4900;D;Ship;3;2;211;3;high;M;7;4145;yes
4901;D;Road;3;3;183;3;low;M;2;4363;no
4902;C;Ship;4;3;125;4;medium;M;7;4203;yes
4903;F;Flight;3;4;201;3;high;M;7;4887;yes
4904;F;Ship;5;3;253;5;low;M;6;1028;no
4905;B;Ship;4;4;177;6;low;M;6;5451;yes
4906;D;Ship;4;1;133;4;low;F;10;5258;no
4907;F;Flight;5;1;228;5;low;F;7;1818;no
4908;F;Road;4;3;256;3;low;F;15;3155;yes
4909;B;Flight;5;5;216;2;high;M;33;3202;yes
4910;F;Ship;4;5;239;6;low;M;2;1879;no
4911;F;Road;4;2;149;2;medium;M;8;5460;yes
4912;F;Ship;4;4;214;2;high;F;1;4117;yes
4913;F;Road;6;1;247;3;low;M;1;4637;yes
4914;F;Road;2;1;178;3;low;M;6;1184;yes
4915;B;Road;7;5;291;4;high;M;6;1135;no
4916;D;Ship;4;3;147;2;low;M;2;5431;no
4917;C;Ship;3;3;205;5;medium;M;35;2988;yes
4918;D;Flight;4;2;219;4;high;F;2;4422;yes
4919;B;Ship;3;2;231;4;medium;M;48;3370;yes
4920;D;Ship;4;2;220;3;high;F;39;2459;yes
4921;F;Flight;4;5;173;2;medium;F;5;4776;yes
4922;C;Ship;4;3;145;3;low;F;5;5802;yes
4923;F;Ship;4;4;227;2;low;F;7;4916;no
4924;C;Flight;4;3;181;3;low;M;4;4399;yes
4925;F;Ship;4;4;233;2;high;F;1;5320;no
4926;A;Flight;5;4;226;3;low;F;46;3149;yes
4927;B;Ship;2;4;255;7;low;M;10;5875;no
4928;B;Ship;3;1;165;3;medium;M;61;1313;yes
4929;F;Ship;5;5;124;3;low;M;10;4331;no
4930;C;Ship;5;2;250;6;low;M;1;1296;yes
4931;C;Road;3;5;275;2;low;F;7;4619;no
4932;F;Ship;4;1;165;4;medium;F;34;1831;yes
4933;F;Ship;3;3;271;2;low;F;8;4444;yes
4934;F;Ship;4;4;201;5;medium;M;3;5901;yes
4935;A;Flight;3;4;150;3;low;F;11;1861;yes
4936;F;Ship;6;4;292;4;medium;M;8;1779;yes
4937;C;Ship;3;3;255;2;low;M;8;5955;yes
4938;B;Ship;6;4;286;4;medium;M;9;1096;yes
4939;B;Ship;6;3;286;4;medium;M;4;1169;no
4940;A;Ship;4;2;161;4;low;F;9;4713;yes
4941;B;Ship;4;4;222;3;medium;F;6;4199;yes
4942;F;Flight;3;4;243;3;medium;M;6;4950;no
4943;A;Ship;4;5;188;3;low;F;13;2409;yes
4944;A;Flight;5;3;199;4;low;F;24;3473;yes
4945;F;Flight;5;1;240;3;high;M;10;5277;no
4946;A;Ship;4;3;246;5;low;F;1;1673;yes
4947;F;Flight;5;1;266;5;low;F;9;1852;no
4948;F;Flight;2;3;257;4;medium;F;52;2073;yes
4949;D;Ship;3;4;154;2;medium;M;5;5735;yes
4950;F;Ship;5;3;206;4;high;F;1;4583;no
4951;F;Ship;3;3;165;3;medium;F;4;5924;yes
4952;D;Ship;3;5;269;8;medium;M;8;4462;no
4953;F;Flight;6;4;253;4;low;F;7;1485;no
4954;A;Ship;2;2;190;8;medium;M;33;3448;yes
4955;B;Ship;3;3;264;3;low;M;3;4970;no
4956;A;Ship;3;2;168;3;medium;M;2;4231;no
4957;B;Ship;3;2;183;4;low;M;49;2414;yes
4958;C;Ship;5;2;244;2;medium;F;4;4992;yes
4959;F;Road;4;2;173;3;medium;M;6;4963;no
4960;F;Ship;5;2;234;5;medium;M;6;1703;no
4961;D;Flight;4;3;244;4;low;M;10;4118;yes
4962;F;Ship;5;3;245;5;low;F;2;1937;no
4963;D;Road;5;5;184;2;medium;M;9;4649;yes
4964;F;Ship;4;4;150;2;medium;M;3;1285;yes
4965;C;Flight;3;1;269;2;medium;M;6;5703;yes
4966;B;Road;4;2;185;4;medium;F;36;2583;yes
4967;C;Flight;2;2;184;3;medium;F;46;2484;yes
4968;F;Ship;3;3;150;4;medium;F;8;4357;yes
4969;D;Ship;5;3;178;4;medium;M;10;5382;yes
4970;C;Ship;7;3;272;4;medium;M;7;1067;yes
4971;F;Flight;5;3;178;2;medium;F;60;1830;yes
4972;D;Ship;3;5;212;3;high;M;6;2069;yes
4973;B;Ship;4;3;243;3;medium;M;1;5021;no
4974;F;Ship;5;2;249;3;medium;M;6;5212;no
4975;D;Ship;3;1;192;3;low;F;4;5179;no
4976;B;Road;4;3;240;3;medium;M;6;4964;no
4977;F;Ship;4;1;150;3;high;F;17;1923;yes
4978;F;Ship;5;2;184;2;medium;M;27;3276;yes
4979;B;Ship;4;1;192;3;medium;F;29;3347;yes
4980;F;Flight;3;4;217;3;low;F;5;4077;no
4981;D;Ship;4;5;239;6;low;M;4;1451;no
4982;B;Road;4;1;147;3;low;F;15;1956;yes
4983;A;Ship;3;1;230;2;medium;M;28;3646;yes
4984;D;Ship;3;1;166;2;high;F;6;5905;yes
4985;B;Flight;2;4;225;10;high;M;46;2690;yes
4986;D;Road;4;5;142;2;low;M;2;4472;no
4987;F;Flight;4;4;153;3;low;M;5;4624;no
4988;D;Ship;3;3;171;4;low;M;8;4502;no
4989;A;Ship;4;5;188;3;low;F;6;3361;yes
4990;B;Ship;6;1;300;4;medium;F;2;1790;yes
4991;F;Ship;4;5;202;2;medium;M;35;3695;yes
4992;A;Ship;4;1;153;4;low;M;7;1130;yes
4993;A;Ship;4;5;171;4;medium;F;4;4151;no
4994;A;Ship;4;2;141;3;low;M;34;1619;yes
4995;D;Flight;4;2;194;3;low;F;3;5174;no
4996;F;Ship;4;1;244;3;low;M;59;3073;yes
4997;B;Road;4;3;252;2;medium;F;51;2658;yes
4998;A;Road;3;1;151;2;low;F;7;4437;no
4999;C;Ship;4;4;249;10;medium;F;2;4190;no
5000;F;Ship;5;1;170;;high;M;6;5258;yes
5001;F;Ship;5;3;248;2;low;F;6;5863;yes
5002;F;Ship;3;5;253;3;medium;M;9;5979;yes
5003;F;Ship;5;4;237;3;high;M;9;5401;no
5004;A;Flight;3;1;166;2;low;F;10;5932;yes
5005;F;Ship;5;2;139;3;low;M;9;5920;no
5006;F;Road;5;5;266;4;medium;M;62;2201;yes
5007;F;Ship;3;4;124;4;medium;F;10;5011;no
5008;B;Flight;3;1;104;2;low;M;1;1021;yes
5009;F;Ship;3;4;145;4;high;M;4;5801;no
5010;A;Ship;3;2;214;2;medium;M;3;1983;yes
5011;B;Flight;4;3;225;8;low;M;8;4718;yes
5012;F;Ship;3;4;141;3;medium;M;2;5512;no
5013;C;Ship;2;5;156;2;low;M;2;1750;yes
5014;F;Road;3;2;199;2;medium;F;7;5531;yes
5015;D;Ship;6;3;281;3;medium;M;11;2135;yes
5016;F;Road;5;5;221;3;medium;M;9;5295;no
5017;F;Ship;5;3;210;7;medium;F;4;4362;no
5018;F;Ship;3;5;251;2;low;M;4;4015;no
5019;F;Ship;5;3;230;5;low;M;7;1996;no
5020;F;Ship;4;2;128;3;medium;M;7;5675;yes
5021;D;Road;2;3;255;3;low;M;27;3484;yes
5022;F;Road;3;1;263;3;high;M;10;4911;no
5023;D;Ship;4;4;251;3;medium;F;9;5350;yes
5024;C;Ship;3;3;209;3;low;M;1;5186;no
5025;F;Road;5;2;204;5;low;M;3;5723;yes
5026;F;Ship;6;1;293;4;low;F;10;1534;yes
5027;F;Ship;5;4;226;5;low;M;47;2240;yes
5028;D;Ship;3;2;141;2;medium;F;7;5231;no
5029;C;Road;3;4;167;3;medium;M;50;1068;yes
5030;C;Ship;2;3;257;2;low;F;1;5331;yes
5031;A;Ship;3;4;224;2;medium;F;15;2701;yes
5032;A;Ship;5;3;229;2;medium;M;10;5149;no
5033;C;Ship;3;4;198;3;low;F;3;5322;no
5034;F;Ship;5;1;194;7;medium;M;8;4770;no
5035;D;Flight;3;2;154;3;low;F;8;5149;yes
5036;B;Road;3;2;158;3;medium;F;39;1512;yes
5037;C;Ship;3;3;260;2;low;M;7;5738;no
5038;C;Road;3;5;182;3;high;M;5;4183;yes
5039;A;Road;3;1;154;2;low;F;44;1994;yes
5040;B;Ship;7;4;289;4;low;M;1;1657;no
5041;D;Ship;3;3;227;2;medium;F;24;2749;yes
5042;F;Flight;4;4;260;5;low;F;5;1178;yes
5043;F;Ship;4;3;249;5;low;F;3;1012;yes
5044;C;Road;4;4;170;5;low;M;5;4823;yes
5045;F;Ship;3;1;162;3;medium;F;7;5971;no
5046;F;Ship;3;3;201;2;low;F;2;5361;no
5047;A;Ship;4;2;233;5;low;F;8;1097;no
5048;D;Ship;4;4;188;4;low;F;10;4571;yes
5049;F;Ship;3;5;271;4;medium;M;1;5852;yes
5050;D;Road;4;3;187;6;low;F;9;5872;no
5051;F;Road;3;4;201;10;high;F;7;4699;no
5052;F;Flight;4;5;214;2;low;M;8;4512;no
5053;B;Flight;5;4;227;2;low;F;9;5706;yes
5054;D;Road;6;3;217;6;medium;M;3;4209;no
5055;F;Ship;5;5;104;4;high;F;9;5652;no
5056;D;Ship;3;4;263;6;high;M;3;4429;no
5057;B;Ship;3;3;181;3;medium;F;3;5620;yes
5058;B;Flight;4;2;;3;low;M;23;2994;yes
5059;A;Ship;5;1;163;3;medium;F;1;5194;no
5060;A;Ship;4;1;285;2;low;M;4;4401;no
5061;D;Road;4;2;269;2;medium;F;2;4013;yes
5062;F;Ship;5;2;182;3;low;F;10;4128;yes
5063;D;Flight;5;1;244;2;medium;M;6;5217;no
5064;D;Ship;2;5;209;5;medium;F;10;4623;yes
5065;A;Flight;5;5;222;3;medium;M;5;4949;no
5066;A;Ship;3;1;171;2;low;M;34;1999;yes
5067;F;Ship;3;4;196;3;medium;M;8;5204;no
5068;D;Road;3;4;138;5;medium;F;5;5690;no
5069;B;Road;4;1;280;3;medium;M;2;3366;yes
5070;D;Ship;4;1;211;7;high;M;4;4476;yes
5071;A;Ship;5;1;151;3;medium;M;2;4172;yes
5072;A;Ship;3;1;151;2;low;M;29;1328;yes
5073;B;Ship;6;3;250;2;medium;F;1;4747;no
5074;C;Ship;3;2;183;4;medium;F;12;2777;yes
5075;A;Ship;4;2;187;4;medium;M;49;3225;yes
5076;F;Road;4;2;209;2;medium;F;9;5131;no
5077;F;Road;4;2;259;5;low;M;6;1827;yes
5078;F;Ship;6;2;304;4;medium;F;10;1983;yes
5079;A;Ship;4;4;224;5;medium;F;5;1184;no
5080;D;Ship;5;2;241;2;medium;M;6;4741;no
5081;F;Ship;4;3;245;3;low;M;8;4826;no
5082;A;Ship;5;2;264;5;medium;M;4;1318;no
5083;C;Road;5;5;259;3;medium;F;5;4315;no
5084;A;Ship;4;2;253;3;medium;F;7;5813;yes
5085;F;Ship;4;2;176;3;medium;F;12;1750;yes
5086;A;Ship;4;2;217;6;medium;F;3;1732;yes
5087;C;Ship;5;2;182;4;medium;F;9;5159;no
5088;F;Ship;4;1;151;2;medium;M;6;1114;yes
5089;C;Ship;3;1;218;3;low;M;4;2304;yes
5090;F;Ship;3;3;226;3;low;M;4;5048;no
5091;C;Road;6;2;286;4;low;F;5;1248;yes
5092;D;Ship;4;5;268;2;high;M;32;3675;yes
5093;F;Ship;5;2;196;3;medium;F;6;4257;no
5094;F;Ship;2;4;246;2;low;M;10;5337;yes
5095;F;Ship;6;4;260;4;medium;M;1;1726;no
5096;A;Ship;3;3;264;3;medium;F;6;4247;yes
5097;F;Ship;6;3;267;4;medium;M;2;5917;yes
5098;C;Ship;5;1;210;2;low;M;2;4079;yes
5099;F;Ship;6;2;213;2;medium;F;7;5415;no
5100;D;Flight;3;4;156;3;medium;M;7;4636;no
5101;A;Ship;4;4;189;4;medium;F;9;5838;yes
5102;F;Ship;4;2;264;2;low;F;9;4490;no
5103;F;Flight;4;1;189;3;medium;M;5;4133;no
5104;F;Ship;5;4;191;4;medium;M;63;2039;yes
5105;C;Ship;3;5;260;4;medium;F;8;4162;yes
5106;F;Ship;3;1;151;3;low;F;7;4072;no
5107;F;Ship;5;5;195;2;low;F;6;3936;yes
5108;A;Ship;3;2;271;5;low;M;5;4880;no
5109;C;Ship;5;5;223;5;medium;M;8;1132;no
5110;F;Flight;5;4;205;3;low;F;3;4157;yes
5111;D;Ship;3;2;250;5;low;F;36;2717;yes
5112;F;Ship;6;4;222;8;low;F;1;5808;yes
5113;F;Ship;5;1;106;5;medium;F;4;4180;no
5114;C;Road;5;1;253;6;medium;M;12;2486;yes
5115;A;Ship;3;2;153;3;medium;M;6;4056;no
5116;F;Ship;5;5;136;3;low;M;4;4218;yes
5117;D;Ship;5;3;264;10;medium;F;34;3441;yes
5118;F;Ship;5;3;243;5;low;M;2;1776;yes
5119;A;Ship;3;3;175;3;high;F;55;1229;yes
5120;B;Ship;4;1;253;4;low;F;1;5621;no
5121;D;Ship;4;1;231;5;medium;M;6;1231;no
5122;C;Ship;3;1;221;3;high;M;1;4948;no
5123;A;Flight;3;2;247;3;low;M;3;4338;no
5124;C;Flight;3;2;181;4;low;F;18;3696;yes
5125;F;Ship;4;3;252;2;low;M;6;5266;yes
5126;D;Ship;4;4;261;5;low;F;4;1649;yes
5127;B;Flight;4;2;222;2;medium;M;5;4268;no
5128;F;Ship;4;2;237;5;low;M;6;1734;yes
5129;D;Ship;6;2;173;3;medium;F;4;5970;no
5130;D;Ship;4;4;191;2;low;M;1;4318;yes
5131;B;Ship;4;4;197;3;medium;M;20;3080;yes
5132;A;Ship;5;4;237;2;low;M;8;5600;yes
5133;A;Ship;3;3;183;5;low;F;3;1504;no
5134;A;Ship;4;2;251;3;low;F;10;3517;yes
5135;C;Ship;4;4;170;4;low;M;39;1868;yes
5136;C;Ship;6;4;285;4;medium;M;4;1244;yes
5137;F;Ship;4;3;242;2;low;M;3;4811;yes
5138;D;Flight;4;5;168;4;medium;F;4;4776;yes
5139;D;Ship;6;4;276;4;low;F;2;1120;yes
5140;F;Ship;5;1;259;3;low;M;1;5725;no
5141;D;Ship;3;1;231;2;low;M;24;3811;yes
5142;F;Road;2;1;164;5;low;M;4;1708;no
5143;C;Ship;4;4;253;5;low;F;2;1709;no
5144;F;Road;3;3;244;3;low;M;6;5109;no
5145;D;Flight;7;3;302;4;medium;F;7;1915;no
5146;D;Ship;5;3;249;3;medium;M;10;5001;yes
5147;A;Road;3;1;146;5;low;M;10;1737;no
5148;D;Ship;6;5;250;2;low;F;7;4724;no
5149;A;Ship;6;1;282;4;low;M;1;1434;no
5150;C;Flight;6;2;271;4;medium;M;3;1636;no
5151;C;Ship;4;1;238;2;low;F;3;2241;yes
5152;C;Flight;4;4;139;2;high;F;9;4446;yes
5153;C;Road;6;3;175;4;low;M;3;4143;no
5154;B;Flight;5;1;243;5;medium;M;8;1732;no
5155;A;Ship;6;4;281;3;low;F;7;5180;no
5156;C;Ship;4;1;224;2;low;M;10;4653;yes
5157;A;Ship;3;4;133;2;low;F;7;4663;no
5158;F;Ship;3;2;126;10;low;M;3;4073;yes
5159;D;Ship;5;5;140;3;high;F;7;4799;yes
5160;A;Ship;4;3;201;2;medium;F;18;3461;yes
5161;B;Flight;4;2;255;5;medium;M;2;1255;no
5162;C;Ship;5;3;243;2;low;F;9;4828;yes
5163;F;Ship;4;3;184;7;medium;M;5;5920;yes
5164;D;Flight;5;2;262;5;low;M;5;1751;no
5165;A;Ship;3;4;212;8;low;F;56;3337;yes
5166;C;Ship;5;4;223;3;low;M;7;4671;yes
5167;B;Ship;2;2;168;2;medium;F;2;1227;yes
5168;B;Ship;4;5;270;10;medium;M;9;5085;yes
5169;F;Ship;5;5;198;2;high;M;3;5249;no
5170;C;Ship;5;4;236;5;low;M;1;1682;no
5171;F;Ship;6;4;210;5;medium;M;2;4651;no
5172;A;Ship;3;1;201;3;low;F;3;4556;yes
5173;C;Ship;3;1;245;3;medium;F;1;5325;no
5174;D;Road;3;2;217;3;high;M;7;5910;no
5175;C;Ship;4;2;247;3;medium;F;64;2198;yes
5176;C;Ship;4;4;254;4;low;F;10;4827;no
5177;B;Ship;4;1;145;3;low;M;3;5618;yes
5178;F;Ship;4;4;197;7;medium;F;22;2065;yes
5179;B;Ship;2;4;102;4;medium;F;6;5421;no
5180;D;Ship;5;4;266;3;low;M;2;5260;yes
5181;B;Flight;4;2;266;4;low;F;7;4639;no
5182;B;Ship;2;2;160;3;low;M;48;1691;yes
5183;F;Ship;4;2;251;2;low;M;53;2673;yes
5184;C;Ship;3;4;236;4;medium;M;2;1016;no
5185;F;Ship;5;3;201;6;low;F;3;4025;yes
5186;F;Ship;4;2;244;3;high;M;1;5559;yes
5187;B;Flight;3;1;167;3;low;M;1;1252;yes
5188;F;Ship;5;3;229;2;medium;F;1;5294;yes
5189;B;Flight;5;4;242;3;high;F;2;3564;yes
5190;B;Ship;3;5;251;3;medium;M;59;3651;yes
5191;C;Ship;4;5;194;3;medium;M;3;5168;yes
5192;A;Ship;3;1;258;2;low;F;4;5262;no
5193;F;Flight;4;2;203;3;low;F;9;5296;yes
5194;C;Ship;5;4;263;4;low;F;2;1625;no
5195;D;Ship;4;1;200;2;low;M;5;5072;yes
5196;D;Road;5;3;222;6;low;M;9;1656;no
5197;A;Flight;3;4;170;2;low;F;2;5664;no
5198;B;Road;5;2;272;2;low;F;1;5412;no
5199;A;Ship;3;1;210;2;low;F;52;2444;yes
5200;A;Ship;5;4;252;5;low;M;2;1847;yes
5201;A;Ship;3;1;186;3;high;F;1;5694;yes
5202;D;Road;5;4;254;5;medium;M;7;1545;no
5203;B;Ship;4;5;228;5;low;M;5;1373;yes
5204;F;Ship;5;1;257;5;low;M;9;1329;no
5205;F;Ship;4;3;175;3;low;F;9;4840;yes
5206;C;Ship;7;5;273;4;low;F;7;1364;no
5207;F;Ship;4;5;263;2;medium;M;13;2779;yes
5208;A;Ship;3;2;204;2;low;F;2;5033;yes
5209;C;Ship;3;2;177;2;medium;M;4;4417;no
5210;F;Ship;5;2;219;4;low;F;7;4787;yes
5211;F;Ship;4;1;209;3;low;F;7;4808;yes
5212;F;Ship;3;5;151;2;low;M;3;5039;no
5213;D;Ship;3;3;214;2;low;M;28;3869;yes
5214;C;Flight;3;2;224;3;medium;M;1;5343;yes
5215;B;Ship;5;2;262;6;low;F;7;1774;no
5216;F;Ship;5;3;141;3;low;M;9;4857;no
5217;A;Road;6;2;290;5;medium;M;8;1512;yes
5218;F;Ship;6;4;247;4;medium;M;3;1946;no
5219;D;Ship;4;2;185;2;medium;M;5;4066;no
5220;F;Ship;3;1;121;2;low;M;2;5210;yes
5221;B;Road;4;5;188;2;low;F;4;4433;no
5222;D;Ship;5;2;243;3;low;F;8;4133;yes
5223;F;Ship;4;4;162;3;medium;M;41;1104;yes
5224;B;Ship;3;1;178;3;high;F;36;1297;yes
5225;B;Road;3;5;142;3;low;F;2;4619;no
5226;B;Ship;3;5;212;4;low;F;9;5791;no
5227;B;Ship;5;3;156;2;low;M;1;1147;yes
5228;D;Flight;3;3;264;3;low;F;6;5482;yes
5229;B;Ship;3;3;224;2;low;F;37;3220;yes
5230;A;Ship;3;1;235;10;low;M;7;2991;yes
5231;B;Road;5;2;250;5;low;F;9;1897;no
5232;A;Ship;4;1;184;3;high;F;47;3081;yes
5233;B;Ship;5;1;245;3;low;F;9;4694;no
5234;A;Ship;5;4;260;3;low;M;43;2143;yes
5235;A;Ship;3;1;165;2;low;M;6;4445;no
5236;D;Ship;4;3;227;3;medium;M;10;5782;yes
5237;C;Ship;2;3;197;2;medium;F;2;4277;no
5238;F;Ship;4;5;228;2;low;M;63;3401;yes
5239;C;Ship;3;1;242;8;medium;F;8;5401;no
5240;C;Ship;3;2;260;3;medium;M;52;2874;yes
5241;F;Ship;6;4;257;4;low;F;4;1451;no
5242;F;Ship;6;2;286;4;low;F;3;1959;no
5243;C;Ship;5;2;209;4;medium;F;12;2933;yes
5244;A;Road;2;3;126;4;high;F;3;1364;yes
5245;F;Ship;4;4;265;3;low;M;10;4741;no
5246;C;Road;6;3;260;4;low;M;4;1358;no
5247;C;Ship;5;1;258;3;medium;M;7;4466;yes
5248;F;Ship;4;5;168;2;high;M;2;5776;no
5249;F;Ship;4;1;270;10;medium;F;5;5494;yes
5250;D;Ship;4;5;237;2;medium;F;6;5954;no
5251;A;Flight;4;3;171;3;low;F;24;1304;yes
5252;B;Flight;6;1;134;3;medium;M;10;1278;yes
5253;F;Ship;3;5;146;3;medium;F;7;4126;no
5254;F;Ship;2;5;206;3;low;F;46;2944;yes
5255;C;Ship;3;5;193;2;medium;F;12;3730;yes
5256;D;Ship;4;3;241;5;low;M;6;1324;no
5257;F;Ship;5;3;267;3;low;M;9;5258;yes
5258;F;Ship;2;2;146;3;medium;F;1;1162;yes
5259;F;Ship;3;5;219;6;low;M;1;1394;no
5260;B;Ship;3;1;184;3;medium;F;49;2823;yes
5261;A;Ship;4;1;151;3;low;F;4;5610;yes
5262;B;Flight;4;3;117;3;medium;F;4;4666;no
5263;B;Road;3;1;236;4;medium;F;10;1551;no
5264;B;Ship;3;2;224;2;medium;F;3;4405;no
5265;B;Road;5;3;193;4;medium;F;3;5026;no
5266;D;Ship;6;4;285;4;medium;M;6;1582;no
5267;D;Ship;4;4;259;3;low;M;3;4509;no
5268;C;Ship;3;2;158;2;medium;M;9;4881;no
5269;A;Flight;6;2;290;4;medium;F;9;1339;no
5270;C;Ship;3;2;183;2;medium;F;6;4313;yes
5271;A;Ship;6;3;210;4;medium;M;9;5440;no
5272;D;Ship;3;3;231;3;medium;F;9;4623;yes
5273;F;Ship;3;2;109;3;low;F;30;1597;yes
5274;F;Flight;5;2;160;3;high;M;1;5834;no
5275;D;Flight;2;1;203;3;medium;M;6;4234;no
5276;F;Ship;4;5;263;3;medium;M;3;4020;no
5277;A;Ship;2;3;139;3;low;M;9;1471;yes
5278;D;Flight;4;2;203;3;low;F;4;5699;no
5279;C;Ship;4;2;261;3;high;M;1;4931;no
5280;A;Ship;5;4;216;3;medium;F;2;5404;yes
5281;F;Ship;3;1;132;3;medium;F;5;5978;no
5282;F;Flight;3;4;218;2;medium;M;2;5973;no
5283;A;Flight;4;2;187;2;low;F;6;3625;yes
5284;F;Flight;4;3;229;4;low;F;7;4829;no
5285;C;Road;4;1;168;2;low;F;41;1515;yes
5286;B;Ship;5;2;249;5;low;F;8;1018;yes
5287;C;Road;3;1;294;4;low;F;52;1089;yes
5288;F;Ship;4;3;255;2;high;M;47;2956;yes
5289;B;Road;5;3;239;5;medium;F;19;2988;yes
5290;B;Flight;3;1;102;3;medium;M;9;4459;yes
5291;C;Ship;4;3;207;3;low;F;7;4220;yes
5292;D;Ship;3;3;237;5;low;M;48;2057;yes
5293;C;Ship;3;1;259;4;low;F;9;4084;yes
5294;D;Ship;3;4;169;2;low;M;17;1242;yes
5295;F;Flight;5;1;184;3;low;F;19;2625;yes
5296;F;Ship;5;3;265;2;low;F;4;4641;yes
5297;A;Flight;7;1;254;4;medium;M;6;1279;yes
5298;B;Flight;3;2;153;10;high;M;2;5455;no
5299;A;Ship;4;4;255;3;medium;F;60;2777;yes
5300;D;Ship;5;4;177;2;low;M;2;5618;yes
5301;F;Ship;3;3;200;3;low;M;46;2460;yes
5302;F;Flight;5;4;235;5;low;F;8;1549;no
5303;F;Ship;4;2;229;2;low;M;9;5026;no
5304;B;Flight;4;1;269;3;medium;F;23;3652;yes
5305;F;Ship;4;1;249;3;low;M;4;5253;yes
5306;A;Ship;5;3;263;2;low;M;3;4474;yes
5307;B;Ship;6;3;259;4;low;F;3;4117;yes
5308;F;Ship;4;3;252;3;medium;F;10;5802;yes
5309;F;Ship;4;5;239;3;low;M;6;5154;yes
5310;A;Ship;4;3;101;6;low;M;37;1344;yes
5311;D;Road;3;2;267;5;low;F;48;2622;yes
5312;D;Ship;4;5;263;5;low;M;9;5731;yes
5313;A;Road;5;4;262;6;medium;F;1;1177;no
5314;C;Ship;2;4;189;3;low;M;3;5897;yes
5315;D;Ship;3;2;234;4;high;F;7;4568;yes
5316;F;Ship;3;1;217;4;medium;F;1;5761;yes
5317;F;Ship;4;3;196;2;high;M;10;5709;yes
5318;A;Ship;3;4;226;2;medium;F;1;5460;no
5319;F;Road;3;5;172;3;medium;M;1;5024;yes
5320;F;Ship;6;5;154;10;medium;F;48;1990;yes
5321;B;Ship;4;2;138;3;low;F;30;1805;yes
5322;C;Ship;7;2;272;4;medium;M;9;1188;yes
5323;F;Flight;4;1;140;2;low;F;5;1274;yes
5324;F;Ship;3;2;131;5;low;F;8;5084;no
5325;C;Ship;4;5;264;3;medium;M;16;2245;yes
5326;A;Ship;2;1;174;3;medium;F;12;1358;yes
5327;A;Ship;4;3;136;3;medium;M;9;1548;yes
5328;A;Ship;5;5;133;3;medium;F;21;1648;yes
5329;C;Ship;5;2;245;5;low;M;8;1528;no
5330;B;Ship;5;1;232;3;low;F;10;1014;yes
5331;F;Ship;4;2;232;3;medium;F;7;5737;yes
5332;C;Ship;5;1;245;3;medium;M;9;5690;no
5333;B;Ship;5;1;214;3;low;M;33;2562;yes
5334;D;Ship;3;1;147;8;medium;M;6;4575;no
5335;B;Road;4;1;207;2;medium;M;4;4099;no
5336;F;Road;5;4;251;2;low;F;3;5347;yes
5337;F;Road;6;5;282;4;medium;M;3;1385;no
5338;F;Road;5;2;259;5;low;F;3;1724;yes
5339;B;Flight;3;3;176;8;medium;M;10;4376;yes
5340;C;Road;2;2;285;2;medium;F;16;2223;yes
5341;B;Ship;4;5;199;5;medium;M;8;5669;yes
5342;B;Flight;5;1;236;5;low;M;8;1441;no
5343;D;Road;2;4;201;2;high;M;2;5115;no
5344;A;Flight;5;5;209;3;low;M;49;3893;yes
5345;F;Flight;4;4;282;6;medium;F;52;3009;yes
5346;C;Road;3;3;190;3;medium;M;2;4468;yes
5347;B;Ship;3;5;262;2;low;F;53;3275;yes
5348;B;Ship;6;5;289;4;low;M;5;1600;yes
5349;A;Ship;2;5;117;3;low;M;44;1192;yes
5350;C;Ship;5;2;158;3;medium;M;2;5221;no
5351;B;Ship;4;1;257;3;low;M;47;1308;yes
5352;D;Flight;3;1;180;3;low;F;29;1414;yes
5353;A;Road;5;3;216;10;medium;M;4;4409;yes
5354;F;Flight;6;3;225;4;low;M;5;4184;yes
5355;D;Ship;3;5;194;3;low;M;6;4295;yes
5356;C;Flight;3;4;150;2;low;F;6;5987;no
5357;F;Ship;4;1;132;6;high;M;8;4902;yes
5358;A;Ship;4;3;214;2;low;M;57;2078;yes
5359;A;Ship;3;1;214;3;medium;F;2;4958;no
5360;B;Flight;3;5;162;3;medium;M;1;4480;no
5361;A;Ship;4;3;221;2;low;F;6;4114;yes
5362;F;Ship;3;4;133;3;low;M;17;1187;yes
5363;F;Flight;5;3;194;7;medium;F;10;5700;no
5364;F;Ship;3;2;141;3;medium;F;41;1801;yes
5365;F;Ship;2;2;171;2;medium;F;6;5105;no
5366;F;Road;3;3;242;3;low;F;7;3127;yes
5367;D;Flight;6;2;291;4;low;M;8;1019;no
5368;F;Ship;6;3;301;4;low;F;2;1083;no
5369;F;Ship;4;3;218;5;low;M;2;4823;yes
5370;C;Ship;4;2;191;3;medium;F;12;3676;yes
5371;D;Flight;3;4;272;10;medium;M;63;2455;yes
5372;F;Flight;7;5;254;4;medium;F;6;1014;no
5373;D;Road;5;5;132;2;high;F;1;4233;no
5374;F;Ship;5;3;186;2;medium;F;58;2259;yes
5375;A;Flight;5;1;274;3;medium;M;58;2098;yes
5376;A;Flight;3;4;179;2;low;M;51;1041;yes
5377;A;Ship;5;5;275;4;medium;M;9;1215;yes
5378;C;Flight;3;3;207;3;high;M;1;5632;yes
5379;B;Ship;3;4;266;3;medium;M;9;5908;yes
5380;F;Ship;2;1;125;4;low;M;1;4097;yes
5381;A;Flight;4;3;255;6;low;M;3;4278;yes
5382;F;Ship;2;5;154;3;low;F;21;1113;yes
5383;F;Ship;6;2;276;6;medium;M;7;2437;yes
5384;B;Ship;2;4;180;2;low;F;8;4321;yes
5385;F;Ship;5;3;156;4;medium;F;8;5868;no
5386;F;Ship;4;2;243;3;low;M;3;5703;no
5387;D;Ship;5;4;157;7;medium;F;9;4272;no
5388;F;Ship;5;5;135;2;low;F;1;4324;yes
5389;C;Ship;6;2;189;2;low;F;2;1837;no
5390;B;Ship;3;2;213;4;low;M;53;3502;yes
5391;A;Ship;5;5;237;5;low;F;1;1526;no
5392;D;Road;5;2;255;6;low;M;6;1610;no
5393;D;Ship;4;5;272;2;medium;M;9;5055;yes
5394;A;Flight;4;4;264;3;high;M;59;2020;yes
5395;B;Road;5;1;168;2;low;F;10;4240;no
5396;F;Road;6;4;256;4;low;F;2;1752;yes
5397;B;Ship;5;2;216;4;medium;F;9;5804;no
5398;F;Flight;3;5;262;2;medium;F;7;4422;yes
5399;C;Ship;4;2;202;4;medium;M;56;3098;yes
5400;D;Ship;3;4;203;2;low;M;9;5735;no
5401;F;Flight;4;1;179;3;low;M;63;1215;yes
5402;D;Ship;4;1;152;3;medium;F;65;1706;yes
5403;C;Ship;4;4;176;6;high;M;5;4494;yes
5404;D;Ship;4;3;261;4;medium;M;9;5116;yes
5405;F;Ship;6;5;304;4;low;F;6;1864;yes
5406;D;Ship;5;1;270;4;medium;F;7;5149;no
5407;B;Ship;3;3;228;3;medium;F;8;4927;no
5408;F;Ship;6;5;284;4;medium;M;8;5346;yes
5409;C;Ship;4;3;279;6;medium;M;2;5405;no
5410;C;Ship;3;4;222;3;medium;M;57;2714;yes
5411;C;Ship;2;2;190;3;low;M;51;2380;yes
5412;C;Ship;4;1;214;2;low;F;10;4447;no
5413;F;Road;4;3;153;7;medium;F;4;4499;yes
5414;C;Ship;2;3;146;3;medium;M;18;1289;yes
5415;A;Ship;4;2;201;3;medium;M;7;5967;yes
5416;F;Road;3;3;248;4;low;F;36;3276;yes
5417;B;Flight;5;5;173;3;low;M;4;5265;yes
5418;F;Ship;5;1;265;5;medium;F;3;1514;yes
5419;B;Ship;3;4;178;8;medium;F;6;4146;no
5420;D;Flight;4;4;156;2;medium;F;7;5938;no
5421;B;Ship;4;5;243;3;low;M;9;5263;no
5422;C;Road;6;2;286;7;medium;F;65;3362;yes
5423;C;Road;6;5;285;4;medium;F;5;1631;yes
5424;C;Ship;6;3;304;4;low;F;9;1401;no
5425;F;Ship;4;2;253;5;medium;F;3;1092;no
5426;B;Ship;5;2;199;4;low;F;59;2885;yes
5427;F;Flight;2;3;223;3;low;F;9;5653;no
5428;D;Road;4;5;188;3;low;M;4;4632;no
5429;F;Ship;3;2;189;3;high;M;1;4997;yes
5430;F;Road;6;4;304;4;low;M;6;1890;yes
5431;A;Ship;3;2;147;4;low;M;13;1657;yes
5432;A;Ship;4;5;248;4;high;F;56;2840;yes
5433;F;Ship;4;2;170;2;low;M;3;4299;no
5434;C;Ship;3;5;240;7;medium;F;9;5525;yes
5435;F;Ship;4;2;265;4;medium;F;40;2637;yes
5436;F;Flight;3;4;243;3;medium;F;8;4959;no
5437;C;Ship;3;2;146;3;high;F;4;5846;yes
5438;A;Ship;4;5;140;3;medium;F;8;4956;no
5439;B;Flight;5;4;245;5;low;F;5;1293;yes
5440;D;Road;3;4;273;4;medium;M;4;5361;no
5441;F;Ship;3;5;183;2;low;F;10;2621;yes
5442;F;Flight;7;3;247;4;medium;M;5;1060;no
5443;D;Flight;6;3;289;5;medium;F;1;1949;yes
5444;B;Ship;3;2;262;4;low;M;1;4745;yes
5445;A;Ship;5;1;172;2;low;F;9;1723;no
5446;F;Ship;5;2;246;3;medium;F;10;5110;no
5447;D;Ship;4;5;251;2;medium;F;28;3561;yes
5448;A;Ship;4;4;168;3;low;M;6;5488;yes
5449;C;Ship;4;3;262;3;low;F;3;4176;no
5450;B;Ship;2;3;147;3;low;F;5;5013;no
5451;A;Ship;3;3;151;3;low;M;7;4611;no
5452;F;Ship;4;2;169;6;low;F;6;4179;no
5453;A;Ship;5;1;132;4;medium;F;4;5461;no
5454;F;Ship;4;3;181;2;low;F;4;5622;yes
5455;F;Ship;3;5;213;2;low;F;39;2857;yes
5456;D;Ship;4;3;171;2;medium;M;10;5211;no
5457;D;Road;4;2;147;3;low;M;3;4152;yes
5458;F;Ship;2;3;247;4;low;M;5;5725;no
5459;F;Ship;4;1;178;8;medium;F;6;4872;no
5460;B;Ship;5;2;189;3;low;F;1;5965;no
5461;B;Ship;5;5;276;4;low;M;2;1411;yes
5462;B;Ship;3;4;169;3;low;F;4;5716;no
5463;A;Ship;6;4;242;3;medium;M;9;5920;no
5464;F;Road;4;4;238;2;low;F;4;4337;yes
5465;A;Flight;4;4;164;2;low;M;7;5456;no
5466;C;Ship;6;2;259;4;low;M;5;1771;yes
5467;F;Road;5;1;228;5;low;F;4;1316;no
5468;D;Ship;4;3;242;3;low;M;1;2808;yes
5469;F;Road;3;4;233;3;medium;F;10;4626;no
5470;F;Road;5;1;171;5;medium;F;8;4699;no
5471;F;Road;5;5;218;5;low;M;5;4303;yes
5472;D;Ship;4;1;183;3;low;M;3;5178;yes
5473;F;Ship;3;1;251;2;low;F;7;5368;yes
5474;C;Ship;4;3;264;5;medium;M;3;1639;no
5475;B;Ship;3;3;265;3;medium;F;8;5070;no
5476;B;Ship;4;4;193;3;medium;M;8;4715;yes
5477;B;Ship;5;2;167;8;low;M;28;1921;yes
5478;A;Ship;3;4;228;2;medium;M;46;3306;yes
5479;B;Ship;3;2;256;3;low;M;1;4932;no
5480;F;Ship;4;1;246;6;low;M;4;1489;no
5481;D;Ship;4;4;121;5;low;F;8;4233;yes
5482;F;Road;;5;191;3;high;F;17;2235;yes
5483;D;Flight;3;3;155;3;low;F;29;1712;yes
5484;C;Ship;5;3;264;5;medium;F;5;1399;no
5485;D;Flight;4;3;173;3;medium;F;2;4351;no
5486;C;Road;4;4;186;3;low;F;2;4430;no
5487;C;Ship;4;2;201;8;medium;F;9;5146;no
5488;C;Ship;6;3;274;4;low;M;10;1174;no
5489;F;Ship;3;5;270;3;high;F;7;4459;yes
5490;F;Flight;3;5;161;3;low;M;2;4475;no
5491;B;Ship;3;2;274;2;high;M;2;5029;no
5492;F;Flight;2;2;155;3;low;M;1;5154;no
5493;C;Ship;5;5;274;5;low;M;7;1875;yes
5494;F;Ship;3;3;201;6;medium;M;2;4984;no
5495;D;Flight;3;2;262;2;medium;M;4;5738;no
5496;F;Ship;3;2;158;3;medium;F;1;5438;no
5497;F;Ship;4;3;222;3;low;F;8;4861;no
5498;B;Ship;5;3;150;4;medium;F;1;5211;no
5499;B;Ship;3;2;199;3;medium;F;8;4164;yes
5500;D;Ship;6;5;244;4;medium;F;6;1185;no
5501;C;Ship;5;4;222;3;low;M;3;5555;no
5502;C;Ship;7;1;257;4;low;M;1;1405;yes
5503;F;Ship;5;4;228;5;low;M;9;1044;no
5504;D;Road;4;4;264;4;medium;M;9;5186;no
5505;A;Flight;5;4;238;3;high;F;5;5907;yes
5506;C;Ship;3;2;173;3;medium;F;37;1990;yes
5507;A;Ship;4;5;142;2;medium;F;7;4594;yes
5508;F;Ship;4;2;150;3;low;M;6;5787;yes
5509;C;Ship;4;4;273;5;low;;10;1316;no
5510;F;Road;6;2;248;4;low;F;10;1563;yes
5511;F;Ship;3;1;270;2;medium;M;6;4966;no
5512;A;Road;4;4;200;4;medium;M;16;2060;yes
5513;B;Road;5;1;113;3;medium;F;6;5509;yes
5514;B;Ship;3;4;176;2;low;F;10;4920;no
5515;B;Ship;5;4;252;3;medium;M;2;4162;no
5516;B;Ship;5;5;133;2;low;F;18;1134;yes
5517;F;Ship;5;3;182;4;medium;M;5;4770;yes
5518;C;Ship;3;4;250;2;medium;M;1;4922;yes
5519;F;Ship;3;3;148;4;low;F;2;5557;no
5520;F;Ship;4;3;216;2;low;M;52;3578;yes
5521;F;Ship;4;2;257;2;low;M;7;5325;yes
5522;B;Ship;3;5;144;2;medium;M;2;4629;yes
5523;A;Ship;3;1;133;3;medium;M;7;4004;yes
5524;A;Ship;4;3;233;2;low;F;45;2732;yes
5525;B;Ship;4;2;268;6;medium;M;2;4348;no
5526;F;Flight;5;4;182;3;medium;F;11;3545;yes
5527;F;Ship;4;2;199;3;low;M;64;2470;yes
5528;C;Flight;5;4;275;4;low;F;7;4597;no
5529;D;Ship;5;5;265;6;low;M;4;1937;yes
5530;B;Ship;3;1;226;3;medium;F;8;5000;no
5531;D;Flight;4;1;183;4;low;M;9;5157;no
5532;F;Road;4;5;246;2;medium;M;31;2415;yes
5533;A;Road;3;4;163;3;medium;M;5;5088;yes
5534;D;Ship;3;4;214;3;low;F;1;5722;no
5535;F;Flight;3;3;252;2;high;M;1;5707;yes
5536;C;Road;5;2;222;3;medium;M;10;5644;yes
5537;C;Road;3;3;136;3;low;M;10;5175;no
5538;B;Flight;5;3;228;3;medium;F;38;3631;yes
5539;F;Ship;3;3;249;2;low;F;2;5078;no
5540;C;Road;4;1;271;5;medium;F;3;1328;no
5541;A;Ship;3;4;196;4;low;F;4;5031;no
5542;D;Road;4;5;258;3;low;M;8;4046;yes
5543;F;Ship;5;2;172;5;medium;F;5;4805;no
5544;C;Ship;3;1;135;2;medium;M;2;4163;no
5545;A;Ship;3;5;270;3;high;M;1;4078;yes
5546;F;Flight;4;4;145;2;medium;M;8;5645;yes
5547;B;Ship;2;1;208;2;low;M;10;4671;yes
5548;F;Ship;4;5;187;3;low;M;7;5022;yes
5549;D;Ship;6;4;157;6;low;F;9;5354;yes
5550;F;Ship;5;1;229;5;low;F;10;1040;yes
5551;D;Ship;4;4;145;4;low;F;35;1210;yes
5552;F;Ship;3;3;261;4;medium;F;4;4307;yes
5553;F;Ship;6;4;253;4;medium;M;10;1248;no
5554;C;Ship;3;3;247;2;high;F;8;4593;yes
5555;A;Flight;5;2;224;4;medium;M;43;2336;yes
5556;F;Ship;5;1;235;3;low;F;7;5061;no
5557;F;Ship;4;3;225;2;low;M;2;4520;yes
5558;D;Flight;3;1;161;3;low;M;9;4865;yes
5559;D;Ship;2;4;149;5;medium;F;7;5541;no
5560;F;Road;3;3;265;3;medium;F;3;5241;no
5561;F;Ship;4;4;201;3;low;F;2;5385;no
5562;A;Ship;3;5;144;4;medium;M;5;1104;yes
5563;D;Ship;4;5;162;3;medium;F;10;4850;yes
5564;C;Road;5;2;250;2;medium;F;6;5565;no
5565;D;Ship;4;4;251;5;medium;F;2;1329;yes
5566;F;Flight;4;1;102;3;medium;M;3;4179;no
5567;B;Road;5;4;271;5;low;M;4;1320;no
5568;D;Ship;3;3;147;2;low;F;52;1040;yes
5569;D;Road;3;2;250;3;low;F;49;3798;yes
5570;D;Ship;5;5;271;2;low;M;27;3957;yes
5571;A;Ship;4;3;136;3;low;F;7;5976;no
5572;D;Ship;5;4;176;3;medium;M;10;5456;no
5573;A;Ship;3;3;148;2;low;M;39;1402;yes
5574;C;Flight;3;3;154;2;low;M;1;5884;yes
5575;D;Road;5;2;262;6;medium;M;10;3164;yes
5576;D;Ship;4;2;263;6;medium;F;4;1644;no
5577;F;Road;5;5;190;4;medium;M;12;2947;yes
5578;F;Flight;3;4;270;2;low;M;4;4681;no
5579;A;Road;3;1;226;3;low;F;8;4002;no
5580;F;Ship;5;5;223;3;medium;F;3;4382;no
5581;A;Ship;6;4;286;4;medium;F;1;1570;no
5582;A;Flight;4;4;225;5;low;M;5;5060;yes
5583;F;Ship;4;5;233;4;low;F;6;1495;no
5584;F;Road;4;1;196;5;low;M;7;5380;no
5585;A;Ship;5;3;248;3;medium;M;10;5567;yes
5586;F;Ship;3;4;257;5;medium;F;5;5365;no
5587;F;Flight;4;1;149;3;low;M;2;4499;no
5588;D;Ship;4;5;197;2;medium;F;40;2710;yes
5589;F;Flight;5;4;233;3;low;M;6;4275;yes
5590;F;Ship;3;4;177;4;medium;F;3;1148;no
5591;A;Flight;2;2;183;4;low;M;48;3374;yes
5592;D;Ship;3;5;274;3;medium;M;5;4710;yes
5593;D;Ship;6;4;297;5;high;M;6;1631;no
5594;F;Flight;4;2;182;3;medium;M;14;3413;yes
5595;D;Ship;5;4;280;4;low;M;10;5156;no
5596;F;Ship;5;1;183;3;low;F;10;5023;no
5597;C;Ship;5;5;254;5;low;F;2;4426;no
5598;A;Ship;3;3;132;3;low;M;6;5721;yes
5599;F;Ship;3;4;271;2;low;M;14;2163;yes
5600;D;Road;5;3;141;2;medium;M;4;5257;no
5601;F;Ship;4;1;254;5;medium;F;3;1880;yes
5602;A;Ship;5;5;193;4;;M;8;5714;no
5603;F;Ship;4;5;216;3;high;M;26;2053;yes
5604;F;Ship;5;4;225;2;low;M;8;4725;no
5605;F;Ship;5;4;225;5;low;F;6;2000;no
5606;F;Ship;6;1;308;4;medium;M;1;1216;yes
5607;B;Ship;3;5;220;3;low;F;5;4407;no
5608;F;Ship;3;2;243;2;medium;M;26;2719;yes
5609;A;Flight;4;5;295;3;low;F;2;1693;no
5610;F;Ship;6;1;141;3;low;F;2;5144;no
5611;F;Ship;4;2;211;2;low;F;9;5883;yes
5612;C;Ship;3;1;170;3;high;F;6;5750;no
5613;F;Flight;3;4;168;2;medium;F;7;4699;yes
5614;A;Flight;3;1;142;2;high;M;18;1428;yes
5615;F;Ship;3;4;238;3;medium;F;8;5337;yes
5616;C;Ship;3;5;168;3;low;M;8;5877;no
5617;D;Ship;3;2;164;4;medium;M;2;1701;yes
5618;C;Ship;4;1;225;2;medium;F;10;4577;yes
5619;A;Ship;4;2;224;3;low;F;3;5967;no
5620;A;Road;4;4;218;5;medium;F;36;2995;yes
5621;D;Ship;4;5;227;3;low;M;65;3984;yes
5622;A;Ship;4;3;134;10;medium;M;8;4337;no
5623;A;Road;5;1;142;4;medium;F;2;4735;yes
5624;F;Road;4;1;225;2;low;M;4;4102;no
5625;C;Ship;4;4;196;3;medium;F;2;4320;yes
5626;F;Ship;3;3;209;3;high;F;2;4036;yes
5627;C;Ship;6;4;263;4;low;M;3;1276;no
5628;F;Ship;5;4;211;3;low;M;9;4908;no
5629;D;Ship;4;4;263;3;medium;M;1;5283;yes
5630;A;Ship;3;1;235;10;low;M;56;2175;yes
5631;F;Ship;3;4;148;4;high;F;1;4249;no
5632;D;Ship;5;1;162;5;low;F;47;1727;yes
5633;A;Flight;4;5;178;2;high;M;5;5403;no
5634;F;Ship;4;5;274;3;medium;M;5;4773;no
5635;C;Flight;5;5;131;5;low;F;1;5299;yes
5636;A;Ship;3;4;254;3;high;M;4;5830;yes
5637;C;Flight;4;3;186;3;medium;F;9;5131;yes
5638;F;Ship;5;5;125;3;low;M;10;4997;no
5639;A;Ship;6;4;168;2;high;M;6;5686;no
5640;C;Ship;4;2;142;10;high;F;9;4280;yes
5641;A;Ship;3;2;214;2;medium;F;9;4512;no
5642;C;Ship;3;3;221;3;low;F;5;4388;no
5643;A;Ship;4;5;168;3;low;F;4;1363;yes
5644;D;Ship;6;3;278;4;low;F;9;1368;no
5645;C;Road;3;4;136;3;low;F;4;5368;no
5646;F;Ship;5;4;263;3;medium;M;61;2606;yes
5647;A;Road;5;5;232;4;low;M;3;5447;no
5648;C;Ship;6;1;286;4;medium;M;1;1636;no
5649;F;Ship;2;5;186;2;low;M;17;3896;yes
5650;B;Ship;4;4;181;3;low;M;44;2070;yes
5651;C;Ship;3;1;140;3;medium;F;65;1291;yes
5652;B;Ship;6;1;193;4;medium;M;8;2952;yes
5653;F;Ship;4;4;144;8;medium;M;6;4390;yes
5654;F;Ship;4;4;201;2;medium;M;7;4320;no
5655;F;Ship;3;1;141;2;low;F;4;1297;yes
5656;C;Ship;5;5;224;3;medium;F;48;2298;yes
5657;D;Ship;4;5;162;2;medium;M;64;1918;yes
5658;F;Ship;3;5;178;3;low;F;7;4135;no
5659;F;Road;4;4;197;5;low;M;8;4793;no
5660;D;Ship;5;4;190;3;medium;F;4;4424;yes
5661;B;Flight;3;3;231;2;low;M;46;2962;yes
5662;F;Ship;2;5;180;6;medium;F;7;4907;yes
5663;F;Road;3;5;264;2;medium;F;1;3947;yes
5664;B;Road;4;2;260;2;low;F;31;2805;yes
5665;F;Ship;3;2;212;2;medium;F;65;3776;yes
5666;D;Ship;3;2;133;2;low;F;3;4677;yes
5667;B;Flight;3;5;268;3;low;M;7;4910;no
5668;B;Ship;3;3;202;3;;F;35;3986;yes
5669;F;Flight;5;1;241;4;medium;F;19;2193;yes
5670;A;Ship;6;4;306;4;low;F;6;1461;no
5671;B;Ship;4;4;233;4;medium;F;59;2358;yes
5672;F;Ship;5;1;258;5;low;F;4;1032;no
5673;A;Ship;4;5;266;3;medium;F;2;4867;no
5674;F;Ship;2;1;264;3;medium;M;10;3409;yes
5675;F;Ship;3;3;254;3;medium;M;3;2837;yes
5676;C;Ship;5;4;179;6;medium;F;8;4615;yes
5677;F;Road;5;5;224;8;low;F;49;3282;yes
5678;A;Ship;5;1;105;6;medium;M;62;1292;yes
5679;B;Ship;2;1;212;2;high;F;8;4128;no
5680;D;Ship;2;2;182;2;medium;F;14;3751;yes
5681;C;Road;3;2;122;4;low;F;9;5299;yes
5682;F;Ship;5;1;259;6;low;F;2;1876;no
5683;A;Ship;3;4;113;3;medium;M;1;5765;yes
5684;D;Ship;3;3;208;5;low;F;10;4258;no
5685;A;Ship;4;5;217;3;medium;M;2;5461;yes
5686;B;Ship;7;3;286;4;low;M;2;1712;yes
5687;C;Road;6;4;150;5;medium;F;8;4709;no
5688;F;Road;5;3;156;3;medium;M;7;4293;no
5689;D;Road;5;5;238;8;low;M;9;5186;no
5690;F;Flight;3;3;157;4;low;M;7;5974;yes
5691;F;Ship;3;5;193;3;medium;F;9;4982;no
5692;C;Ship;3;1;202;3;medium;F;9;4322;no
5693;B;Flight;3;3;201;2;medium;F;8;5032;yes
5694;A;Ship;4;3;230;3;low;F;62;2236;yes
5695;A;Ship;2;5;127;3;low;M;44;1341;yes
5696;D;Ship;4;4;209;6;low;M;62;3532;yes
5697;F;Flight;4;5;134;3;medium;M;3;5000;yes
5698;A;Flight;3;5;192;3;low;F;7;4056;yes
5699;C;Flight;4;5;171;2;medium;F;1;4439;no
5700;B;Ship;5;5;248;2;low;M;4;5587;no
5701;B;Flight;5;2;174;5;medium;M;8;4656;no
5702;B;Ship;3;5;243;3;medium;M;4;3189;yes
5703;B;Flight;2;1;168;4;low;M;6;4800;no
5704;F;Ship;4;5;171;6;medium;F;27;1840;yes
5705;D;Ship;4;3;203;2;medium;F;7;4185;no
5706;A;Ship;3;2;193;2;low;M;3;4799;yes
5707;A;Flight;4;5;133;3;medium;M;4;5180;yes
5708;F;Ship;4;4;177;5;medium;M;7;4070;yes
5709;B;Road;5;5;263;2;medium;M;59;3238;yes
5710;B;Ship;3;1;230;3;medium;M;3;4957;no
5711;D;Flight;4;3;190;5;low;F;8;4736;no
5712;A;Flight;6;3;233;6;low;F;9;4814;no
5713;F;Ship;3;1;250;3;medium;F;6;5832;no
5714;C;Ship;6;1;289;5;medium;M;7;1223;no
5715;F;Ship;3;2;204;3;high;F;54;3608;yes
5716;B;Road;4;1;137;2;low;M;3;4657;no
5717;F;Road;4;3;217;6;medium;F;6;1552;no
5718;F;Ship;4;4;229;6;medium;F;8;1175;no
5719;F;Ship;4;4;158;2;medium;M;15;1030;yes
5720;F;Road;5;2;142;2;low;F;55;1758;yes
5721;A;Ship;6;5;254;4;low;M;7;1674;no
5722;C;Ship;6;3;266;4;medium;M;8;1983;yes
5723;F;Ship;3;3;238;3;medium;M;54;2860;yes
5724;C;Ship;6;1;236;4;low;F;10;2030;yes
5725;C;Ship;2;4;129;3;low;F;48;1219;yes
5726;C;Road;4;1;226;3;low;F;28;2211;yes
5727;C;Ship;3;4;169;4;medium;F;32;1245;yes
5728;D;Ship;3;5;225;2;low;F;56;2596;yes
5729;A;Flight;3;5;251;3;high;F;4;4156;yes
5730;C;Flight;4;2;191;4;low;M;7;5507;yes
5731;B;Road;3;4;206;3;medium;F;5;5915;no
5732;F;Ship;3;4;164;6;medium;F;4;5567;yes
5733;D;Ship;3;4;227;4;low;F;9;5465;no
5734;D;Flight;4;1;228;5;low;F;6;1727;yes
5735;F;Road;4;4;190;2;low;M;2;4460;no
5736;D;Road;6;2;240;6;low;M;3;5967;yes
5737;C;Ship;4;5;176;4;medium;M;6;5061;no
5738;F;Road;5;4;274;3;medium;F;1;4030;no
5739;A;Flight;5;1;222;3;high;M;21;2351;yes
5740;D;Ship;6;3;292;4;low;F;8;1434;no
5741;B;Ship;3;2;238;4;low;F;7;5254;no
5742;A;Ship;4;4;102;3;high;F;9;5644;yes
5743;A;Ship;3;4;155;4;low;M;54;1885;yes
5744;B;Ship;3;2;177;3;low;M;10;1641;yes
5745;B;Ship;4;2;225;3;low;M;52;3189;yes
5746;D;Ship;5;5;232;3;medium;F;33;2998;yes
5747;B;Ship;5;3;223;2;medium;F;9;5735;no
5748;F;Ship;3;4;181;3;low;M;45;2486;yes
5749;F;Ship;4;4;204;2;medium;F;9;4462;no
5750;F;Ship;5;3;206;2;medium;F;59;3278;yes
5751;D;Flight;3;2;286;6;high;F;5;5588;no
5752;C;Ship;3;4;255;2;low;M;2;4504;no
5753;C;Road;3;5;180;2;low;M;33;1444;yes
5754;A;Flight;3;1;139;3;high;F;6;1269;yes
5755;A;Ship;5;1;219;3;low;M;14;2447;yes
5756;B;Ship;3;2;211;6;low;F;2;4417;no
5757;D;Road;5;4;200;3;medium;M;3;4225;no
5758;C;Flight;3;2;207;2;medium;F;10;4070;yes
5759;B;Flight;6;2;259;4;medium;M;6;1066;yes
5760;F;Ship;5;2;248;5;medium;F;9;1973;no
5761;D;Ship;5;4;243;3;low;F;43;2866;yes
5762;B;Ship;3;5;141;2;medium;F;9;5000;no
5763;D;Ship;4;5;264;3;medium;M;57;3753;yes
5764;F;Flight;5;4;281;3;low;F;10;5675;no
5765;B;Ship;4;2;223;3;medium;F;56;3158;yes
5766;F;Ship;5;1;267;4;low;M;5;5792;no
5767;A;Road;4;4;178;4;medium;F;13;1614;yes
5768;A;Ship;3;5;180;3;low;M;6;1228;yes
5769;B;Ship;5;5;208;2;medium;M;8;5321;no
5770;B;Ship;3;5;142;2;low;M;6;5974;yes
5771;B;Ship;5;2;284;4;low;M;1;4171;yes
5772;B;Ship;3;3;260;2;low;M;8;5382;no
5773;B;Road;4;5;177;3;medium;M;7;4031;yes
5774;D;Ship;4;4;255;6;low;F;2;1430;yes
5775;C;Road;3;5;188;3;high;F;9;3206;yes
5776;A;Flight;5;4;250;4;medium;M;4;4531;no
5777;C;Ship;3;2;155;3;medium;F;7;1434;yes
5778;F;Road;3;4;240;3;low;F;28;2356;yes
5779;B;Ship;5;3;190;3;high;M;45;2628;yes
5780;D;Ship;3;3;237;3;medium;M;57;3761;yes
5781;C;Ship;5;5;172;2;low;M;5;5791;no
5782;C;Ship;4;3;229;2;medium;M;7;5364;yes
5783;B;Ship;5;3;182;2;low;M;4;5579;no
5784;C;Ship;3;2;165;2;low;F;24;1966;yes
5785;B;Ship;2;1;271;6;low;F;2;4237;yes
5786;D;Road;4;2;183;3;low;F;33;2741;yes
5787;A;Flight;5;4;236;3;medium;F;1;5711;no
5788;C;Flight;7;4;272;4;low;M;3;1805;no
5789;F;Ship;5;4;266;6;low;F;5;5481;no
5790;D;Ship;3;2;194;3;medium;F;7;4727;yes
5791;A;Ship;5;3;270;5;medium;F;8;1862;no
5792;A;Ship;3;3;273;2;medium;F;7;5491;no
5793;C;Ship;5;1;136;3;low;M;10;5308;no
5794;B;Ship;4;5;154;3;medium;F;9;5489;yes
5795;C;Ship;4;2;212;3;low;M;5;5413;no
5796;D;Ship;6;1;280;4;medium;M;6;1735;yes
5797;D;Ship;3;4;202;2;medium;F;6;5030;no
5798;D;Road;5;4;260;5;low;M;10;1708;yes
5799;F;Road;4;2;186;10;low;M;45;3722;yes
5800;B;Ship;4;1;276;5;low;F;2;1246;no
5801;C;Road;4;5;197;3;low;F;34;3784;yes
5802;D;Ship;4;3;246;5;low;M;5;1395;no
5803;C;Ship;3;2;162;3;medium;M;4;4812;yes
5804;C;Ship;5;1;191;3;low;M;56;3538;yes
5805;C;Ship;4;4;234;2;medium;F;8;5744;no
5806;F;Road;6;4;253;4;medium;F;6;1961;no
5807;D;Ship;5;1;260;5;low;M;4;1257;no
5808;F;Ship;4;1;112;6;medium;M;9;5248;yes
5809;C;Flight;5;2;206;6;medium;M;23;2016;yes
5810;F;Road;6;1;306;4;low;M;1;1210;no
5811;A;Ship;6;4;306;4;low;F;8;1691;yes
5812;D;Ship;6;1;244;4;low;M;5;1867;no
5813;F;Flight;6;3;255;4;medium;F;8;1805;no
5814;B;Flight;2;1;238;4;medium;F;4;4780;no
5815;F;Ship;4;2;169;2;low;M;22;1322;yes
5816;C;Flight;4;4;269;10;high;F;3;4488;no
5817;F;Road;4;5;238;10;medium;F;44;3860;yes
5818;A;Road;2;2;149;4;medium;M;7;4598;no
5819;A;Ship;5;3;236;3;high;F;47;3519;yes
5820;F;Ship;4;3;197;3;medium;F;6;5395;no
5821;D;Ship;7;2;255;4;medium;F;10;1372;no
5822;D;Ship;3;2;145;2;low;F;44;1212;yes
5823;D;Ship;6;5;264;4;medium;M;8;1755;no
5824;B;Flight;5;2;261;3;high;M;3;5303;yes
5825;D;Ship;3;1;156;3;medium;M;9;4278;no
5826;C;Road;3;1;223;3;low;M;8;5318;no
5827;D;Ship;4;4;160;3;low;M;1;4770;no
5828;F;Ship;4;3;257;3;low;F;1;5843;no
5829;B;Ship;3;3;211;6;low;M;5;5777;yes
5830;D;Road;5;3;136;3;medium;F;13;1446;yes
5831;F;Ship;5;1;181;3;low;F;6;5423;no
5832;F;Flight;2;1;226;2;medium;F;1;5576;no
5833;F;Flight;5;4;147;3;medium;M;23;1132;yes
5834;C;Ship;5;5;273;4;low;M;7;4064;yes
5835;C;Road;4;3;146;3;low;M;41;1140;yes
5836;F;Ship;4;1;271;2;low;F;1;4866;no
5837;F;Ship;4;1;240;4;medium;M;7;4818;yes
5838;D;Flight;3;1;264;4;low;M;33;3561;yes
5839;F;Ship;5;3;210;2;medium;M;44;3382;yes
5840;D;Ship;3;4;185;2;low;M;4;5926;no
5841;B;Ship;5;3;213;2;high;F;27;2581;yes
5842;C;Ship;4;5;213;3;medium;F;42;3121;yes
5843;A;Ship;3;3;218;3;low;M;3;2255;yes
5844;F;Flight;2;2;248;2;low;M;46;3707;yes
5845;D;Ship;3;4;128;3;medium;F;51;1524;yes
5846;F;Road;3;4;219;6;low;F;2;1837;no
5847;B;Flight;5;3;191;2;medium;M;7;5783;yes
5848;F;Ship;4;4;243;5;medium;M;2;1842;no
5849;B;Ship;2;4;144;2;medium;M;5;5867;no
5850;F;Road;4;3;217;3;low;M;51;3144;yes
5851;A;Ship;4;4;140;2;low;M;6;4703;no
5852;D;Ship;5;2;226;6;low;F;5;1981;yes
5853;A;Flight;2;5;272;2;low;M;24;3638;yes
5854;D;Ship;5;1;169;4;medium;M;4;4541;no
5855;F;Ship;4;2;192;2;low;M;9;4140;no
5856;C;Ship;5;1;217;2;medium;F;10;4264;no
5857;C;Ship;3;2;225;3;low;M;3;5529;no
5858;A;Ship;3;1;171;2;medium;F;6;5704;yes
5859;D;Ship;5;5;204;5;medium;F;10;4251;no
5860;F;Road;5;5;275;3;low;F;9;1691;yes
5861;B;Flight;5;5;240;6;medium;F;9;1117;no
5862;B;Flight;3;3;170;4;low;M;3;4049;no
5863;F;Ship;3;1;187;2;high;M;56;3774;yes
5864;A;Flight;3;1;166;5;low;F;8;4759;yes
5865;C;Ship;4;1;161;6;low;F;2;5734;no
5866;B;Ship;4;5;161;2;high;F;5;5133;yes
5867;F;Ship;3;4;264;3;low;M;8;4575;yes
5868;F;Flight;7;2;250;5;medium;M;9;1327;no
5869;A;Ship;4;5;253;7;medium;F;11;3825;yes
5870;F;Ship;5;4;147;4;medium;M;6;4369;no
5871;D;Ship;4;2;204;2;low;F;1;4533;no
5872;A;Ship;3;5;247;3;medium;M;10;4286;yes
5873;F;Road;5;2;159;3;medium;F;63;1675;yes
5874;F;Ship;4;4;222;2;low;M;5;5660;no
5875;D;Flight;4;3;247;4;low;F;19;3838;yes
5876;B;Road;4;5;178;3;low;F;23;1695;yes
5877;F;Ship;5;5;206;3;low;M;1;5520;no
5878;B;Ship;4;2;275;6;medium;M;2;1712;yes
5879;B;Ship;2;4;191;3;medium;F;6;4119;no
5880;B;Flight;5;5;256;3;medium;F;6;4145;yes
5881;B;Ship;3;1;200;2;low;F;44;2651;yes
5882;F;Ship;3;1;263;3;low;M;25;3689;yes
5883;A;Road;4;4;184;3;high;F;27;3967;yes
5884;C;Road;4;4;185;2;medium;F;1;4729;no
5885;F;Ship;4;4;266;2;low;F;5;5601;no
5886;A;Ship;3;4;179;3;high;M;57;1582;yes
5887;D;Flight;3;3;238;8;medium;F;3;4943;no
5888;A;Flight;3;3;234;3;low;M;3;4405;no
5889;F;Ship;5;5;135;3;low;F;4;5734;no
5890;B;Ship;3;5;236;2;low;M;10;5755;yes
5891;A;Ship;5;2;149;4;medium;M;48;1068;yes
5892;A;Ship;3;5;259;3;low;F;10;5978;no
5893;B;Road;5;3;244;5;low;F;3;1174;no
5894;D;Flight;4;2;250;3;low;M;5;4488;yes
5895;D;Ship;3;2;157;2;low;M;29;1115;yes
5896;A;Road;5;2;135;2;medium;M;4;5405;no
5897;F;Road;5;4;157;4;low;F;65;1951;yes
5898;D;Ship;4;4;211;4;medium;M;8;4747;yes
5899;D;Ship;3;5;254;3;medium;M;3;4072;no
5900;B;Flight;6;5;258;5;low;F;1;5376;no
5901;D;Ship;5;4;243;6;medium;F;1;4170;yes
5902;B;Flight;2;4;184;5;medium;M;9;5812;no
5903;D;Flight;3;3;272;8;high;M;7;5257;yes
5904;D;Ship;3;2;237;3;low;M;8;5287;yes
5905;B;Ship;5;5;180;5;medium;M;35;1725;yes
5906;A;Road;2;4;155;5;low;M;9;1740;yes
5907;A;Ship;3;4;173;3;medium;M;52;1587;yes
5908;F;Road;3;3;242;3;low;F;8;4199;no
5909;C;Ship;3;3;250;5;medium;M;8;5762;yes
5910;A;Ship;5;1;246;3;low;F;3;5013;no
5911;F;Road;5;5;223;6;medium;F;10;1711;no
5912;F;Ship;4;4;199;3;low;M;10;5002;yes
5913;C;Flight;4;5;176;2;low;F;1;4155;no
5914;F;Ship;4;2;201;3;medium;F;6;5616;yes
5915;F;Ship;7;1;264;4;medium;F;5;1238;no
5916;F;Ship;5;2;154;4;low;F;8;4820;no
5917;F;Flight;4;1;196;3;medium;F;9;5216;yes
5918;C;Flight;3;4;138;2;medium;F;8;4837;no
5919;F;Flight;6;5;243;4;low;F;6;1898;yes
5920;A;Road;3;4;195;3;medium;M;10;2021;yes
5921;F;Ship;4;4;140;2;low;F;47;1831;yes
5922;F;Ship;4;4;157;2;low;M;9;4491;yes
5923;D;Flight;5;5;156;2;low;M;44;1561;yes
5924;D;Ship;3;1;200;4;medium;F;9;5193;no
5925;A;Flight;4;2;243;2;medium;F;6;4573;no
5926;F;Ship;4;4;146;3;low;M;10;4472;yes
5927;B;Road;3;5;251;2;low;F;28;3936;yes
5928;F;Ship;5;3;185;3;low;M;25;2503;yes
5929;B;Flight;4;1;231;3;medium;M;2;4940;no
5930;A;Ship;5;1;275;5;low;M;7;1623;yes
5931;F;Flight;2;5;134;10;high;M;8;5472;no
5932;D;Ship;2;2;182;3;high;M;6;4112;yes
5933;A;Ship;5;1;176;6;medium;M;9;4839;yes
5934;C;Ship;4;1;236;3;low;F;8;4114;no
5935;B;Road;3;5;194;4;medium;F;21;2695;yes
5936;D;Ship;4;4;133;4;high;F;7;5973;yes
5937;C;Flight;6;2;118;2;low;M;40;1014;yes
5938;F;Ship;5;3;217;3;high;F;61;3067;yes
5939;C;Ship;3;3;232;2;medium;F;8;5544;yes
5940;A;Ship;3;1;146;2;low;F;54;1528;yes
5941;F;Ship;6;3;306;4;low;M;10;1372;yes
5942;A;Flight;3;5;212;2;medium;M;56;3547;yes
5943;A;Ship;3;2;144;4;medium;M;8;4867;yes
5944;B;Road;3;3;160;2;medium;F;3;4665;no
5945;F;Ship;3;3;188;4;medium;M;1;4296;yes
5946;C;Ship;4;4;143;2;medium;F;3;5630;yes
5947;B;Flight;5;5;249;3;medium;M;55;3558;yes
5948;F;Ship;3;2;160;3;low;F;4;4683;no
5949;D;Flight;5;3;171;3;medium;M;62;1304;yes
5950;F;Ship;6;3;260;4;low;F;1;1775;no
5951;B;Ship;3;1;231;3;medium;F;33;2755;yes
5952;F;Flight;5;4;228;4;high;F;7;5913;no
5953;F;Ship;4;3;263;6;medium;M;10;1345;yes
5954;B;Ship;5;2;207;2;low;F;35;2184;yes
5955;A;Ship;5;3;131;8;low;F;5;4149;yes
5956;F;Ship;3;3;190;7;medium;F;7;2400;yes
5957;F;Road;4;1;145;2;low;F;2;5209;no
5958;D;Ship;4;4;233;4;low;M;3;5849;yes
5959;F;Ship;5;5;263;8;medium;F;9;2236;yes
5960;B;Ship;3;2;154;3;medium;M;1;5322;yes
5961;F;Ship;6;3;247;4;medium;M;7;1626;yes
5962;C;Ship;3;2;167;2;low;M;2;1010;yes
5963;D;Ship;4;3;156;3;medium;F;8;4701;yes
5964;B;Ship;4;3;251;3;medium;M;5;4206;no
5965;F;Ship;4;4;101;5;low;F;8;4192;no
5966;F;Ship;4;3;248;5;low;F;7;1789;yes
5967;F;Ship;4;3;140;3;high;F;46;1072;yes
5968;C;Ship;5;1;249;5;medium;M;10;1561;no
5969;A;Ship;4;4;209;3;low;F;44;2075;yes
5970;B;Ship;3;4;241;3;medium;M;3;4047;no
5971;B;Ship;3;2;188;3;medium;M;3;3837;yes
5972;D;Flight;4;4;148;3;low;M;4;5716;yes
5973;A;Ship;5;4;269;2;low;F;9;5517;no
5974;D;Ship;2;3;159;3;medium;F;39;1477;yes
5975;B;Ship;5;2;246;3;low;M;2;4054;yes
5976;F;Road;4;5;153;3;low;M;10;1183;yes
5977;A;Ship;3;5;171;3;low;F;49;1333;yes
5978;D;Flight;5;3;151;2;low;M;8;4749;no
5979;A;Ship;5;4;177;2;low;M;14;1735;yes
5980;F;Ship;5;5;177;5;low;F;1;4379;yes
5981;F;Ship;4;2;189;3;medium;M;6;3671;yes
5982;D;Ship;3;5;137;2;low;F;6;5709;yes
5983;A;Ship;3;1;165;3;low;F;1;1417;yes
5984;B;Ship;4;2;248;6;low;M;1;1415;yes
5985;F;Ship;3;1;192;3;low;F;9;5004;no
5986;B;Ship;5;2;172;2;high;F;1;5112;no
5987;B;Ship;6;2;244;4;medium;F;1;1406;yes
5988;A;Ship;3;1;247;2;low;M;7;5557;no
5989;F;Ship;3;5;150;3;medium;F;4;4442;yes
5990;B;Flight;3;1;203;2;low;M;2;4647;yes
5991;F;Ship;3;4;235;2;medium;M;7;4013;yes
5992;F;Road;5;1;303;5;medium;F;4;1009;no
5993;A;Road;4;5;169;4;low;M;5;5347;no
5994;B;Ship;5;3;202;4;low;M;6;5107;no
5995;A;Ship;4;2;222;2;medium;F;16;2518;yes
5996;F;Ship;4;3;233;5;low;M;4;1668;no
5997;F;Ship;4;1;178;3;medium;M;9;1006;yes
5998;F;Ship;4;2;178;8;medium;M;5;4120;yes
5999;F;Road;4;5;231;3;low;F;6;4449;yes
6000;A;Road;3;4;232;5;medium;M;9;5759;no
6001;F;Ship;6;3;244;4;medium;M;5;1108;yes
6002;B;Ship;4;3;210;3;low;M;9;5556;no
6003;C;Ship;4;4;218;4;low;M;6;4377;yes
6004;D;Ship;6;2;271;10;medium;F;2;4145;no
6005;D;Ship;5;2;261;3;low;M;62;3352;yes
6006;F;Ship;4;2;232;2;low;M;5;4907;no
6007;F;Road;3;2;257;2;;M;8;4242;yes
6008;A;Ship;6;1;185;3;high;F;8;4806;no
6009;F;Road;4;1;153;2;medium;M;9;4359;no
6010;B;Road;3;1;233;3;medium;M;7;5331;no
6011;B;Ship;4;3;149;2;low;F;58;1657;yes
6012;B;Ship;3;5;225;3;medium;M;8;3813;yes
6013;F;Ship;4;3;264;5;low;F;2;1541;no
6014;F;Ship;5;2;250;3;medium;F;6;5298;no
6015;F;Ship;4;1;178;2;high;M;39;1362;yes
6016;C;Ship;3;2;243;4;medium;M;4;4410;yes
6017;D;Ship;5;1;224;3;low;M;7;5870;yes
6018;F;Ship;3;4;229;3;medium;F;46;3223;yes
6019;D;Ship;4;2;214;3;low;F;18;2574;yes
6020;C;Flight;3;4;156;3;medium;M;4;4519;yes
6021;F;Ship;4;2;179;3;high;F;30;1076;yes
6022;D;Ship;5;1;181;2;medium;F;4;5578;yes
6023;F;Road;3;4;284;10;low;M;8;4562;yes
6024;B;Flight;4;2;227;10;low;F;10;4619;no
6025;F;Ship;5;5;266;2;medium;M;7;5712;yes
6026;D;Ship;3;1;167;2;low;M;1;5749;no
6027;A;Ship;6;2;269;4;medium;M;38;3171;yes
6028;C;Ship;3;1;193;10;high;F;1;4459;no
6029;D;Ship;4;4;229;2;low;F;9;5672;yes
6030;F;Ship;3;2;164;4;medium;F;10;4560;yes
6031;D;Ship;5;1;159;4;low;M;38;1277;yes
6032;F;Ship;3;4;229;6;medium;F;33;2815;yes
6033;F;Road;6;4;253;2;low;F;9;5972;no
6034;F;Ship;4;2;280;4;low;M;9;5288;yes
6035;F;Ship;3;4;172;3;low;F;4;4337;no
6036;F;Ship;3;2;243;4;medium;M;5;4670;yes
6037;C;Ship;3;4;210;2;medium;M;29;3142;yes
6038;F;Ship;3;4;261;2;low;F;1;5844;no
6039;B;Ship;3;2;231;3;low;F;5;5046;no
6040;F;Road;2;4;160;3;low;F;50;1030;yes
6041;D;Ship;5;4;134;2;medium;F;55;1386;yes
6042;B;Ship;4;2;160;2;medium;M;3;4304;yes
6043;D;Road;3;4;194;2;medium;M;7;5553;no
6044;D;Ship;5;4;234;2;high;F;61;3084;yes
6045;F;Ship;5;5;238;6;low;M;3;1351;no
6046;D;Ship;4;4;187;3;high;M;6;4567;no
6047;F;Road;6;1;139;5;medium;M;1;4243;no
6048;F;Ship;5;3;141;3;low;M;2;4124;yes
6049;A;Ship;4;1;144;4;low;M;8;4970;no
6050;F;Road;5;2;245;5;low;F;9;1466;no
6051;A;Ship;6;2;118;2;low;F;2;1744;yes
6052;F;Ship;4;5;188;5;low;F;1;5999;yes
6053;D;Ship;4;1;252;3;medium;F;30;2669;yes
6054;F;Ship;4;3;235;3;medium;F;4;5748;yes
6055;D;Ship;3;3;144;3;low;M;1;1274;yes
6056;A;Flight;3;3;206;2;medium;M;62;3558;yes
6057;C;Ship;5;5;167;3;medium;M;9;4319;yes
6058;A;Ship;3;1;205;2;medium;F;2;5322;no
6059;C;Road;6;2;140;2;high;M;1;4053;no
6060;C;Ship;5;3;135;3;high;M;4;5858;no
6061;F;Ship;3;4;211;3;low;F;6;5890;no
6062;F;Ship;5;3;197;2;low;F;48;2481;yes
6063;B;Flight;3;5;257;2;low;M;2;5251;yes
6064;F;Ship;5;3;204;3;low;M;10;5610;yes
6065;F;Flight;4;4;203;3;medium;M;8;4443;no
6066;F;Ship;6;3;306;4;high;F;5;1261;yes
6067;F;Flight;7;3;285;4;low;M;10;1935;yes
6068;F;Ship;4;2;231;5;medium;M;8;1562;no
6069;F;Flight;5;2;211;3;medium;F;8;4962;no
6070;F;Ship;6;3;284;4;low;F;3;1291;no
6071;B;Ship;6;2;266;4;medium;M;3;1090;no
6072;B;Road;3;4;213;3;low;F;5;4535;yes
6073;C;Ship;6;3;298;4;low;F;9;1515;yes
6074;B;Road;5;1;203;3;low;F;2;4162;yes
6075;D;Flight;3;1;230;3;medium;F;6;4392;no
6076;F;Ship;3;4;260;4;medium;M;10;5425;no
6077;D;Ship;4;1;238;3;low;F;10;4172;no
6078;D;Ship;4;1;227;3;low;M;54;3972;yes
6079;D;Ship;3;2;245;2;low;F;4;4514;yes
6080;F;Ship;3;1;270;3;medium;F;61;3582;yes
6081;A;Flight;4;3;238;2;medium;F;2;5328;no
6082;C;Ship;3;4;177;3;medium;F;1;4965;no
6083;F;Ship;5;3;255;4;low;F;5;5870;no
6084;F;Ship;6;2;300;5;low;M;3;1696;no
6085;C;Ship;4;2;158;4;low;F;13;1785;yes
6086;F;Flight;3;3;179;2;low;F;62;1765;yes
6087;F;Road;3;5;263;3;medium;M;1;4645;no
6088;F;Ship;3;1;252;3;high;F;6;5101;no
6089;D;Flight;2;1;112;5;low;F;1;4543;no
6090;B;Ship;6;3;296;4;medium;M;7;1515;no
6091;B;Ship;3;3;250;3;medium;M;9;2752;yes
6092;F;Ship;3;5;140;3;low;F;30;1035;yes
6093;B;Ship;3;3;201;2;high;M;36;3340;yes
6094;A;Ship;3;3;164;3;high;M;9;5070;no
6095;F;Road;3;4;245;4;low;M;4;5186;yes
6096;A;Ship;4;1;143;2;medium;F;5;4057;no
6097;C;Ship;3;2;135;7;medium;F;5;4716;no
6098;A;Road;4;3;134;2;low;F;2;4522;no
6099;B;Ship;7;5;273;4;medium;M;9;1329;yes
6100;D;Road;3;4;208;2;low;F;3;5811;yes
6101;A;Ship;2;4;180;2;low;F;6;5579;no
6102;D;Ship;3;1;111;4;low;F;8;1620;yes
6103;D;Flight;3;4;210;2;low;F;35;2741;yes
6104;D;Ship;6;5;308;4;low;M;2;1125;yes
6105;A;Ship;3;1;191;3;high;F;60;2069;yes
6106;D;Ship;6;1;266;4;low;M;9;1287;no
6107;D;Flight;3;2;142;3;low;M;9;4234;no
6108;B;Ship;4;5;198;6;medium;F;6;5380;no
6109;B;Ship;3;5;107;5;low;F;4;5624;no
6110;F;Ship;4;1;165;5;medium;F;1;4170;yes
6111;A;Ship;5;3;244;3;low;F;52;3118;yes
6112;C;Ship;3;1;142;4;low;M;4;1583;yes
6113;F;Ship;3;1;137;3;low;M;47;1611;yes
6114;C;Flight;4;2;267;2;low;M;7;5746;yes
6115;C;Ship;4;4;206;4;medium;F;9;1074;yes
6116;C;Flight;6;2;284;4;low;F;7;1181;yes
6117;A;Flight;5;2;241;2;medium;M;9;4965;no
6118;F;Ship;4;3;106;2;medium;F;6;5867;no
6119;F;Ship;5;3;239;4;low;M;3;3734;yes
6120;F;Ship;3;2;270;6;medium;F;10;4725;yes
6121;C;Road;4;3;175;2;low;M;3;4200;no
6122;F;Ship;3;5;163;2;low;F;49;1034;yes
6123;D;Flight;6;2;161;4;low;M;10;1683;no
6124;F;Road;4;4;224;2;low;F;3;4817;no
6125;B;Flight;3;4;213;3;low;F;4;5481;yes
6126;D;Ship;3;2;204;10;medium;F;10;4534;no
6127;D;Ship;5;4;222;3;medium;F;10;4663;no
6128;F;Flight;5;2;265;3;medium;F;33;2734;yes
6129;A;Flight;4;2;257;3;medium;M;8;5772;no
6130;B;Ship;5;3;226;2;high;F;2;4219;no
6131;B;Ship;6;3;137;8;low;F;6;5992;yes
6132;A;Ship;3;3;253;3;medium;M;5;4754;yes
6133;F;Ship;5;3;260;6;medium;F;10;4986;no
6134;A;Ship;4;1;191;2;low;F;4;5851;yes
6135;F;Road;6;3;199;4;medium;F;1;5204;no
6136;C;Flight;5;1;253;5;low;M;31;3836;yes
6137;D;Flight;3;3;262;5;medium;F;1;5043;no
6138;F;Ship;4;4;172;4;medium;M;7;4834;no
6139;B;Ship;5;3;248;3;medium;M;4;2207;yes
6140;B;Ship;3;1;254;4;low;F;33;2542;yes
6141;A;Ship;3;3;158;2;low;M;10;4061;yes
6142;D;Ship;4;3;196;3;low;F;10;4194;yes
6143;A;Flight;4;2;163;4;medium;F;5;5751;no
6144;D;Ship;3;2;160;4;low;F;9;5112;yes
6145;D;Ship;4;2;172;3;low;M;1;1182;yes
6146;B;Ship;4;2;145;2;medium;M;21;1617;yes
6147;C;Road;4;3;214;4;low;M;34;3446;yes
6148;F;Road;3;5;234;2;medium;F;1;4455;yes
6149;B;Ship;5;2;249;3;high;F;8;5000;yes
6150;F;Flight;7;1;287;4;medium;M;9;1150;yes
6151;B;Ship;3;5;109;4;medium;F;4;4308;no
6152;F;Ship;4;2;234;2;high;M;27;3393;yes
6153;F;Ship;3;2;177;2;high;M;9;4648;no
6154;D;Ship;3;3;148;3;low;F;8;5622;no
6155;A;Flight;3;2;223;4;medium;M;3;5374;no
6156;A;Flight;4;4;193;3;medium;F;3;4596;no
6157;B;Road;6;3;305;4;medium;F;9;1479;yes
6158;F;Ship;7;1;307;4;low;M;2;1983;no
6159;A;Road;5;3;174;3;medium;F;7;5510;yes
6160;A;Ship;4;5;195;2;low;M;2;4008;yes
6161;F;Road;4;3;250;3;low;M;10;4316;no
6162;F;Ship;6;3;245;4;medium;M;3;1772;yes
6163;F;Road;6;4;285;4;medium;F;10;1422;no
6164;B;Ship;4;2;193;2;high;F;48;2371;yes
6165;D;Ship;3;4;240;3;medium;M;8;4410;no
6166;F;Ship;4;1;206;5;medium;F;7;5941;yes
6167;F;Road;5;4;236;5;medium;F;2;1664;yes
6168;C;Flight;6;1;291;5;medium;F;53;1682;yes
6169;A;Road;5;4;233;3;low;M;8;5076;yes
6170;C;Flight;5;1;266;3;low;M;8;4786;yes
6171;F;Road;6;4;240;3;low;F;9;4986;yes
6172;D;Ship;5;3;190;3;low;M;52;2611;yes
6173;C;Ship;3;1;186;2;low;F;1;5054;yes
6174;C;Road;4;4;199;3;low;F;9;5016;no
6175;F;Ship;4;4;151;3;medium;F;5;4732;no
6176;F;Ship;4;2;246;4;medium;M;7;5056;yes
6177;F;Ship;3;3;261;4;medium;F;7;4542;yes
6178;F;Ship;4;2;254;7;low;F;6;5121;no
6179;C;Ship;4;5;253;3;low;F;1;5402;no
6180;F;Ship;2;3;144;3;high;M;40;1500;yes
6181;F;Ship;6;3;274;4;low;F;5;1452;no
6182;D;Ship;5;1;181;4;medium;F;4;5505;no
6183;C;Road;3;1;182;3;medium;F;40;3536;yes
6184;B;Road;4;4;238;3;low;F;13;2042;yes
6185;C;Road;4;2;246;5;low;F;10;1720;no
6186;D;Ship;3;3;219;6;low;M;10;1116;no
6187;B;Ship;2;1;229;3;medium;M;9;5075;no
6188;A;Road;2;3;211;3;low;F;8;1172;no
6189;F;Ship;4;5;242;2;medium;F;2;4806;yes
6190;A;Ship;3;1;179;2;medium;M;2;4085;no
6191;C;Ship;6;3;155;2;medium;F;1;4182;yes
6192;C;Ship;4;3;226;2;low;F;32;2912;yes
6193;B;Road;4;2;189;2;medium;M;5;4374;no
6194;C;Flight;6;1;265;4;low;F;7;1644;yes
6195;B;Ship;3;4;151;3;low;M;16;1020;yes
6196;F;Ship;3;5;241;10;medium;M;41;3015;yes
6197;F;Ship;6;1;267;4;low;M;9;1146;yes
6198;A;Ship;4;4;200;2;low;M;5;5783;no
6199;C;Ship;5;1;137;2;low;M;9;4580;yes
6200;C;Ship;6;5;204;3;medium;M;7;4119;no
6201;A;Ship;3;5;283;2;low;M;2;4207;no
6202;A;Flight;4;5;234;3;low;M;5;5213;no
6203;A;Ship;5;3;199;4;medium;F;8;5362;no
6204;B;Road;3;1;225;2;low;F;2;4438;yes
6205;D;Ship;4;3;187;3;low;M;61;2207;yes
6206;C;Flight;2;4;168;3;low;F;15;1886;yes
6207;F;Flight;3;4;149;3;low;M;1;5040;yes
6208;F;Ship;6;4;257;4;medium;F;9;1108;yes
6209;F;Flight;6;1;255;4;low;F;2;1385;no
6210;D;Road;5;4;223;2;low;M;5;4424;yes
6211;F;Flight;3;3;172;4;low;F;33;1989;yes
6212;F;Ship;5;2;235;3;low;M;14;2984;yes
6213;B;Flight;6;3;285;7;medium;M;7;5030;yes
6214;D;Ship;6;1;255;4;low;M;9;1575;no
6215;F;Ship;3;1;257;2;medium;M;37;3517;yes
6216;D;Ship;7;3;305;4;medium;F;3;1426;yes
6217;A;Ship;4;1;222;4;medium;F;42;2762;yes
6218;F;Ship;3;1;219;3;medium;M;6;4893;yes
6219;B;Ship;3;2;139;2;low;M;63;1767;yes
6220;B;Ship;3;4;160;3;medium;M;3;5662;no
6221;A;Flight;3;2;227;3;medium;M;21;2351;yes
6222;A;Road;3;1;269;4;low;F;7;5107;no
6223;C;Ship;5;1;189;4;low;F;10;4166;yes
6224;A;Road;3;2;237;2;high;M;26;3103;yes
6225;D;Flight;3;3;155;3;medium;F;7;5464;no
6226;D;Ship;3;1;247;4;low;F;8;5376;yes
6227;F;Flight;4;4;209;6;low;F;7;4852;no
6228;D;Ship;5;3;162;2;low;F;14;1045;yes
6229;C;Ship;4;4;249;3;medium;F;1;5743;no
6230;F;Ship;4;5;135;3;medium;F;53;1744;yes
6231;C;Flight;3;2;229;3;medium;M;9;4491;yes
6232;B;Ship;4;4;196;4;low;F;10;4871;yes
6233;F;Ship;4;2;222;2;low;M;1;5028;yes
6234;D;Flight;4;3;255;5;low;M;1;1192;no
6235;F;Ship;7;2;302;4;low;M;6;1632;no
6236;F;Road;4;2;189;10;medium;F;5;5470;no
6237;C;Flight;4;5;133;3;high;F;8;5653;yes
6238;A;Road;4;4;155;3;medium;F;6;5778;yes
6239;D;Ship;5;2;274;4;medium;F;7;4929;no
6240;D;Ship;4;3;127;5;low;F;5;1205;yes
6241;F;Ship;4;4;177;2;low;F;6;5116;no
6242;D;Ship;3;1;133;3;low;F;10;5640;no
6243;C;Road;4;4;169;3;low;M;23;1058;yes
6244;F;Ship;4;4;223;3;high;F;5;5654;no
6245;A;Flight;3;5;98;3;medium;F;48;1635;yes
6246;D;Ship;5;1;275;4;medium;F;6;1569;no
6247;B;Flight;4;4;223;5;medium;M;4;1344;no
6248;C;Ship;4;1;261;3;low;F;3;4673;yes
6249;F;Ship;4;4;184;3;medium;F;2;5381;no
6250;C;Road;5;4;177;2;medium;F;45;1664;yes
6251;B;Ship;4;4;157;3;medium;F;10;5041;yes
6252;D;Flight;5;3;269;5;low;F;3;1667;yes
6253;D;Ship;5;4;141;3;medium;M;64;1677;yes
6254;D;Ship;6;2;280;4;low;M;10;1866;yes
6255;D;Ship;3;5;224;2;low;F;10;4380;yes
6256;F;Road;4;1;167;3;low;F;10;1616;yes
6257;F;Ship;4;5;146;3;low;F;9;1685;yes
6258;A;Ship;5;2;210;7;medium;F;4;4525;yes
6259;F;Ship;4;4;168;3;medium;M;53;1782;yes
6260;D;Ship;5;1;235;5;low;;4;1259;yes
6261;F;Ship;4;5;237;2;medium;F;60;3427;yes
6262;B;Ship;4;4;168;4;medium;F;4;4676;no
6263;F;Ship;6;4;250;4;low;M;3;1490;yes
6264;B;Flight;5;1;232;5;medium;F;7;1069;yes
6265;D;Ship;2;1;240;2;low;M;8;1144;yes
6266;C;Ship;5;3;157;4;low;M;1;1306;yes
6267;C;Ship;2;1;249;3;low;M;11;2534;yes
6268;F;Ship;4;4;185;3;medium;M;9;4469;no
6269;B;Ship;5;5;186;4;medium;F;9;5592;yes
6270;F;Road;4;4;173;3;low;M;10;4616;no
6271;A;Ship;5;2;239;5;low;M;1;1518;yes
6272;F;Ship;4;2;272;3;high;M;7;5927;no
6273;D;Ship;5;1;238;6;low;F;9;1192;no
6274;F;Flight;5;5;115;5;low;F;26;1692;yes
6275;F;Flight;7;2;272;4;medium;F;8;1816;no
6276;B;Ship;3;4;250;3;low;M;10;5688;no
6277;F;Ship;4;5;135;3;medium;F;6;5266;yes
6278;D;Road;4;2;149;6;low;F;6;4904;no
6279;D;Road;4;2;176;3;low;M;23;1909;yes
6280;F;Flight;3;3;182;10;low;M;3;5555;no
6281;A;Ship;4;2;249;5;low;M;2;1195;no
6282;A;Ship;3;4;234;3;medium;F;37;2111;yes
6283;A;Flight;4;4;216;4;medium;M;27;3740;yes
6284;F;Ship;6;5;255;4;low;F;2;1218;yes
6285;B;Ship;4;2;256;4;medium;M;4;5469;no
6286;D;Ship;4;5;242;2;low;M;4;5341;no
6287;F;Ship;5;4;183;2;low;F;36;3819;yes
6288;F;Flight;5;4;97;3;medium;F;8;4577;no
6289;B;Ship;4;3;275;5;medium;M;5;1329;no
6290;B;Flight;3;5;165;4;low;M;6;4795;yes
6291;A;Flight;4;3;266;5;high;F;5;1590;no
6292;C;Ship;5;4;199;4;low;M;24;3443;yes
6293;D;Ship;5;5;217;6;medium;M;5;1616;no
6294;B;Ship;5;1;245;5;low;M;9;1694;yes
6295;F;Ship;3;2;184;3;medium;F;8;4994;no
6296;A;Road;4;1;241;3;medium;F;61;3812;yes
6297;A;Road;4;3;247;3;high;F;1;5214;no
6298;F;Ship;4;3;238;2;low;M;7;5808;yes
6299;B;Flight;6;4;275;4;low;M;9;1585;no
6300;F;Road;4;3;158;3;high;F;5;5602;no
6301;A;Ship;5;2;176;3;low;M;9;5656;no
6302;D;Ship;4;2;223;3;low;M;7;4026;yes
6303;D;Ship;4;1;179;4;medium;F;2;4071;yes
6304;D;Flight;5;1;257;3;medium;M;7;4133;no
6305;F;Ship;4;1;258;3;medium;F;4;3686;yes
6306;B;Ship;5;1;234;3;medium;M;40;3340;yes
6307;B;Ship;3;5;118;4;low;F;10;5699;yes
6308;B;Flight;5;5;239;3;medium;M;8;4975;no
6309;A;Flight;5;4;274;3;low;M;1;5017;yes
6310;F;Ship;5;2;229;3;low;M;1;5189;yes
6311;F;Ship;4;1;135;3;medium;M;39;1549;yes
6312;D;Ship;3;2;141;3;low;M;7;4682;no
6313;B;Ship;5;4;164;3;low;M;9;5135;yes
6314;C;Ship;4;5;148;3;medium;F;5;5216;no
6315;F;Ship;7;3;278;4;low;M;2;1038;yes
6316;B;Flight;3;4;176;3;medium;F;8;1567;yes
6317;F;Ship;5;1;142;6;medium;M;1;4843;yes
6318;F;Ship;4;2;198;3;low;F;4;5863;no
6319;B;Ship;4;2;256;2;medium;M;10;3128;yes
6320;F;Ship;3;5;240;3;medium;F;54;2919;yes
6321;C;Ship;6;3;176;5;low;F;7;1767;yes
6322;F;Ship;3;4;139;2;low;M;45;1192;yes
6323;D;Road;3;5;268;4;high;M;;2893;yes
6324;F;Flight;4;1;172;3;medium;F;10;5106;yes
6325;A;Ship;3;1;183;2;medium;F;3;4042;no
6326;D;Road;4;4;271;6;high;M;3;5204;no
6327;A;Ship;3;2;222;4;medium;M;10;5720;no
6328;A;Ship;5;2;150;3;medium;F;7;5980;no
6329;A;Road;5;2;192;2;low;M;5;4046;no
6330;C;Ship;4;3;161;7;medium;M;63;1496;yes
6331;F;Ship;3;5;205;4;low;F;9;4819;yes
6332;D;Ship;3;4;236;3;medium;M;1;5851;no
6333;D;Ship;7;3;270;4;medium;F;10;1211;no
6334;F;Road;2;1;123;4;low;F;53;1036;yes
6335;B;Ship;3;2;139;3;medium;M;4;5531;no
6336;D;Road;3;4;144;3;medium;M;8;5867;yes
6337;B;Ship;3;3;201;10;high;M;10;5281;no
6338;B;Road;3;5;213;4;medium;M;9;5550;yes
6339;A;Ship;4;3;154;3;medium;M;10;1711;yes
6340;A;Ship;2;3;130;3;low;F;48;1801;yes
6341;F;Ship;5;4;274;5;low;M;6;1969;no
6342;B;Flight;3;4;184;4;medium;M;2;4052;no
6343;A;Ship;6;5;139;6;medium;F;10;1081;yes
6344;B;Road;3;5;159;2;high;F;9;4099;yes
6345;F;Ship;4;3;242;6;low;M;5;1411;no
6346;D;Ship;5;3;255;4;medium;F;4;4178;yes
6347;F;Ship;3;3;157;4;medium;F;7;4487;yes
6348;F;Ship;2;4;154;3;medium;F;48;7684;yes
6349;D;Ship;3;5;246;3;medium;F;2;5653;yes
6350;C;Ship;4;3;242;4;low;M;62;3997;yes
6351;B;Ship;5;1;257;4;medium;M;1;4924;no
6352;F;Road;5;4;263;2;medium;F;5;4595;no
6353;B;Flight;4;4;137;2;medium;M;37;1447;yes
6354;B;Flight;5;5;169;4;low;F;2;4188;no
6355;A;Ship;5;2;238;5;low;F;4;1962;no
6356;F;Ship;3;5;159;3;medium;F;1;4314;yes
6357;A;Flight;5;2;131;5;low;F;4;4600;yes
6358;C;Ship;6;3;301;5;low;F;2;1452;yes
6359;F;Ship;6;3;256;4;low;F;9;1212;yes
6360;A;Flight;4;4;137;4;medium;F;5;5095;no
6361;C;Road;4;4;199;4;medium;F;5;4194;no
6362;B;Ship;4;4;141;3;low;M;22;1735;yes
6363;B;Ship;4;5;157;3;medium;F;2;4343;yes
6364;D;Ship;5;2;258;5;low;F;2;1232;yes
6365;F;Flight;6;4;194;3;low;M;10;2554;yes
6366;F;Flight;4;4;207;3;low;M;20;2637;yes
6367;C;Ship;4;4;133;2;medium;F;4;4724;no
6368;B;Road;6;5;154;2;high;M;7;4359;yes
6369;C;Ship;2;3;198;2;medium;F;6;1996;no
6370;A;Ship;4;5;233;2;medium;M;10;5865;yes
6371;D;Ship;4;3;265;3;low;F;65;3578;yes
6372;D;Ship;4;1;155;5;low;F;1;5986;no
6373;C;Ship;3;2;150;2;medium;M;5;5264;no
6374;B;Ship;5;1;235;5;medium;F;6;1059;yes
6375;A;Ship;5;2;263;8;medium;M;24;3139;yes
6376;F;Ship;4;5;237;5;low;M;2;1357;yes
6377;C;Flight;3;1;101;3;medium;M;7;4275;yes
6378;A;Ship;6;4;271;4;low;F;6;1091;no
6379;D;Ship;4;5;135;2;low;M;60;1026;yes
6380;F;Ship;6;4;151;3;low;F;10;5414;yes
6381;C;Ship;4;3;143;3;medium;F;3;5062;yes
6382;B;Ship;4;1;234;3;low;M;2;4282;no
6383;F;Road;4;2;133;3;medium;F;5;5950;no
6384;B;Ship;4;4;156;2;low;F;5;5216;no
6385;F;Ship;4;4;272;2;low;M;7;4042;yes
6386;B;Ship;4;1;209;2;low;F;10;5066;no
6387;D;Road;6;5;278;4;medium;F;6;1140;no
6388;B;Road;4;5;265;3;medium;F;41;3101;yes
6389;F;Flight;7;1;308;4;medium;M;5;1705;no
6390;A;Ship;4;2;228;5;low;F;3;1473;yes
6391;B;Ship;6;4;283;4;low;F;8;1480;no
6392;B;Road;4;2;202;2;low;F;45;3008;yes
6393;F;Ship;3;3;265;4;low;M;47;2557;yes
6394;A;Ship;2;2;180;2;high;M;1;4407;no
6395;F;Road;4;3;268;3;medium;F;23;2996;yes
6396;F;Flight;5;3;218;6;low;F;6;1519;yes
6397;F;Ship;6;4;279;4;low;M;9;1128;no
6398;C;Ship;2;5;181;5;medium;F;5;1043;no
6399;D;Road;6;3;264;4;medium;F;3;1498;yes
6400;C;Ship;4;2;193;2;medium;F;1;5909;no
6401;B;Road;3;4;261;2;medium;F;1;3398;yes
6402;C;Ship;5;5;271;4;low;M;9;1989;no
6403;A;Ship;7;5;285;4;low;M;6;1591;yes
6404;A;Flight;3;5;183;3;medium;F;44;3158;yes
6405;D;Ship;3;3;247;2;medium;M;55;3461;yes
6406;B;Ship;2;2;203;4;medium;M;10;5764;no
6407;F;Flight;4;1;266;3;low;M;10;4382;no
6408;A;Ship;4;1;251;2;low;F;2;4839;yes
6409;A;Ship;4;1;243;3;medium;M;10;5832;no
6410;D;Road;6;3;271;4;low;F;2;1364;yes
6411;F;Road;5;3;219;3;low;M;1;2027;yes
6412;C;Flight;4;2;239;6;low;F;7;1934;no
6413;F;Ship;6;3;260;4;low;M;9;1131;yes
6414;F;Ship;5;5;286;3;low;F;18;3163;yes
6415;B;Ship;4;4;218;2;medium;M;27;2824;yes
6416;B;Road;5;1;236;2;low;F;2;4987;yes
6417;C;Ship;3;5;238;2;high;M;5;4052;no
6418;B;Ship;4;3;222;2;medium;M;55;3833;yes
6419;D;Ship;5;3;242;3;low;M;58;3411;yes
6420;C;Ship;5;2;226;5;medium;M;5;1323;no
6421;A;Ship;4;3;233;3;medium;M;4;5259;no
6422;C;Road;5;4;257;3;medium;F;3;4895;yes
6423;F;Road;3;1;177;2;low;M;38;1099;yes
6424;C;Road;4;5;148;3;high;F;6;5473;yes
6425;F;Flight;3;5;154;3;medium;M;46;1312;yes
6426;F;Ship;3;3;200;3;high;F;2;4777;yes
6427;D;Flight;5;4;233;4;medium;M;1;4255;yes
6428;B;Ship;4;1;153;7;medium;F;4;5761;yes
6429;A;Ship;6;4;271;4;medium;M;8;1867;no
6430;F;Road;4;1;241;2;low;M;3;5672;no
6431;A;Ship;2;2;220;3;low;M;1;5289;no
6432;A;Ship;7;3;255;4;medium;F;4;1373;no
6433;F;Ship;4;2;151;4;medium;F;5;5469;no
6434;F;Flight;3;1;109;6;low;F;5;4374;yes
6435;F;Ship;3;3;232;5;medium;M;10;5580;no
6436;A;Flight;2;1;155;2;low;M;2;5661;yes
6437;B;Road;4;4;158;3;low;F;61;1507;yes
6438;D;Ship;7;1;276;4;low;F;9;1519;yes
6439;B;Flight;7;2;275;4;medium;F;6;1513;no
6440;F;Ship;3;2;207;2;low;M;20;3419;yes
6441;F;Ship;5;3;161;5;high;M;48;1883;yes
6442;D;Ship;3;3;233;3;low;F;5;4976;yes
6443;F;Ship;5;5;182;3;medium;F;27;3039;yes
6444;C;Flight;4;1;223;3;low;F;8;4974;yes
6445;C;Flight;3;3;192;3;high;F;4;4339;yes
6446;D;Road;5;4;236;5;medium;F;4;1948;no
6447;B;Ship;6;3;308;5;medium;F;4;1118;no
6448;D;Ship;4;1;184;7;medium;F;6;4956;no
6449;B;Ship;3;2;138;2;medium;F;46;1436;yes
6450;B;Ship;4;5;268;3;low;F;64;2386;yes
6451;F;Ship;3;5;168;4;medium;M;23;1347;yes
6452;A;Ship;5;1;269;3;low;F;5;5031;no
6453;D;Ship;7;2;291;4;low;F;8;1275;no
6454;D;Ship;4;3;258;3;high;F;1;4653;no
6455;A;Ship;6;2;259;4;low;F;10;2000;yes
6456;F;Ship;3;1;173;2;medium;F;4;5521;no
6457;C;Flight;5;1;264;6;high;F;4;5337;no
6458;C;Ship;3;4;242;3;low;M;29;2381;yes
6459;D;Ship;3;2;200;3;low;M;46;3642;yes
6460;F;Ship;3;3;229;6;medium;F;61;2298;yes
6461;C;Ship;3;2;262;7;high;M;5;5985;yes
6462;B;Road;5;1;165;3;low;F;37;1228;yes
6463;F;Ship;4;3;191;3;medium;M;1;4219;no
6464;C;Ship;4;3;253;6;low;F;4;1788;yes
6465;F;Ship;4;1;232;2;medium;F;26;3300;yes
6466;F;Ship;5;2;254;2;medium;M;4;4180;yes
6467;A;Ship;6;3;139;6;medium;F;8;1284;yes
6468;A;Ship;4;1;226;5;medium;M;6;1723;no
6469;D;Ship;5;1;151;4;low;M;5;4549;no
6470;F;Ship;3;3;211;3;medium;M;7;5185;no
6471;C;Road;6;3;127;3;medium;F;7;5574;yes
6472;F;Ship;5;2;262;6;medium;F;4;1532;yes
6473;D;Ship;4;2;261;5;low;F;8;1235;yes
6474;B;Ship;4;3;134;2;medium;F;29;1010;yes
6475;F;Ship;4;2;252;2;high;F;4;5233;yes
6476;C;Road;6;4;289;4;low;F;1;1656;no
6477;C;Flight;5;3;167;2;low;M;3;1140;yes
6478;C;Ship;4;3;249;3;low;M;4;4811;no
6479;F;Ship;5;2;263;2;medium;F;63;1254;yes
6480;F;Ship;4;1;164;4;low;M;6;4432;yes
6481;C;Ship;3;2;186;2;medium;M;3;5712;no
6482;F;Ship;3;5;156;;medium;F;8;5848;no
6483;C;Flight;6;4;268;4;low;M;9;1793;no
6484;F;Flight;6;2;250;4;medium;F;3;1777;yes
6485;F;Road;5;1;239;5;low;F;6;1815;no
6486;C;Flight;5;1;220;3;medium;M;8;5727;yes
6487;F;Flight;5;2;152;3;medium;M;4;4699;yes
6488;D;Ship;5;5;229;5;medium;M;2;1975;yes
6489;F;Ship;6;3;218;6;high;F;5;4352;yes
6490;F;Flight;5;3;202;3;high;M;41;3536;yes
6491;C;Flight;4;1;265;3;medium;M;3;5177;no
6492;A;Road;4;1;205;5;low;M;10;4944;no
6493;C;Ship;3;5;275;4;medium;M;10;5066;no
6494;F;Ship;3;4;171;3;low;M;10;4839;no
6495;B;Ship;3;4;165;2;medium;M;1;5745;no
6496;B;Road;4;5;203;2;medium;F;8;4450;yes
6497;A;Ship;4;2;252;3;medium;F;43;3273;yes
6498;F;Ship;2;5;275;2;low;M;41;2546;yes
6499;D;Flight;3;5;238;2;low;F;8;5769;no
6500;C;Ship;4;2;156;3;low;F;1;5361;no
6501;D;Flight;6;1;191;5;low;M;8;5156;yes
6502;D;Ship;2;1;147;3;low;M;3;4120;yes
6503;C;Ship;3;3;253;4;low;M;2;5040;yes
6504;D;Ship;2;2;219;3;low;F;56;3608;yes
6505;F;Ship;3;2;207;2;low;M;9;4671;no
6506;A;Ship;5;4;171;3;low;F;1;5011;no
6507;F;Flight;5;3;254;2;medium;F;5;4764;yes
6508;C;Ship;3;3;192;3;medium;F;2;3995;yes
6509;B;Flight;3;3;205;2;medium;M;6;4989;yes
6510;B;Ship;4;4;177;3;medium;M;23;1142;yes
6511;B;Ship;4;2;249;4;medium;M;4;5418;yes
6512;F;Ship;5;5;145;3;medium;F;37;1993;yes
6513;F;Ship;5;1;275;5;low;F;3;1062;no
6514;C;Ship;4;2;170;2;low;F;1;1446;yes
6515;A;Ship;4;3;134;4;low;F;5;4507;yes
6516;D;Flight;5;1;285;5;low;M;51;2063;yes
6517;D;Ship;3;5;227;4;low;F;9;4647;no
6518;B;Ship;3;3;166;4;medium;F;17;1498;yes
6519;D;Flight;4;4;185;3;high;F;6;4238;yes
6520;D;Road;4;4;216;2;low;F;4;5984;no
6521;A;Ship;4;2;218;2;low;M;4;4299;yes
6522;B;Ship;4;3;155;3;low;F;1;4360;yes
6523;F;Flight;5;1;272;3;medium;M;27;2415;yes
6524;C;Road;6;4;286;4;medium;F;5;4262;no
6525;B;Ship;3;1;138;3;low;F;41;1914;yes
6526;F;Ship;4;4;136;3;low;M;6;1900;yes
6527;A;Ship;6;2;130;5;low;M;3;5654;no
6528;F;Ship;4;2;198;2;high;M;2;5662;no
6529;D;Ship;4;5;221;3;medium;F;3;4430;yes
6530;B;Ship;5;5;257;5;low;M;5;1657;no
6531;C;Ship;3;2;186;2;low;M;7;5522;no
6532;F;Ship;4;1;232;5;medium;M;8;1943;no
6533;A;Ship;6;1;259;4;low;F;4;1198;no
6534;A;Ship;4;4;224;3;high;M;60;3145;yes
6535;F;Ship;3;2;224;3;low;F;7;5896;no
6536;B;Ship;6;5;282;4;low;M;1;1193;yes
6537;D;Ship;3;3;175;3;medium;F;32;1848;yes
6538;D;Ship;4;1;247;3;low;M;5;5636;yes
6539;F;Ship;3;5;241;3;low;F;4;4132;no
6540;F;Flight;4;1;222;2;low;F;10;4714;yes
6541;B;Road;3;2;204;3;medium;M;48;2792;yes
6542;A;Ship;5;5;272;4;medium;M;10;1383;yes
6543;A;Ship;4;2;136;2;medium;F;7;4305;yes
6544;B;Ship;3;4;238;2;medium;M;3;4930;no
6545;A;Road;4;2;163;3;low;F;27;1639;yes
6546;B;Ship;5;2;263;5;medium;F;10;1059;no
6547;F;Ship;3;1;243;3;medium;M;6;5371;no
6548;F;Ship;7;4;287;4;low;M;9;1667;yes
6549;A;Road;5;4;144;3;low;F;59;1178;yes
6550;C;Ship;4;4;216;2;medium;F;6;3255;yes
6551;C;Ship;4;1;240;4;low;F;7;5905;yes
6552;B;Ship;3;1;268;4;medium;F;4;5006;no
6553;B;Ship;3;1;185;2;low;F;41;3787;yes
6554;F;Flight;4;4;225;3;low;M;10;4486;no
6555;B;Flight;3;2;199;3;low;F;8;5431;no
6556;B;Ship;4;4;152;3;low;M;8;4430;no
6557;A;Ship;6;2;99;3;low;M;8;5872;no
6558;F;Flight;5;1;250;4;medium;M;4;1438;no
6559;B;Flight;3;5;245;6;high;M;9;4793;no
6560;F;Ship;4;1;255;;low;F;4;1005;no
6561;F;Ship;4;4;220;10;medium;F;7;4598;no
6562;D;Ship;3;1;209;3;low;F;8;4367;no
6563;C;Road;3;2;268;3;low;;30;2867;yes
6564;D;Ship;4;5;267;3;low;F;53;3742;yes
6565;F;Ship;5;3;225;3;medium;M;59;2270;yes
6566;F;Ship;4;5;205;3;medium;F;9;4411;no
6567;C;Road;3;2;262;2;low;F;26;2370;yes
6568;B;Ship;4;1;224;3;medium;F;36;3499;yes
6569;F;Ship;4;2;259;2;high;F;10;5265;no
6570;F;Ship;7;2;300;4;medium;M;3;1070;yes
6571;A;Ship;4;5;155;4;high;F;48;1972;yes
6572;F;Ship;6;3;277;4;medium;M;6;1623;yes
6573;C;Flight;5;3;169;2;low;F;1;4500;yes
6574;F;Ship;4;1;182;3;medium;F;49;3198;yes
6575;C;Ship;3;5;228;2;low;M;6;5893;no
6576;F;Flight;4;2;186;2;low;M;2;5604;yes
6577;F;Ship;5;1;164;3;low;M;7;4540;yes
6578;D;Road;3;4;192;4;medium;M;3;4030;no
6579;B;Ship;4;3;261;3;low;F;10;2802;yes
6580;D;Road;3;3;255;2;medium;M;3;2894;yes
6581;F;Ship;4;2;194;8;medium;M;10;5995;no
6582;F;Ship;4;5;175;2;low;M;40;1270;yes
6583;C;Ship;6;5;279;4;medium;M;7;1300;no
6584;C;Road;3;5;272;3;medium;M;48;3780;yes
6585;F;Ship;3;2;153;10;high;F;7;5305;no
6586;B;Ship;3;5;206;3;medium;F;6;5618;no
6587;D;Ship;5;5;123;2;low;F;60;1653;yes
6588;B;Road;5;4;212;2;low;F;9;4925;no
6589;B;Ship;2;4;137;3;high;F;41;1176;yes
6590;B;Ship;5;5;166;2;high;F;2;4562;yes
6591;C;Ship;3;3;154;2;low;F;57;1096;yes
6592;F;Road;4;2;146;3;low;F;4;5659;no
6593;D;Ship;6;2;292;4;medium;M;2;1149;yes
6594;A;Ship;4;1;252;5;medium;F;1;1538;yes
6595;F;Ship;3;3;266;7;low;M;2;5671;yes
6596;F;Ship;2;3;188;3;medium;F;51;3191;yes
6597;D;Road;6;5;283;4;low;M;2;1136;yes
6598;A;Ship;4;3;272;2;medium;F;5;4681;yes
6599;C;Ship;5;1;170;3;high;M;58;1651;yes
6600;F;Ship;3;4;195;2;medium;F;10;4031;no
6601;C;Ship;3;2;209;3;medium;M;5;4999;no
6602;F;Road;4;2;158;3;medium;F;9;4078;yes
6603;A;Ship;5;5;259;2;medium;M;63;2583;yes
6604;C;Ship;3;3;207;3;low;M;7;4816;yes
6605;F;Road;4;3;219;6;medium;F;2;1634;no
6606;D;Ship;3;3;158;3;low;F;20;1431;yes
6607;B;Flight;6;5;291;4;low;M;9;1413;no
6608;F;Ship;;1;274;5;low;F;2;1558;yes
6609;A;Ship;6;4;138;5;medium;F;15;1181;yes
6610;A;Ship;4;4;258;3;high;M;10;4958;yes
6611;C;Road;4;4;262;2;medium;M;1;4357;no
6612;A;Flight;5;5;105;4;low;M;6;5135;yes
6613;F;Road;5;4;195;2;low;M;4;3108;yes
6614;F;Road;6;1;243;4;high;F;22;3537;yes
6615;C;Ship;4;5;206;2;low;F;10;4264;yes
6616;A;Road;4;3;247;10;high;M;10;5882;no
6617;D;Ship;4;1;212;3;low;M;3;4896;no
6618;C;Ship;3;2;260;3;medium;F;2;2176;yes
6619;F;Ship;3;3;138;6;medium;M;49;1078;yes
6620;D;Flight;7;4;296;4;low;F;10;1033;no
6621;C;Ship;3;4;265;2;high;F;64;2493;yes
6622;F;Ship;3;1;265;3;medium;F;61;3010;yes
6623;F;Ship;4;3;228;3;medium;F;1;5129;yes
6624;B;Ship;5;2;135;3;medium;M;9;5173;no
6625;B;Flight;4;2;255;5;low;F;6;4053;no
6626;F;Flight;4;4;173;3;medium;F;64;1847;yes
6627;D;Ship;3;2;273;3;low;F;12;2154;yes
6628;B;Ship;3;4;174;2;low;M;7;4596;no
6629;D;Ship;3;3;267;2;low;F;52;2949;yes
6630;B;Ship;4;4;266;3;medium;F;5;4641;no
6631;F;Ship;4;2;253;5;low;M;5;1812;no
6632;F;Ship;3;4;166;4;low;M;4;5107;no
6633;F;Road;7;4;244;4;medium;F;4;1953;yes
6634;C;Ship;5;1;240;5;low;M;2;1400;yes
6635;B;Flight;4;1;245;5;medium;F;8;1923;no
6636;A;Ship;6;4;292;4;medium;M;5;1793;no
6637;B;Road;5;4;208;8;medium;F;4;5155;yes
6638;A;Ship;3;3;256;3;medium;M;8;4070;no
6639;B;Ship;5;2;157;3;low;M;1;1798;yes
6640;D;Flight;3;5;252;3;medium;F;8;4557;yes
6641;F;Road;3;5;147;3;medium;M;5;5357;yes
6642;D;Ship;5;3;192;7;medium;M;10;5976;no
6643;D;Road;4;4;184;4;medium;M;8;2306;yes
6644;B;Ship;4;3;264;3;low;F;39;2213;yes
6645;F;Ship;3;2;140;2;low;F;16;1685;yes
6646;D;Ship;3;3;230;3;medium;F;2;4742;yes
6647;A;Flight;5;5;185;5;low;M;5;4078;no
6648;A;Flight;4;1;200;2;low;F;9;4808;yes
6649;C;Ship;3;5;160;3;medium;F;1;5062;no
6650;A;Ship;3;2;183;3;medium;F;44;3809;yes
6651;F;Ship;3;2;174;3;low;F;3;5207;yes
6652;C;Flight;3;3;189;4;medium;F;51;2208;yes
6653;C;Road;3;3;168;2;low;F;9;4608;no
6654;C;Flight;5;2;171;3;high;M;34;1029;yes
6655;C;Ship;4;4;145;3;high;M;2;5665;no
6656;D;Flight;3;2;257;3;medium;M;9;5236;no
6657;A;Ship;5;5;189;3;low;F;10;5554;yes
6658;F;Ship;3;1;202;2;medium;M;62;3398;yes
6659;B;Ship;3;5;154;10;high;F;10;5282;yes
6660;F;Ship;3;3;249;2;medium;M;9;4034;yes
6661;C;Road;3;3;241;3;low;F;6;5261;no
6662;A;Flight;5;4;121;5;high;F;4;4814;no
6663;F;Ship;3;2;270;3;medium;M;31;2377;yes
6664;F;Road;3;2;226;2;medium;M;45;1446;yes
6665;C;Ship;4;3;198;2;low;M;5;5724;yes
6666;A;Ship;4;4;155;3;medium;F;35;1421;yes
6667;A;Ship;2;4;136;6;medium;M;58;1479;yes
6668;F;Flight;5;4;142;3;low;F;8;5468;yes
6669;B;Ship;4;2;133;4;medium;F;52;1401;yes
6670;F;Road;3;5;232;2;high;F;8;5146;no
6671;D;Road;5;2;240;7;medium;F;57;2708;yes
6672;C;Ship;3;5;244;2;medium;F;10;4064;yes
6673;A;Road;6;4;300;4;medium;F;7;1607;no
6674;C;Ship;4;3;220;3;low;F;6;4894;yes
6675;C;Road;6;1;308;4;low;F;7;1260;yes
6676;A;Ship;5;3;177;3;low;F;1;1916;yes
6677;D;Ship;6;4;296;4;low;M;7;1969;no
6678;A;Road;3;1;256;4;low;M;6;4814;yes
6679;F;Ship;4;4;153;5;medium;M;9;5818;no
6680;A;Ship;4;1;237;4;medium;F;22;2231;yes
6681;C;Road;6;2;239;4;medium;F;7;4589;no
6682;D;Road;4;5;216;2;low;M;2;4905;no
6683;D;Ship;3;5;197;3;medium;F;2;4018;yes
6684;F;Flight;6;5;269;4;low;M;9;1826;no
6685;B;Ship;3;1;266;5;low;M;1;5459;no
6686;A;Road;3;2;213;6;medium;M;9;5418;yes
6687;B;Road;5;1;249;5;medium;F;1;1654;yes
6688;F;Ship;4;5;152;3;medium;M;25;1222;yes
6689;F;Ship;5;1;136;3;medium;M;19;1420;yes
6690;F;Ship;3;3;237;2;low;F;2;4263;yes
6691;F;Ship;4;2;244;2;medium;M;15;2857;yes
6692;F;Ship;3;3;153;5;low;F;12;1972;yes
6693;F;Ship;4;2;239;3;low;F;4;5916;no
6694;A;Ship;3;4;121;3;low;F;63;1611;yes
6695;A;Ship;4;4;189;4;high;F;56;2646;yes
6696;F;Road;5;1;201;3;low;M;4;5166;yes
6697;D;Ship;3;3;208;2;medium;F;5;5661;no
6698;F;Ship;3;2;185;4;low;M;6;5854;no
6699;F;Ship;5;4;279;2;medium;F;1;3933;yes
6700;B;Flight;5;3;119;2;low;M;8;5290;yes
6701;D;Ship;3;4;201;3;low;F;6;5722;yes
6702;C;Road;5;5;227;5;medium;F;3;1687;no
6703;D;Ship;6;4;244;4;medium;F;1;1179;yes
6704;A;Ship;5;2;158;3;low;M;4;4324;no
6705;C;Ship;4;3;187;2;low;F;58;3665;yes
6706;F;Ship;5;5;227;4;low;M;53;2624;yes
6707;A;Ship;3;5;159;2;high;F;6;4295;no
6708;F;Ship;5;1;259;5;low;F;7;1871;yes
6709;D;Ship;5;1;184;3;low;F;10;4674;yes
6710;B;Ship;3;2;136;2;high;F;6;4002;yes
6711;F;Ship;5;1;234;5;medium;M;8;1837;no
6712;F;Flight;3;2;219;6;low;F;9;5263;yes
6713;C;Flight;4;1;249;5;low;F;10;1762;yes
6714;C;Ship;5;3;237;5;medium;F;4;1567;no
6715;C;Ship;5;1;267;6;low;M;3;1803;no
6716;D;Road;3;4;260;5;low;M;2;4461;no
6717;A;Flight;3;4;230;3;medium;F;7;5891;no
6718;F;Flight;4;1;124;2;medium;M;22;1714;yes
6719;D;Ship;4;5;143;3;low;F;48;1922;yes
6720;D;Flight;2;1;158;3;medium;F;51;1540;yes
6721;F;Road;6;3;270;3;low;F;56;3251;yes
6722;C;Ship;4;3;206;4;medium;M;1;4812;yes
6723;B;Ship;3;4;247;3;low;M;6;4873;no
6724;A;Ship;4;1;225;3;medium;M;9;4242;yes
6725;F;Flight;3;3;153;2;low;F;39;1328;yes
6726;D;Ship;3;4;145;3;medium;M;4;5361;yes
6727;C;Ship;3;2;169;10;medium;F;4;1665;yes
6728;C;Ship;4;3;246;3;medium;F;52;2440;yes
6729;F;Road;3;1;269;2;medium;M;38;2195;yes
6730;A;Ship;4;5;243;3;low;F;2;4909;no
6731;A;Ship;3;2;123;4;medium;F;7;1596;yes
6732;C;Flight;6;1;279;4;low;F;4;1263;yes
6733;B;Ship;4;5;274;4;low;M;3;5145;no
6734;A;Road;6;5;269;4;low;F;2;1243;no
6735;A;Ship;5;1;169;4;low;M;6;4253;yes
6736;F;Ship;3;2;176;3;low;M;51;1297;yes
6737;B;Flight;3;1;178;3;low;M;3;4811;no
6738;A;Road;5;5;176;3;medium;F;8;5335;yes
6739;D;Ship;6;5;256;4;low;F;2;1163;no
6740;A;Ship;2;5;252;3;medium;M;7;5281;no
6741;B;Ship;4;1;238;4;medium;F;10;4860;no
6742;A;Ship;3;1;180;2;low;M;26;1715;yes
6743;F;Ship;2;3;260;2;low;F;1;4547;no
6744;D;Ship;2;1;228;3;high;F;1;5500;yes
6745;F;Ship;5;3;257;2;low;F;61;3341;yes
6746;F;Ship;6;2;172;2;low;M;41;1006;yes
6747;C;Flight;4;3;221;4;low;F;1;4865;no
6748;B;Flight;4;3;138;3;low;F;2;5593;no
6749;B;Ship;7;3;306;4;low;F;4;1630;no
6750;B;Flight;3;1;158;7;medium;F;6;4166;no
6751;D;Road;4;2;245;3;medium;F;2;4835;yes
6752;F;Ship;3;5;228;2;medium;F;3;5208;no
6753;B;Flight;3;2;152;3;medium;F;7;4244;no
6754;A;Flight;5;3;270;5;low;F;1;1568;yes
6755;F;Ship;4;4;147;3;low;M;13;1145;yes
6756;B;Ship;3;2;245;3;medium;M;13;3775;yes
6757;C;Ship;5;1;182;2;low;M;6;4121;yes
6758;A;Flight;2;5;277;3;medium;F;6;1057;no
6759;F;Ship;3;5;250;2;low;F;9;1205;no
6760;A;Ship;3;4;164;3;medium;M;13;1158;yes
6761;B;Ship;6;3;270;4;low;F;7;1079;no
6762;D;Ship;5;1;269;6;medium;F;8;1341;no
6763;F;Ship;3;4;205;3;low;F;7;4490;no
6764;C;Ship;3;1;220;4;medium;M;7;5894;yes
6765;F;Ship;5;2;224;2;medium;M;8;4047;yes
6766;A;Road;4;5;277;5;medium;F;32;1055;yes
6767;D;Ship;5;4;138;2;medium;M;38;1803;yes
6768;C;Ship;4;1;181;2;low;F;3;5877;no
6769;F;Ship;4;2;252;4;low;F;3;4956;yes
6770;F;Flight;4;4;265;3;low;M;9;5508;no
6771;F;Ship;5;2;265;2;high;M;24;2415;yes
6772;A;Ship;5;5;257;3;medium;F;9;5972;no
6773;F;Ship;4;2;210;3;low;F;9;4102;yes
6774;F;Ship;4;1;276;2;medium;M;3;1966;no
6775;F;Ship;4;4;226;2;high;M;53;3154;yes
6776;F;Ship;3;1;193;4;low;M;5;4700;no
6777;F;Ship;5;5;167;3;low;F;53;1564;yes
6778;D;Ship;4;1;224;3;low;M;27;3400;yes
6779;F;Flight;4;2;107;2;low;F;8;4460;no
6780;F;Flight;4;2;209;2;low;F;23;2533;yes
6781;A;Ship;4;4;171;3;medium;F;11;1594;yes
6782;C;Ship;4;5;233;3;medium;F;2;4501;no
6783;D;Flight;5;5;147;2;medium;M;19;1936;yes
6784;F;Ship;6;2;281;2;medium;F;9;1715;yes
6785;A;Ship;4;5;243;4;low;F;1;5328;no
6786;F;Road;3;1;186;2;medium;F;7;4556;no
6787;D;Ship;5;2;176;4;low;M;1;5810;no
6788;F;Road;3;1;180;6;low;M;5;4802;yes
6789;C;Ship;3;3;160;3;medium;F;65;1228;yes
6790;D;Road;3;4;185;4;medium;F;6;5322;no
6791;B;Ship;3;1;215;2;medium;F;9;4940;no
6792;F;Road;3;3;211;3;high;F;4;4354;yes
6793;B;Ship;3;5;152;2;medium;F;6;1800;yes
6794;D;Road;4;3;192;4;high;F;1;5669;yes
6795;B;Flight;2;3;183;2;medium;F;52;3199;yes
6796;A;Flight;4;3;177;3;low;F;7;4834;yes
6797;D;Ship;4;5;160;3;low;F;9;5799;yes
6798;D;Ship;3;5;191;3;medium;M;54;3890;yes
6799;D;Ship;4;3;199;3;low;M;8;4391;yes
6800;C;Ship;7;3;305;4;medium;F;6;1167;no
6801;F;Road;3;5;271;2;low;F;3;4878;no
6802;C;Ship;3;2;139;5;low;M;8;4595;no
6803;A;Ship;4;5;223;5;medium;M;4;4704;no
6804;A;Ship;6;2;195;3;medium;M;30;3462;yes
6805;B;Road;2;4;136;6;low;F;53;1213;yes
6806;C;Ship;5;5;239;5;low;M;6;1887;yes
6807;A;Flight;2;1;164;5;low;F;8;1886;no
6808;D;Road;4;2;261;5;medium;M;5;1073;yes
6809;B;Ship;5;3;242;4;medium;F;8;4410;yes
6810;D;Ship;7;2;244;4;medium;F;8;1477;yes
6811;F;Ship;3;1;204;3;medium;M;4;4619;yes
6812;A;Ship;4;3;135;3;medium;F;11;1322;yes
6813;D;Ship;4;3;239;3;medium;M;9;5897;yes
6814;F;Ship;3;5;183;3;low;F;2;3459;yes
6815;B;Flight;3;2;164;3;medium;F;29;1187;yes
6816;B;Ship;4;3;210;3;medium;F;6;2568;yes
6817;C;Road;5;1;227;5;low;M;7;1620;yes
6818;D;Flight;3;5;206;4;low;M;6;5038;no
6819;C;Ship;3;4;212;3;medium;F;3;4811;no
6820;F;Ship;5;1;185;2;medium;F;10;5973;yes
6821;F;Flight;3;5;175;3;high;F;6;5150;no
6822;D;Ship;3;4;189;3;medium;F;37;3492;yes
6823;F;Ship;4;1;161;3;low;M;59;1454;yes
6824;A;Flight;3;4;201;3;medium;M;10;4032;yes
6825;F;Ship;4;3;211;8;medium;F;3;4550;no
6826;F;Ship;3;1;269;8;medium;F;4;4290;no
6827;D;Road;3;5;192;2;medium;F;5;2339;yes
6828;B;Flight;3;2;160;3;medium;M;3;5807;no
6829;D;Road;5;5;222;5;low;F;4;1311;no
6830;C;Ship;5;5;268;3;medium;F;7;4480;yes
6831;D;Ship;3;4;249;3;high;F;10;5629;yes
6832;D;Ship;3;3;232;4;medium;M;3;5828;no
6833;A;Ship;4;2;163;3;low;F;11;1926;yes
6834;F;Road;6;1;174;10;medium;F;1;5784;yes
6835;C;Road;4;3;135;2;high;M;24;1292;yes
6836;B;Ship;4;3;210;2;medium;M;22;3124;yes
6837;D;Ship;5;3;195;4;low;F;9;5577;no
6838;A;Road;4;1;137;3;medium;F;3;4962;yes
6839;D;Ship;6;3;264;4;medium;M;5;1397;no
6840;C;Flight;3;4;180;7;high;M;4;4408;no
6841;D;Ship;3;2;138;10;low;M;1;5721;yes
6842;C;Ship;5;2;258;3;medium;F;8;4921;no
6843;F;Ship;4;3;286;5;low;M;37;2938;yes
6844;D;Ship;4;3;213;3;low;F;2;5722;no
6845;D;Ship;4;5;147;3;medium;F;46;1469;yes
6846;F;Ship;3;2;165;3;low;M;6;5642;no
6847;D;Ship;3;3;211;4;high;F;22;2942;yes
6848;A;Ship;3;3;220;3;high;F;6;5269;yes
6849;F;Ship;5;1;212;3;low;F;11;2073;yes
6850;C;Ship;6;1;206;6;medium;F;8;4243;yes
6851;D;Ship;4;1;258;3;medium;M;7;4159;no
6852;A;Ship;2;5;279;3;low;F;8;4632;no
6853;B;Flight;4;1;205;2;low;M;10;4086;no
6854;F;Ship;3;1;174;3;low;F;9;4380;yes
6855;F;Ship;4;4;274;2;low;F;7;4873;yes
6856;B;Flight;4;2;173;3;medium;F;1;5128;no
6857;B;Road;5;5;271;6;low;M;6;1450;yes
6858;D;Ship;5;5;224;5;low;F;7;1505;no
6859;B;Ship;5;5;263;4;low;F;9;1551;no
6860;B;Ship;3;5;180;4;low;F;9;5105;yes
6861;B;Ship;7;4;296;4;low;F;8;1717;yes
6862;A;Ship;6;2;142;3;low;F;54;1332;yes
6863;C;Flight;4;4;143;2;medium;M;58;1038;yes
6864;B;Ship;3;4;153;3;medium;F;9;5474;no
6865;C;Flight;4;4;147;3;medium;M;9;4534;yes
6866;F;Ship;4;5;178;3;low;F;5;1012;yes
6867;F;Flight;5;1;272;6;medium;F;2;1681;yes
6868;F;Ship;2;5;221;3;low;M;2;5847;no
6869;A;Ship;3;3;173;5;medium;F;10;5840;no
6870;A;Road;3;1;219;8;low;F;1;4122;yes
6871;A;Ship;3;1;219;8;low;M;2;5334;no
6872;A;Flight;5;2;146;3;low;F;7;4524;yes
6873;B;Ship;4;4;191;6;low;F;60;3425;yes
6874;A;Ship;3;4;100;3;medium;M;4;4191;no
6875;A;Ship;4;4;218;4;medium;F;10;4967;no
6876;B;Road;5;1;243;3;medium;F;10;4037;no
6877;D;Ship;5;1;257;5;medium;M;1;1619;no
6878;A;Flight;4;3;264;3;medium;M;23;2376;yes
6879;D;Road;3;4;202;5;high;M;5;4632;no
6880;F;Ship;3;5;221;3;medium;M;7;4741;yes
6881;F;Road;4;1;260;4;low;M;10;4072;yes
6882;C;Ship;4;1;198;3;medium;F;1;4090;no
6883;F;Ship;4;3;179;3;low;M;45;1903;yes
6884;F;Ship;2;4;114;4;low;M;9;4452;yes
6885;B;Flight;6;3;218;3;low;M;6;4594;no
6886;D;Ship;3;1;138;3;medium;F;2;4766;yes
6887;C;Road;7;2;264;4;medium;M;6;1688;no
6888;F;Flight;4;2;220;2;medium;M;5;5864;no
6889;F;Ship;4;3;125;3;low;F;10;5883;no
6890;F;Ship;4;3;142;3;medium;F;6;5930;no
6891;F;Ship;3;4;214;8;high;F;6;2924;yes
6892;D;Ship;3;1;227;3;medium;M;52;3336;yes
6893;F;Ship;3;3;141;3;low;F;7;4954;yes
6894;B;Ship;4;4;251;2;medium;F;6;4376;no
6895;F;Road;7;2;203;5;medium;F;61;1856;yes
6896;F;Ship;3;2;239;4;medium;F;10;4410;no
6897;F;Ship;6;1;287;4;medium;F;1;1581;no
6898;F;Ship;3;2;167;4;medium;M;49;1973;yes
6899;F;Ship;3;4;158;2;medium;M;7;4744;no
6900;C;Ship;3;2;255;7;low;F;3;5936;no
6901;C;Ship;6;3;251;4;low;M;1;1230;yes
6902;F;Road;3;1;221;10;medium;M;10;5473;no
6903;A;Road;5;1;238;4;medium;M;10;4668;no
6904;C;Ship;4;3;158;3;high;M;1;5089;yes
6905;A;Ship;5;3;232;5;medium;F;2;1057;yes
6906;B;Ship;4;3;235;6;medium;M;2;4689;no
6907;D;Flight;3;5;157;4;medium;M;26;1969;yes
6908;F;Ship;2;1;163;3;medium;F;24;1119;yes
6909;F;Ship;4;1;229;3;medium;F;53;3423;yes
6910;D;Road;4;2;152;3;medium;M;6;5764;yes
6911;B;Ship;5;5;221;6;medium;M;6;1429;no
6912;F;Ship;5;2;243;3;high;M;2;5734;yes
6913;C;Ship;5;3;251;3;medium;F;8;4228;yes
6914;A;Flight;4;4;275;5;medium;M;7;1562;yes
6915;F;Road;5;1;199;2;medium;M;7;4660;yes
6916;C;Ship;6;2;279;4;low;F;10;1990;yes
6917;F;Ship;5;1;261;4;high;F;6;4852;no
6918;A;Ship;3;2;156;8;medium;M;6;5637;yes
6919;F;Ship;4;5;133;3;low;M;59;1092;yes
6920;F;Ship;4;3;246;5;low;M;7;1134;no
6921;A;Ship;7;2;310;4;low;F;7;1294;no
6922;F;Ship;3;4;183;2;medium;F;52;2078;yes
6923;C;Ship;4;5;156;5;high;F;55;1619;yes
6924;B;Ship;4;5;221;5;low;F;5;1608;yes
6925;B;Ship;5;4;143;3;medium;F;1;5165;yes
6926;F;Ship;5;4;222;3;low;M;7;5340;no
6927;B;Flight;5;3;265;3;medium;M;30;2293;yes
6928;C;Ship;5;4;273;3;low;F;60;3384;yes
6929;B;Ship;4;2;152;4;medium;F;3;4006;no
6930;D;Ship;3;5;143;2;low;M;17;1422;yes
6931;D;Ship;4;1;231;2;low;F;1;5917;yes
6932;D;Ship;3;4;205;5;low;F;4;4483;no
6933;F;Ship;2;1;206;2;low;M;7;4721;no
6934;D;Flight;3;2;181;3;medium;M;45;3786;yes
6935;B;Ship;4;2;139;8;medium;F;2;5012;yes
6936;F;Road;2;4;257;6;low;M;5;3986;yes
6937;F;Ship;5;4;222;6;low;F;9;1003;no
6938;F;Flight;4;3;205;2;medium;M;10;4178;yes
6939;A;Road;6;4;282;4;low;M;6;1580;no
6940;D;Ship;5;4;259;5;low;F;4;1991;yes
6941;C;Road;3;5;259;3;medium;M;7;4480;yes
6942;F;Road;4;3;209;3;medium;M;7;4104;yes
6943;C;Ship;4;2;274;2;low;M;11;3013;yes
6944;A;Ship;5;5;193;5;high;F;4;5087;yes
6945;B;Ship;4;1;201;8;medium;M;4;4295;no
6946;C;Ship;5;2;227;5;low;F;3;1242;yes
6947;A;Ship;5;2;179;3;low;M;7;5496;no
6948;D;Flight;3;1;168;4;medium;F;9;5136;no
6949;C;Ship;3;3;225;4;low;M;10;5690;no
6950;F;Ship;4;5;245;3;medium;M;6;2717;yes
6951;C;Flight;5;2;198;3;low;F;7;5768;yes
6952;F;Ship;3;1;180;3;low;F;10;5633;no
6953;D;Ship;4;4;184;3;low;F;52;3128;yes
6954;A;Road;3;3;99;5;medium;M;9;5470;no
6955;F;Ship;4;5;135;3;low;F;3;4760;no
6956;F;Ship;4;3;97;6;low;F;4;4375;no
6957;D;Ship;3;5;260;2;medium;M;1;5970;no
6958;D;Ship;3;5;167;2;medium;F;8;5083;no
6959;D;Ship;3;2;220;3;low;M;22;2818;yes
6960;A;Ship;6;4;290;4;medium;M;10;1366;no
6961;F;Road;3;5;268;2;medium;M;5;1707;no
6962;F;Ship;3;3;275;3;low;F;61;2123;yes
6963;F;Road;3;4;164;3;low;M;5;1408;yes
6964;C;Road;4;4;179;3;low;M;48;1943;yes
6965;F;Road;3;4;175;3;low;F;2;5272;no
6966;F;Ship;4;1;137;4;high;M;15;1391;yes
6967;B;Ship;3;5;272;2;medium;M;31;2438;yes
6968;F;Ship;4;2;167;4;high;M;5;5250;no
6969;D;Ship;6;4;138;3;medium;F;4;4225;no
6970;A;Ship;4;3;185;3;medium;F;10;2263;yes
6971;B;Ship;3;4;161;3;low;F;25;1048;yes
6972;B;Flight;4;2;167;2;low;F;5;1169;yes
6973;C;Flight;4;2;252;3;low;F;1;4176;no
6974;F;Ship;4;3;197;4;medium;M;58;3617;yes
6975;C;Ship;5;5;232;5;low;M;1;1127;no
6976;F;Flight;5;5;140;3;high;F;42;1384;yes
6977;A;Ship;5;1;226;2;medium;M;6;5395;no
6978;F;Ship;5;4;243;5;low;F;2;1637;no
6979;D;Ship;3;2;185;3;medium;M;47;2467;yes
6980;B;Ship;4;1;192;4;high;M;5;4142;yes
6981;C;Flight;2;4;114;5;high;M;3;4423;no
6982;A;Flight;4;5;140;3;low;F;7;5383;no
6983;F;Ship;5;2;268;3;medium;F;41;3716;yes
6984;F;Ship;3;2;216;3;low;F;10;4083;no
6985;B;Ship;3;4;234;2;medium;M;52;3543;yes
6986;D;Ship;4;1;135;10;medium;M;35;1989;yes
6987;A;Ship;4;1;157;2;medium;M;3;5801;no
6988;C;Road;3;4;199;3;medium;M;1;4490;yes
6989;A;Ship;4;2;270;5;medium;M;9;1167;no
6990;B;Ship;4;5;234;3;low;F;4;5100;yes
6991;F;Ship;5;5;247;10;medium;F;61;2206;yes
6992;B;Ship;4;3;151;3;medium;F;8;4025;yes
6993;A;Road;4;5;148;8;medium;M;6;5700;no
6994;C;Flight;5;3;197;4;medium;F;51;2917;yes
6995;B;Road;4;2;252;6;medium;M;2;5476;no
6996;A;Ship;4;5;156;3;low;M;5;4610;no
6997;B;Ship;6;5;194;5;low;F;8;4777;no
6998;F;Ship;4;5;226;6;medium;F;10;1348;yes
6999;D;Ship;3;5;160;2;medium;F;41;1495;yes
7000;D;Ship;4;1;132;4;medium;F;10;1343;yes
7001;D;Road;4;3;209;2;medium;M;57;3741;yes
7002;B;Ship;7;3;286;4;low;F;5;1866;yes
7003;D;Ship;2;1;139;3;low;F;39;1582;yes
7004;D;;5;1;196;3;medium;M;24;2957;yes
7005;B;Ship;5;4;184;3;low;M;9;3332;yes
7006;A;Flight;4;1;148;8;medium;M;5;4851;yes
7007;A;Ship;6;4;265;4;low;F;9;1511;no
7008;F;Ship;4;3;252;3;medium;F;7;4852;no
7009;A;Ship;4;3;148;4;low;F;1;4243;no
7010;A;Ship;5;3;252;5;low;M;3;1474;no
7011;D;Flight;5;4;242;5;medium;F;2;1717;yes
7012;F;Ship;3;4;258;3;low;F;55;2777;yes
7013;A;Road;2;2;152;3;low;F;61;1800;yes
7014;F;Ship;3;1;252;4;high;M;4;4303;no
7015;F;Ship;5;5;253;2;medium;F;2;4364;no
7016;D;Ship;2;5;236;3;medium;F;13;2171;yes
7017;D;Ship;6;4;310;4;medium;M;1;1494;yes
7018;F;Ship;3;3;204;4;high;M;9;4712;no
7019;A;Ship;5;4;260;5;low;F;2;1178;yes
7020;A;Ship;4;3;136;3;medium;M;10;4299;yes
7021;D;Ship;3;1;232;2;low;F;3;4562;yes
7022;F;Ship;4;4;189;2;medium;F;18;2955;yes
7023;A;Ship;3;1;206;3;high;F;8;4763;yes
7024;A;Flight;6;3;165;4;low;F;10;5965;no
7025;D;Ship;4;5;219;2;high;M;4;4069;yes
7026;F;Ship;4;3;195;2;low;M;8;4576;no
7027;B;Ship;6;4;271;3;low;F;7;5192;yes
7028;D;Ship;6;1;254;4;low;F;2;1071;no
7029;F;Ship;6;1;246;6;low;F;9;5466;yes
7030;A;Ship;3;4;234;2;medium;M;46;3108;yes
7031;A;Ship;6;5;293;5;low;F;1;1278;no
7032;A;Ship;6;1;304;4;low;F;4;1236;yes
7033;B;Flight;5;1;238;2;medium;M;5;5441;yes
7034;F;Ship;3;2;134;3;low;M;6;4778;yes
7035;F;Ship;4;5;142;2;medium;F;9;5425;yes
7036;F;Road;3;5;193;3;medium;F;6;5302;no
7037;B;Ship;4;4;246;2;medium;F;2;4633;yes
7038;A;Ship;3;5;215;3;medium;F;22;2585;yes
7039;F;Ship;4;4;217;5;medium;M;6;5891;yes
7040;F;Road;3;5;244;3;low;M;3;4652;yes
7041;A;Flight;4;1;208;7;high;F;65;2674;yes
7042;B;Road;4;3;189;3;medium;F;4;4410;no
7043;F;Ship;6;5;98;3;low;F;8;5946;no
7044;D;Ship;4;5;188;3;low;M;38;3031;yes
7045;B;Road;3;4;157;3;medium;F;6;5398;yes
7046;F;Ship;4;3;133;2;low;F;10;4195;no
7047;D;Ship;4;3;233;2;medium;F;3;4748;no
7048;C;Ship;4;2;258;5;medium;M;1;1920;no
7049;F;Ship;5;3;267;5;low;F;1;1505;no
7050;D;Flight;6;5;302;4;low;F;7;1592;no
7051;D;Ship;5;3;169;3;low;F;9;4289;yes
7052;F;Ship;4;2;252;3;medium;F;4;5782;no
7053;D;Ship;3;4;244;8;low;M;1;2703;yes
7054;C;Flight;5;4;180;2;low;M;52;1122;yes
7055;D;Ship;6;1;276;2;low;M;10;5108;no
7056;C;Ship;5;5;251;5;medium;F;10;1683;no
7057;D;Ship;4;1;272;3;medium;M;49;2803;yes
7058;F;Ship;3;5;226;3;low;M;8;5203;yes
7059;C;Ship;3;2;134;3;medium;F;54;1932;yes
7060;F;Ship;4;4;161;2;medium;M;59;1941;yes
7061;D;Ship;5;3;238;5;high;M;7;1848;no
7062;F;Ship;5;2;189;2;medium;M;2;4636;yes
7063;F;Ship;3;1;202;2;medium;M;7;4598;no
7064;A;Road;5;4;243;5;low;F;5;1118;no
7065;D;Ship;5;5;275;6;low;M;1;1507;no
7066;C;Ship;2;2;219;2;medium;M;8;4518;no
7067;C;Ship;4;5;250;3;low;F;2;5206;no
7068;F;Flight;4;5;173;4;low;M;7;4978;yes
7069;F;Road;4;2;174;3;low;F;3;5920;no
7070;C;Ship;4;2;192;3;low;F;3;4130;yes
7071;D;Ship;3;1;246;2;low;F;9;4947;no
7072;B;Ship;4;4;198;2;medium;M;2;5725;yes
7073;B;Ship;4;4;171;2;low;M;4;4962;no
7074;F;Ship;3;5;147;4;high;M;10;5164;yes
7075;F;Ship;4;2;265;3;medium;F;1;5385;no
7076;D;Ship;5;2;237;4;low;M;5;5623;yes
7077;F;Road;4;2;219;2;low;F;1;5071;yes
7078;;Road;5;2;;3;low;M;2;4696;no
7079;D;Road;3;2;262;3;medium;M;2;5910;yes
7080;A;Ship;4;2;262;2;low;F;37;3523;yes
7081;A;Ship;4;4;175;3;medium;M;2;4004;no
7082;C;Ship;4;1;140;2;low;M;60;1950;yes
7083;A;Flight;5;4;172;2;low;M;5;4554;yes
7084;D;Road;5;3;217;3;low;M;6;4934;yes
7085;F;Road;4;4;263;3;medium;M;5;4193;no
7086;F;Road;5;5;171;2;high;M;8;4602;no
7087;F;Road;4;5;246;3;low;M;10;4616;yes
7088;F;Ship;4;4;270;2;low;F;1;5148;yes
7089;C;Flight;5;3;234;2;low;F;55;3308;yes
7090;A;Road;4;3;246;6;low;F;10;1176;no
7091;F;Ship;3;5;149;3;low;F;9;5412;no
7092;F;Flight;5;2;255;2;medium;M;9;5609;no
7093;F;Ship;3;2;191;3;high;F;42;2374;yes
7094;F;Ship;6;3;183;4;medium;M;3;4842;no
7095;F;Ship;3;2;183;5;low;F;2;1158;yes
7096;B;Flight;4;1;104;7;medium;F;52;1083;yes
7097;F;Ship;2;3;192;3;medium;F;8;5787;yes
7098;F;Ship;5;1;277;4;low;M;2;5496;no
7099;F;Flight;3;4;252;4;low;F;10;5495;no
7100;B;Flight;5;4;260;4;low;M;4;5911;yes
7101;F;Ship;4;5;174;2;low;M;10;5764;no
7102;F;Ship;3;3;141;4;low;F;35;1417;yes
7103;C;Road;5;4;168;4;medium;M;5;5580;no
7104;C;Road;3;2;272;2;low;M;33;2321;yes
7105;A;Ship;4;5;205;3;low;F;60;2317;yes
7106;F;Ship;5;5;179;5;low;M;3;4333;yes
7107;F;Flight;4;5;247;5;medium;M;6;1737;no
7108;F;Road;3;2;151;2;low;M;26;1793;yes
7109;F;Flight;4;5;98;4;low;M;5;5188;no
7110;B;Ship;3;5;258;3;low;M;5;4314;yes
7111;F;Ship;4;1;139;3;low;F;7;5317;no
7112;F;Flight;3;2;233;4;medium;M;1;5886;no
7113;A;Road;2;4;198;3;low;M;37;2555;yes
7114;B;Ship;3;3;216;4;low;F;9;5107;yes
7115;F;Ship;5;1;248;3;low;F;2;4075;no
7116;F;Ship;4;2;229;4;low;M;8;5385;no
7117;C;Flight;3;4;189;2;medium;M;12;2888;yes
7118;A;Road;4;5;163;3;medium;F;2;4887;no
7119;F;Ship;5;2;169;3;medium;M;3;5692;no
7120;F;Flight;3;2;150;2;low;M;53;1319;yes
7121;F;Ship;6;1;260;4;medium;M;9;1698;yes
7122;F;Ship;4;3;216;2;low;M;4;5997;no
7123;B;Ship;4;5;152;3;medium;M;5;5191;no
7124;C;Road;4;3;175;2;low;M;25;1816;yes
7125;B;Flight;4;4;184;3;low;M;8;4453;yes
7126;F;Ship;4;4;251;6;medium;M;4;1869;no
7127;F;Road;6;5;286;4;low;F;31;3774;yes
7128;F;Ship;4;5;158;4;low;F;4;1595;yes
7129;F;Road;4;1;152;2;high;M;2;5396;no
7130;D;Flight;3;4;199;3;medium;M;10;4925;yes
7131;F;Ship;3;3;221;2;medium;F;26;3120;yes
7132;C;Ship;3;4;172;2;low;M;5;5919;no
7133;B;Ship;5;1;210;3;low;F;9;2944;yes
7134;D;Road;3;4;205;3;low;F;10;2728;yes
7135;B;Ship;3;4;269;3;medium;M;8;5364;yes
7136;F;Ship;3;1;228;2;low;F;5;4456;yes
7137;F;Road;4;5;191;2;low;M;10;5068;yes
7138;F;Ship;4;4;247;3;high;F;2;5324;yes
7139;F;Ship;2;2;193;3;medium;M;64;2867;yes
7140;F;Ship;7;4;302;5;medium;M;7;1503;yes
7141;B;Ship;3;1;191;5;medium;M;2;4956;yes
7142;F;Flight;4;3;182;3;high;F;3;5624;no
7143;D;Ship;6;1;305;4;low;M;5;1588;no
7144;F;Ship;3;3;273;2;medium;F;16;2466;yes
7145;C;Ship;4;3;234;3;medium;F;9;4868;yes
7146;F;Ship;3;3;166;2;low;F;45;1791;yes
7147;D;Ship;3;3;224;6;medium;M;10;4221;no
7148;D;Ship;4;3;150;2;high;F;8;4965;yes
7149;A;Ship;5;2;194;4;low;M;8;5650;yes
7150;C;Road;5;1;105;5;low;M;1;1101;yes
7151;F;Ship;2;5;252;2;low;F;21;2070;yes
7152;F;Ship;5;3;226;2;high;F;6;5033;no
7153;A;Ship;4;3;214;2;medium;F;6;4345;no
7154;B;Road;4;3;265;2;medium;F;31;2326;yes
7155;C;Ship;4;1;244;2;low;F;3;4644;yes
7156;B;Road;4;5;164;3;high;M;7;4657;no
7157;F;Ship;5;4;271;4;low;F;5;1184;yes
7158;D;Ship;3;1;167;2;low;F;8;4171;yes
7159;C;Ship;3;3;143;3;low;M;64;1630;yes
7160;F;Ship;2;1;275;2;low;F;5;4163;yes
7161;F;Ship;6;5;283;4;low;M;3;1374;yes
7162;F;Ship;5;3;231;2;low;M;8;5743;yes
7163;D;Ship;3;1;201;3;low;F;6;4953;no
7164;F;Ship;3;3;183;3;low;F;3;5538;no
7165;D;Road;6;4;201;4;low;F;8;5355;yes
7166;A;Ship;3;2;174;3;low;M;3;4132;no
7167;F;Ship;2;1;108;3;low;M;4;5924;yes
7168;B;Ship;3;3;149;3;low;F;63;1946;yes
7169;D;Ship;3;3;159;4;medium;M;9;4214;no
7170;B;Ship;4;3;229;6;medium;M;1;1235;yes
7171;A;Ship;3;3;208;3;medium;M;61;3783;yes
7172;F;Ship;3;1;140;3;low;M;6;4488;yes
7173;C;Ship;5;4;219;6;low;M;3;1098;no
7174;B;Ship;5;5;258;4;high;F;5;4562;no
7175;A;Flight;3;4;255;4;low;M;10;4107;no
7176;A;Ship;5;3;191;3;high;F;6;4244;no
7177;A;Ship;5;1;236;4;high;F;64;3231;yes
7178;F;Ship;4;5;261;2;medium;M;6;5920;no
7179;D;Ship;6;5;152;3;medium;F;62;1325;yes
7180;F;Road;5;1;172;5;medium;F;1;4730;no
7181;A;Ship;5;1;217;2;medium;M;6;5518;no
7182;D;Ship;5;3;268;5;medium;M;5;1365;no
7183;A;Ship;3;5;193;3;high;F;57;3364;yes
7184;D;Ship;3;5;268;4;high;M;5;3446;yes
7185;B;Road;3;2;260;2;low;M;7;5553;yes
7186;F;Ship;5;3;123;2;low;F;30;1068;yes
7187;B;Ship;4;2;224;3;medium;F;3;4511;no
7188;F;Road;4;4;153;2;low;F;8;4248;no
7189;D;Ship;4;1;139;3;low;F;1;5502;yes
7190;D;Flight;6;1;231;4;medium;F;23;2455;yes
7191;F;Flight;5;2;226;3;medium;F;1;5451;no
7192;F;Flight;5;4;143;2;low;F;8;5291;no
7193;B;Ship;3;5;253;2;medium;M;17;2205;yes
7194;D;Ship;5;1;279;4;medium;F;24;3440;yes
7195;F;Ship;2;3;185;3;medium;F;7;4246;no
7196;F;Ship;7;4;310;4;low;M;6;1003;yes
7197;F;Ship;4;4;138;5;low;M;10;5401;no
7198;D;Ship;3;3;185;3;medium;M;4;4111;yes
7199;C;Ship;3;1;187;4;medium;M;42;3621;yes
7200;F;Ship;3;1;241;3;medium;M;9;5184;no
7201;A;Ship;3;4;173;3;low;F;8;5979;no
7202;A;Road;3;1;228;2;low;F;7;4977;no
7203;F;Ship;2;5;249;3;low;F;3;4169;no
7204;C;Flight;4;1;174;3;low;F;8;5549;no
7205;F;Flight;3;5;240;6;low;M;21;3559;yes
7206;F;Ship;2;1;235;3;medium;F;6;4411;yes
7207;C;Road;3;4;257;5;medium;M;10;4901;yes
7208;C;Flight;3;3;214;2;medium;F;4;3754;yes
7209;D;Ship;3;4;172;10;high;F;23;1875;yes
7210;A;Ship;7;2;289;4;low;M;5;1918;yes
7211;F;Ship;2;2;274;3;high;F;60;2053;yes
7212;D;Flight;4;1;258;2;low;F;56;3186;yes
7213;C;Ship;3;4;188;4;medium;M;5;5216;yes
7214;B;Road;5;4;239;5;low;F;10;1042;yes
7215;B;Ship;3;1;140;2;low;F;8;5253;yes
7216;B;Ship;4;4;240;3;low;F;62;3478;yes
7217;D;Ship;3;2;262;2;low;M;7;5141;yes
7218;F;Ship;2;3;264;2;low;F;63;2896;yes
7219;F;Flight;4;5;138;2;low;M;10;4788;no
7220;B;Ship;3;1;158;5;low;M;4;1171;yes
7221;F;Ship;4;2;96;3;low;M;22;1294;yes
7222;B;Ship;7;2;254;4;low;M;6;1006;no
7223;A;Ship;3;4;145;3;low;F;7;4079;yes
7224;A;Ship;4;2;139;3;low;M;29;1365;yes
7225;F;Flight;2;4;221;5;medium;M;4;4034;yes
7226;C;Ship;4;1;255;5;medium;F;1;1918;yes
7227;F;Ship;5;1;208;2;low;F;8;5218;no
7228;B;Ship;2;3;258;5;low;F;6;1727;no
7229;C;Ship;6;5;217;4;low;F;2;4073;no
7230;D;Ship;4;2;183;3;low;M;5;3716;yes
7231;D;Flight;4;2;177;3;low;F;44;1233;yes
7232;F;Flight;3;3;157;2;medium;F;62;1366;yes
7233;F;Road;4;4;155;3;low;F;2;4094;yes
7234;B;Ship;3;4;243;2;low;F;14;3693;yes
7235;C;Ship;4;3;261;3;low;F;9;5994;yes
7236;D;Ship;2;4;193;4;low;M;7;5552;yes
7237;C;Flight;5;2;233;3;high;F;4;4140;no
7238;B;Flight;3;4;226;3;medium;F;22;3593;yes
7239;D;Ship;3;4;223;3;low;F;7;5336;yes
7240;C;Road;4;3;163;3;low;F;45;1395;yes
7241;A;Ship;5;3;197;3;medium;F;2;4678;yes
7242;F;Ship;3;4;190;10;medium;F;38;2018;yes
7243;A;Ship;5;5;230;3;low;F;10;5163;no
7244;D;Flight;3;4;153;10;medium;F;4;5456;yes
7245;D;Road;6;4;275;4;low;M;10;1005;no
7246;B;Road;4;4;248;3;medium;M;59;2868;yes
7247;F;Flight;4;1;179;3;high;M;5;4129;no
7248;D;Ship;5;2;260;5;low;M;9;1809;yes
7249;F;Ship;5;5;258;5;low;F;10;1719;yes
7250;D;Ship;7;5;253;4;low;F;6;1344;yes
7251;F;Ship;4;2;170;10;medium;F;4;4696;yes
7252;F;Ship;3;3;268;10;medium;M;2;5626;yes
7253;D;Road;4;5;239;2;medium;F;1;4247;no
7254;C;Ship;3;1;234;3;high;F;60;2596;yes
7255;B;Road;6;5;282;4;low;M;10;4901;no
7256;D;Ship;4;5;260;3;low;F;14;2071;yes
7257;F;Ship;3;5;147;2;medium;M;6;4350;no
7258;C;Ship;4;2;190;2;medium;M;37;2563;yes
7259;B;Road;4;1;171;3;medium;M;10;5971;no
7260;F;Ship;5;1;134;2;low;F;7;5610;no
7261;D;Ship;4;1;159;3;medium;M;13;1445;yes
7262;F;Ship;5;1;227;5;low;M;6;1667;no
7263;C;Flight;3;5;214;2;medium;F;4;4077;yes
7264;B;Road;4;4;208;2;high;F;20;2759;yes
7265;D;Ship;5;1;285;4;medium;F;10;1428;no
7266;D;Ship;5;1;251;5;low;F;7;1924;yes
7267;A;Ship;4;1;185;2;low;M;44;2910;yes
7268;B;Ship;4;5;261;3;high;M;3;4885;yes
7269;C;Ship;6;3;258;4;medium;M;9;1924;no
7270;D;Road;2;4;246;2;medium;M;1;5374;yes
7271;F;Road;5;2;221;6;medium;M;4;1952;yes
7272;D;Ship;4;2;141;2;low;F;8;1495;yes
7273;A;Flight;4;4;237;5;medium;F;6;4586;no
7274;A;Ship;4;2;191;2;high;M;65;3082;yes
7275;F;Ship;3;1;154;3;low;M;5;4720;yes
7276;A;Ship;5;2;171;6;medium;F;5;5981;yes
7277;F;Ship;5;2;211;2;medium;F;2;5077;no
7278;B;Road;4;5;217;5;low;F;3;1572;yes
7279;C;Road;5;4;248;5;low;F;3;1471;yes
7280;F;Ship;5;2;243;2;medium;F;4;3681;yes
7281;B;Flight;3;3;191;3;low;M;4;4586;no
7282;C;Ship;4;5;221;10;high;M;9;4646;no
7283;B;Flight;5;5;142;4;medium;M;8;5372;no
7284;F;Ship;6;2;301;5;medium;F;3;1586;no
7285;F;Road;4;1;272;2;low;F;8;5328;yes
7286;F;Ship;4;4;224;3;medium;F;1;4231;no
7287;C;Ship;3;3;205;2;low;F;15;3231;yes
7288;F;Ship;5;3;234;6;medium;F;8;5003;no
7289;A;Ship;3;4;260;3;low;F;21;2003;yes
7290;D;Ship;3;4;257;2;high;M;15;3981;yes
7291;C;Ship;6;3;267;4;medium;M;1;1942;yes
7292;F;Ship;3;2;241;3;low;M;22;3030;yes
7293;B;Ship;2;4;136;3;low;M;43;1958;yes
7294;B;Flight;5;4;189;5;low;M;3;3301;yes
7295;F;Flight;4;4;258;3;medium;M;8;5324;yes
7296;F;Ship;5;2;254;5;medium;F;4;1926;no
7297;D;Road;5;3;242;5;low;M;3;1276;yes
7298;F;Road;4;3;152;4;medium;F;4;5809;no
7299;F;Road;4;4;238;3;medium;F;5;4724;yes
7300;B;Ship;5;5;232;3;low;F;5;5338;no
7301;D;Road;4;1;261;2;medium;F;9;4158;no
7302;F;Flight;4;2;272;2;low;M;57;2377;yes
7303;B;Ship;3;4;243;2;high;M;7;4024;no
7304;F;Flight;4;1;219;5;medium;M;5;5253;no
7305;B;Flight;5;1;202;4;low;F;2;5748;no
7306;F;Ship;4;4;170;3;low;M;29;1188;yes
7307;B;Ship;5;4;264;10;medium;F;34;2960;yes
7308;C;Ship;5;4;187;4;medium;F;1;4147;no
7309;D;Flight;3;5;156;6;low;M;65;1308;yes
7310;C;Ship;7;4;284;4;low;M;3;1751;yes
7311;A;Ship;4;2;137;3;low;F;6;5271;no
7312;B;Flight;3;5;210;3;low;M;6;5566;no
7313;A;Ship;4;4;255;3;high;F;3;5616;no
7314;D;Flight;4;1;250;2;medium;M;45;3021;yes
7315;C;Flight;3;3;180;3;high;F;56;1684;yes
7316;B;Ship;2;1;219;4;low;M;6;5124;no
7317;D;Ship;4;3;236;3;low;M;4;4257;yes
7318;F;Ship;4;1;228;5;low;F;6;1874;no
7319;B;Ship;2;4;162;3;low;F;34;1558;yes
7320;F;Ship;6;5;268;4;low;M;10;1170;no
7321;F;Ship;2;1;111;2;low;F;1;4296;yes
7322;D;Ship;5;2;180;3;medium;M;1;4655;yes
7323;A;Ship;4;1;267;4;medium;M;2;4024;no
7324;A;Ship;4;5;273;3;low;F;1;5043;yes
7325;F;Road;6;4;260;4;low;F;1;1883;no
7326;F;Road;2;2;129;3;medium;F;22;6614;yes
7327;C;Ship;4;5;244;3;low;F;49;3914;yes
7328;D;Ship;5;4;157;4;low;M;9;4840;no
7329;F;Ship;5;5;141;3;low;M;4;4534;no
7330;A;Road;2;3;154;4;high;F;17;1897;yes
7331;F;Road;3;1;100;3;low;F;17;1129;yes
7332;B;Ship;3;1;176;2;medium;F;45;1470;yes
7333;F;Ship;4;5;278;6;low;M;4;3909;yes
7334;F;Flight;3;4;144;2;low;F;33;1811;yes
7335;B;Ship;4;2;156;3;medium;M;5;4946;yes
7336;F;Ship;3;3;113;3;low;F;43;1518;yes
7337;C;Ship;3;5;195;3;medium;F;47;2439;yes
7338;B;Ship;3;3;163;2;high;F;10;5364;yes
7339;C;Ship;4;5;144;8;medium;F;2;4956;yes
7340;F;Ship;4;2;210;2;medium;F;1;5437;yes
7341;A;Flight;5;3;243;6;medium;F;10;1189;yes
7342;C;Flight;5;4;245;5;medium;F;4;1771;yes
7343;B;Ship;4;2;269;5;low;F;45;2383;yes
7344;B;Road;3;4;200;3;medium;F;49;2942;yes
7345;A;Road;5;2;196;3;medium;M;44;2085;yes
7346;C;Road;5;4;140;3;medium;M;4;4623;no
7347;A;Ship;4;2;209;4;low;F;10;3370;yes
7348;D;Ship;3;4;230;3;high;F;22;3546;yes
7349;A;Road;5;2;272;5;low;M;8;1317;no
7350;F;Ship;3;3;249;3;low;M;55;3375;yes
7351;B;Ship;5;2;259;2;medium;M;1;4607;no
7352;B;Ship;2;4;134;3;low;F;42;1415;yes
7353;D;Road;5;2;254;4;high;M;37;2608;yes
7354;D;Flight;4;3;136;3;medium;F;4;5769;yes
7355;C;Road;6;5;264;4;low;M;1;1039;yes
7356;F;Flight;3;1;246;3;low;F;10;4707;yes
7357;A;Flight;4;1;250;2;low;M;17;3544;yes
7358;F;Ship;3;2;162;2;low;F;54;1614;yes
7359;F;Ship;5;5;230;2;low;F;2;2229;yes
7360;F;Flight;6;3;171;5;high;M;61;1947;yes
7361;A;Ship;7;1;291;4;medium;F;1;1796;no
7362;F;Flight;3;1;158;5;low;M;9;1537;yes
7363;F;Flight;3;3;158;2;medium;M;7;4865;no
7364;B;Ship;4;1;166;5;low;F;1;5463;yes
7365;D;Road;4;4;236;4;low;M;65;2280;yes
7366;C;Road;3;2;254;2;low;M;37;2469;yes
7367;B;Ship;3;5;212;3;medium;M;7;4411;yes
7368;A;Flight;7;1;255;5;medium;M;10;1238;yes
7369;D;Flight;4;4;178;3;low;F;1;1165;yes
7370;B;Flight;4;4;248;5;medium;M;2;1651;no
7371;B;Flight;6;2;229;3;medium;M;13;2322;yes
7372;A;Ship;2;1;255;2;medium;M;9;5936;yes
7373;C;Flight;4;5;259;5;medium;M;2;1066;yes
7374;F;Ship;4;3;174;2;low;M;10;5554;no
7375;D;Ship;5;3;186;4;medium;F;11;3676;yes
7376;A;Ship;5;4;178;5;low;F;9;4729;yes
7377;F;Ship;5;4;264;3;medium;M;2;5716;no
7378;F;Ship;4;4;166;5;low;F;54;1203;yes
7379;C;Flight;5;2;116;5;high;F;56;1130;yes
7380;A;Ship;5;5;198;5;medium;M;36;2803;yes
7381;B;Flight;2;5;151;3;medium;M;9;4767;yes
7382;F;Ship;2;5;123;4;medium;M;8;4042;no
7383;B;Ship;3;4;254;2;high;F;41;3973;yes
7384;A;Ship;3;4;242;10;high;M;5;4127;no
7385;C;Ship;4;1;257;4;low;M;5;5875;yes
7386;A;Ship;5;1;256;2;medium;F;1;5352;yes
7387;D;Ship;3;2;164;10;high;M;14;1375;yes
7388;D;Ship;3;3;187;6;low;F;2;4549;no
7389;D;Ship;5;5;165;4;medium;F;3;4242;no
7390;C;Flight;2;4;139;4;high;M;3;5041;no
7391;D;Road;3;3;218;2;medium;M;9;2069;yes
7392;F;Ship;5;1;240;5;low;M;10;1373;yes
7393;F;Ship;2;3;228;3;high;M;5;4663;no
7394;C;Ship;6;5;308;4;low;M;8;1164;yes
7395;B;Flight;6;3;154;2;high;M;7;4732;no
7396;F;Ship;6;4;254;4;low;M;2;1174;no
7397;B;Ship;5;5;133;10;medium;M;9;1724;yes
7398;D;Flight;3;5;168;5;medium;M;9;5731;yes
7399;D;Ship;5;3;243;6;medium;F;9;5640;no
7400;F;Ship;3;5;270;2;medium;F;46;2716;yes
7401;F;Ship;3;1;220;2;low;F;7;5653;no
7402;F;Ship;3;1;264;3;low;F;5;5043;no
7403;A;Ship;4;5;150;3;high;F;10;5767;yes
7404;F;Ship;5;1;156;6;medium;F;4;4821;no
7405;F;Ship;2;2;254;2;low;F;8;5827;no
7406;F;Ship;4;3;170;2;medium;F;33;1980;yes
7407;D;Road;5;3;110;5;low;M;21;1011;yes
7408;C;Ship;4;5;228;2;low;F;4;4783;yes
7409;F;Ship;3;4;153;2;medium;M;37;1740;yes
7410;A;Ship;4;2;255;3;medium;M;3;4562;yes
7411;C;Ship;5;2;265;3;low;M;8;5447;yes
7412;F;Ship;3;5;160;3;low;F;8;4106;no
7413;D;Ship;6;5;280;4;low;F;3;1819;yes
7414;F;Ship;6;3;279;4;low;M;7;1090;yes
7415;F;Ship;2;1;203;4;medium;F;4;4145;no
7416;B;Flight;2;3;175;6;high;F;6;5341;yes
7417;F;Ship;4;4;133;2;low;F;10;4768;yes
7418;A;Ship;3;1;150;3;low;F;43;1831;yes
7419;F;Ship;4;5;152;3;low;M;43;1709;yes
7420;B;Flight;3;1;162;8;high;F;10;5429;no
7421;A;Road;5;5;298;4;low;M;8;1631;no
7422;F;Ship;4;3;142;3;medium;M;1;4900;no
7423;D;Ship;5;4;268;3;high;F;10;4955;no
7424;D;Ship;3;1;249;2;medium;F;1;5190;yes
7425;A;Ship;3;4;157;3;low;F;32;1370;yes
7426;F;Ship;5;1;137;5;low;M;4;4586;yes
7427;F;Ship;2;3;266;2;low;M;1;5356;no
7428;D;Flight;4;1;145;3;low;M;8;5127;no
7429;B;Ship;3;5;206;3;medium;M;39;2929;yes
7430;F;Ship;5;3;236;4;medium;M;7;4308;no
7431;C;Ship;3;5;141;3;medium;M;10;5775;no
7432;B;Road;5;4;269;2;medium;F;2;5962;no
7433;C;Road;4;3;147;2;high;F;52;1570;yes
7434;D;Ship;4;4;262;3;medium;M;2;5429;no
7435;A;Ship;4;4;163;3;low;M;3;4185;yes
7436;C;Ship;5;5;143;2;high;F;18;1066;yes
7437;F;Ship;4;5;256;3;medium;M;10;4504;yes
7438;F;Ship;7;5;253;4;low;M;10;1166;yes
7439;F;Road;3;1;149;3;medium;M;5;4805;yes
7440;A;Ship;4;3;196;2;low;F;5;5656;no
7441;B;Ship;3;3;198;2;low;M;8;4620;yes
7442;A;Flight;3;1;145;2;low;M;28;1313;yes
7443;D;Ship;3;5;236;3;low;F;54;3976;yes
7444;F;Flight;4;5;219;3;medium;M;6;5957;yes
7445;A;Ship;3;1;155;3;medium;F;7;5709;no
7446;B;Road;3;3;250;6;medium;M;9;5322;yes
7447;A;Flight;4;2;203;4;medium;F;9;4217;no
7448;B;Ship;4;2;270;2;high;F;9;5080;yes
7449;D;Ship;4;4;266;6;low;F;2;1776;yes
7450;A;Flight;5;2;240;7;medium;F;47;2174;yes
7451;D;Ship;4;5;209;3;medium;F;4;4809;no
7452;A;Ship;6;2;246;6;low;F;1;4846;no
7453;A;Road;4;2;190;3;medium;M;7;4766;no
7454;B;Ship;4;5;137;2;high;F;6;5208;no
7455;F;Ship;4;5;247;2;medium;F;18;2404;yes
7456;F;Ship;5;5;265;5;medium;M;1;1568;no
7457;C;Ship;5;1;161;2;medium;F;10;4108;yes
7458;A;Road;6;4;201;2;low;M;4;5916;yes
7459;F;Flight;5;3;171;2;medium;F;1;5385;yes
7460;D;Ship;5;4;273;3;medium;M;6;4044;yes
7461;F;Road;4;2;181;3;low;M;10;4212;yes
7462;A;Flight;7;1;302;4;low;M;4;1647;no
7463;B;Ship;6;4;278;4;low;M;3;1141;yes
7464;C;Road;5;3;249;4;medium;M;1;1014;yes
7465;C;Ship;3;1;196;2;low;M;10;4141;yes
7466;D;Ship;5;3;225;7;medium;F;17;3516;yes
7467;B;Ship;5;3;192;3;medium;F;6;4037;yes
7468;C;Ship;3;1;263;3;medium;F;4;4208;no
7469;B;Ship;4;3;178;6;low;M;6;4203;no
7470;F;Flight;6;4;306;4;low;F;8;1465;no
7471;A;Ship;4;2;201;2;low;M;3;4869;yes
7472;D;Flight;2;2;149;3;low;F;4;4819;yes
7473;A;Road;5;1;268;5;medium;M;1;4704;no
7474;F;Ship;5;3;275;5;low;M;7;1349;no
7475;C;Ship;7;5;256;4;medium;M;4;1139;yes
7476;D;Ship;4;1;272;2;low;M;27;2030;yes
7477;F;Ship;2;2;240;3;low;M;53;2980;yes
7478;C;Ship;3;2;247;3;medium;M;8;5194;no
7479;D;Ship;3;5;126;2;low;F;63;1141;yes
7480;C;Ship;4;4;215;2;high;F;6;5238;no
7481;F;Ship;3;3;237;2;medium;M;8;5516;no
7482;B;Ship;3;1;224;3;low;F;1;4862;yes
7483;C;Flight;4;4;232;3;medium;F;61;2484;yes
7484;F;Ship;5;4;256;5;low;M;6;1551;no
7485;F;Ship;3;4;284;10;low;M;5;5479;no
7486;D;Ship;2;3;206;4;medium;F;2;5443;no
7487;F;Road;4;3;144;3;low;F;7;5496;no
7488;B;Ship;6;1;214;2;low;M;5;4708;no
7489;C;Ship;3;5;132;2;low;M;10;4462;yes
7490;D;Flight;4;1;218;2;low;M;7;4597;no
7491;F;Ship;3;5;229;3;medium;F;12;3049;yes
7492;B;Ship;3;2;192;3;low;F;19;3183;yes
7493;C;Ship;;5;156;8;medium;F;9;4733;yes
7494;B;Flight;5;4;99;2;high;F;4;4259;no
7495;F;Ship;4;2;206;7;high;M;7;5479;yes
7496;B;Ship;6;3;272;3;low;F;39;2518;yes
7497;A;Ship;4;1;208;3;low;F;6;5345;yes
7498;C;Ship;5;1;255;5;medium;M;9;1156;yes
7499;F;Ship;4;5;258;2;high;M;5;3512;yes
7500;F;Ship;3;4;203;4;medium;M;46;3640;yes
7501;F;Ship;5;4;255;6;low;M;3;4638;no
7502;F;Ship;3;2;188;6;medium;F;1;4856;no
7503;C;Flight;5;2;170;3;low;M;15;1314;yes
7504;F;Ship;5;1;247;5;medium;F;8;1842;yes
7505;A;Ship;4;1;153;2;low;F;1;4027;no
7506;D;Ship;4;3;223;3;medium;F;9;5897;no
7507;B;Ship;4;1;113;3;low;F;60;1200;yes
7508;B;Ship;3;3;149;3;low;M;6;4654;no
7509;F;Road;6;5;247;6;medium;M;3;4832;no
7510;B;Ship;4;1;275;3;medium;F;7;5382;yes
7511;C;Ship;3;1;141;3;low;M;6;1361;yes
7512;D;Road;6;1;188;5;low;M;4;4887;no
7513;C;Ship;7;2;302;5;medium;M;5;1614;no
7514;F;Ship;3;3;202;3;medium;F;8;5486;yes
7515;D;Road;2;4;187;3;low;M;50;3878;yes
7516;A;Flight;4;5;265;2;medium;F;9;5135;yes
7517;D;Ship;3;5;145;2;low;F;2;4232;yes
7518;F;Ship;2;1;271;8;medium;F;5;4924;no
7519;B;Ship;4;5;273;5;medium;F;7;1409;no
7520;F;Ship;3;3;179;3;medium;M;52;1158;yes
7521;A;Ship;5;2;152;3;low;F;2;4172;no
7522;B;Ship;4;4;260;2;low;M;17;3068;yes
7523;A;Flight;3;1;148;4;low;M;9;5536;no
7524;F;Ship;4;4;163;3;medium;M;7;4463;no
7525;A;Flight;5;3;224;5;low;M;5;1842;no
7526;C;Ship;7;2;229;3;low;F;43;1793;yes
7527;F;Road;7;5;296;4;low;M;8;1686;yes
7528;C;Flight;2;4;285;3;high;M;6;4427;yes
7529;F;Ship;3;3;176;2;medium;M;34;1856;yes
7530;C;Flight;6;5;219;5;low;F;2;1475;yes
7531;C;Flight;5;1;239;5;low;F;7;1859;yes
7532;F;Road;3;3;173;2;low;M;5;4703;no
7533;B;Ship;5;1;248;5;medium;F;5;1861;no
7534;F;Ship;2;5;228;3;low;M;8;5643;yes
7535;F;Flight;5;5;133;2;low;F;10;4398;no
7536;A;Ship;5;4;257;2;low;M;55;2257;yes
7537;C;Flight;5;2;265;3;low;F;12;2892;yes
7538;D;Ship;3;5;144;6;low;F;46;1110;yes
7539;B;Ship;6;4;275;4;low;M;10;1266;yes
7540;F;Ship;3;2;257;3;low;F;6;3620;yes
7541;A;Road;4;1;166;2;low;F;6;5737;no
7542;B;Flight;4;2;282;4;medium;M;5;5422;yes
7543;B;Ship;5;2;175;3;low;M;1;4019;no
7544;B;Ship;7;1;244;5;medium;F;3;1418;yes
7545;B;Ship;5;2;178;5;low;F;5;5167;no
7546;F;Ship;4;1;271;4;low;M;9;5853;yes
7547;B;Ship;4;1;251;4;low;M;3;4433;no
7548;C;Ship;6;2;259;5;medium;M;1;1357;no
7549;C;Ship;3;3;253;4;low;F;9;4682;yes
7550;D;Ship;4;1;187;2;low;M;5;5691;no
7551;D;Road;3;5;188;3;high;F;6;4234;yes
7552;F;Ship;3;4;231;3;medium;F;49;3441;yes
7553;B;Ship;3;1;176;2;medium;F;4;5726;no
7554;A;Road;3;1;149;3;medium;F;9;5952;yes
7555;F;Ship;6;2;164;4;low;M;6;5264;no
7556;F;Road;4;4;218;6;medium;M;8;5101;yes
7557;C;Road;3;1;169;2;medium;F;1;4783;yes
7558;B;Road;5;5;232;5;low;F;2;5561;no
7559;C;Road;4;3;274;5;low;F;3;1637;yes
7560;D;Road;3;3;255;2;low;F;10;5632;no
7561;A;Flight;3;3;205;2;medium;F;2;2910;yes
7562;C;Ship;4;2;144;4;medium;F;2;4316;no
7563;C;Road;4;2;268;3;medium;M;1;4927;no
7564;D;Ship;4;1;248;2;medium;M;4;5783;no
7565;F;Ship;2;3;235;3;low;M;57;2034;yes
7566;D;Ship;5;2;281;4;high;F;5;3357;yes
7567;F;Ship;4;4;240;2;medium;F;4;5101;no
7568;F;Road;6;3;171;3;low;F;1;4952;no
7569;A;Ship;5;4;199;4;medium;M;2;4902;yes
7570;C;Flight;2;4;144;4;low;F;8;5760;yes
7571;B;Ship;5;4;237;6;medium;M;2;4541;no
7572;F;Ship;3;2;149;5;medium;F;9;4310;no
7573;F;Road;4;5;194;2;low;F;1;5300;yes
7574;B;Ship;4;1;200;3;medium;F;5;4120;yes
7575;C;Ship;3;4;253;3;low;M;6;3788;yes
7576;A;Flight;4;3;170;2;low;M;2;5607;no
7577;F;Ship;5;1;258;5;high;F;9;1856;yes
7578;C;Ship;7;3;262;4;low;F;1;1384;yes
7579;B;Ship;2;3;136;3;low;M;10;4933;no
7580;F;Ship;3;1;200;2;medium;M;8;4337;no
7581;F;Ship;7;2;247;4;medium;F;9;1096;yes
7582;F;Flight;5;4;245;5;low;M;6;3592;yes
7583;B;Ship;3;1;254;3;medium;M;6;3496;yes
7584;C;Flight;5;5;201;3;medium;F;10;5121;yes
7585;A;Ship;3;3;262;2;low;F;10;5951;yes
7586;F;Ship;3;1;256;2;medium;F;63;3046;yes
7587;F;Ship;3;3;134;4;medium;M;7;5370;yes
7588;F;Ship;5;2;149;2;low;F;6;4661;no
7589;C;Flight;2;1;173;2;high;M;1;4135;yes
7590;F;Ship;3;2;134;3;medium;F;3;5232;no
7591;B;Flight;5;1;151;2;medium;F;30;1377;yes
7592;A;Ship;4;2;272;3;medium;F;1;4933;yes
7593;B;Road;4;4;97;6;low;M;4;5801;no
7594;F;Ship;2;3;158;3;low;M;10;1515;yes
7595;F;Ship;3;1;125;3;medium;M;9;5489;no
7596;F;Ship;3;2;179;2;high;F;8;5589;no
7597;B;Ship;3;4;215;3;high;F;5;4670;yes
7598;A;Ship;4;4;252;3;medium;M;1;5676;yes
7599;F;Ship;3;3;144;2;low;M;6;5994;yes
7600;A;Ship;3;3;251;2;low;M;3;5168;no
7601;B;Ship;5;2;231;5;low;F;4;1913;yes
7602;B;Flight;6;2;256;3;medium;M;1;4435;yes
7603;F;Road;4;5;258;2;medium;F;2;4303;yes
7604;F;Road;4;4;183;2;low;F;7;4572;yes
7605;F;Ship;5;2;251;6;low;M;10;1196;no
7606;C;Ship;5;5;248;3;medium;F;9;3873;yes
7607;A;Ship;6;4;272;4;low;F;7;1706;yes
7608;F;Ship;3;4;209;3;low;M;37;2215;yes
7609;D;Road;4;2;255;5;low;M;1;1353;yes
7610;D;Flight;5;1;255;4;medium;M;9;4881;yes
7611;B;Ship;5;5;258;5;low;M;6;1068;yes
7612;F;Ship;5;3;245;2;medium;F;8;3231;yes
7613;F;Road;3;3;155;3;low;M;20;1830;yes
7614;A;Road;3;1;232;2;medium;M;4;5806;yes
7615;C;Ship;2;4;134;3;low;M;58;1067;yes
7616;D;Ship;4;1;177;4;low;F;13;1569;yes
7617;D;Ship;6;3;114;4;high;F;10;5865;no
7618;A;Flight;3;1;230;2;low;F;4;4387;yes
7619;B;Ship;3;3;181;3;low;F;10;5337;no
7620;C;Road;4;5;253;2;medium;F;43;2589;yes
7621;F;Flight;3;4;204;3;medium;F;27;2772;yes
7622;A;Ship;4;3;207;2;medium;M;5;4286;no
7623;C;Ship;4;4;205;3;low;F;58;2522;yes
7624;F;Ship;4;2;167;3;low;M;21;1637;yes
7625;F;Ship;3;1;170;2;low;M;9;4112;no
7626;C;Flight;2;5;271;2;low;F;5;5164;yes
7627;F;Road;5;1;265;4;low;F;2;5416;yes
7628;D;Ship;3;5;274;3;medium;F;51;3476;yes
7629;D;Flight;6;3;191;6;medium;F;2;4471;no
7630;D;Ship;4;3;239;3;low;M;10;4020;no
7631;C;Ship;4;2;196;3;low;M;1;5172;yes
7632;D;Ship;5;4;269;3;medium;F;51;3415;yes
7633;C;Flight;4;4;212;4;medium;M;16;2494;yes
7634;F;Ship;4;4;151;2;low;F;38;1001;yes
7635;C;Ship;3;3;149;2;low;M;8;4556;no
7636;F;Ship;4;1;282;4;medium;M;10;5065;no
7637;F;Ship;7;3;296;4;low;M;4;1392;no
7638;C;Ship;3;1;245;4;high;F;47;3111;yes
7639;A;Ship;4;2;173;2;medium;M;9;4307;no
7640;B;Ship;4;4;212;3;medium;M;50;2073;yes
7641;F;Ship;7;3;305;4;low;F;3;1872;no
7642;D;Flight;3;4;209;3;high;F;37;3650;yes
7643;F;Road;7;5;133;5;low;F;3;1544;yes
7644;F;Ship;5;5;266;10;high;F;2;5890;no
7645;D;Ship;3;2;163;2;low;F;5;5021;no
7646;F;Road;5;1;173;4;medium;F;2;4615;no
7647;F;Road;2;2;145;3;medium;F;5;6102;yes
7648;F;Ship;7;3;244;4;medium;M;10;1629;no
7649;C;Road;5;4;222;3;low;M;1;4834;yes
7650;F;Ship;5;3;233;5;medium;F;3;1398;no
7651;F;Ship;3;4;235;3;low;M;52;3447;yes
7652;B;Flight;4;4;198;2;medium;M;64;3787;yes
7653;B;Ship;6;1;283;5;low;F;9;1311;yes
7654;F;Flight;5;5;255;2;medium;M;1;4604;yes
7655;F;Road;3;5;254;3;medium;M;5;4946;no
7656;D;Flight;5;4;286;5;low;F;3;5208;no
7657;A;Ship;4;3;287;5;medium;M;6;4376;yes
7658;C;Road;4;4;205;3;low;M;6;4254;no
7659;A;Flight;4;4;223;4;low;M;3;5613;no
7660;F;Ship;4;4;143;8;medium;F;39;1345;yes
7661;F;Ship;4;1;152;3;low;M;4;5299;no
7662;B;Ship;4;4;155;2;medium;F;6;5942;no
7663;B;Flight;3;2;267;3;low;M;8;5922;no
7664;F;Ship;6;5;276;4;medium;F;6;1005;yes
7665;C;Ship;5;4;224;6;low;F;6;1049;yes
7666;D;Ship;4;5;137;3;medium;M;1;4861;no
7667;A;Ship;3;3;213;3;medium;M;7;4133;no
7668;F;Ship;3;3;270;3;high;F;7;4690;yes
7669;C;Flight;4;3;249;4;medium;M;10;4933;no
7670;F;Road;4;4;142;10;high;F;7;5425;yes
7671;F;Ship;4;1;212;2;medium;M;4;4969;no
7672;A;Ship;6;5;269;4;low;M;5;1264;yes
7673;A;Ship;3;2;174;3;low;M;4;1337;yes
7674;F;Ship;5;1;114;4;low;F;47;1443;yes
7675;A;Ship;4;4;257;10;medium;M;4;4710;no
7676;C;Ship;4;2;276;2;low;M;54;3706;yes
7677;B;Ship;4;5;253;3;low;F;9;4205;no
7678;C;Ship;3;3;150;3;low;M;46;1040;yes
7679;B;Road;5;3;265;5;low;F;3;1005;yes
7680;B;Ship;2;4;195;4;medium;M;3;5641;yes
7681;F;Ship;4;5;272;2;medium;F;1;5378;no
7682;C;Ship;3;4;163;2;low;F;7;5720;no
7683;B;Ship;3;1;248;2;medium;M;1;5703;no
7684;F;Flight;3;4;191;3;medium;;10;4667;no
7685;F;Flight;3;5;218;4;medium;M;60;3048;yes
7686;B;Flight;5;5;189;3;low;M;7;5717;no
7687;F;Ship;4;3;256;2;medium;F;3;4679;yes
7688;F;Ship;3;5;126;2;low;F;29;1192;yes
7689;C;Ship;3;4;235;2;low;F;10;4575;no
7690;D;Ship;4;4;272;5;low;F;3;5243;no
7691;D;Road;7;3;281;4;low;F;4;1480;no
7692;F;Flight;2;5;162;4;medium;M;49;1671;yes
7693;A;Ship;2;2;152;4;low;F;48;1212;yes
7694;B;Road;4;5;185;2;low;M;6;4610;no
7695;B;Ship;5;3;159;3;low;M;7;5462;yes
7696;F;Ship;5;1;148;4;high;M;2;5821;yes
7697;D;Flight;4;1;211;3;medium;F;2;5851;no
7698;B;Flight;3;3;260;4;low;M;8;5595;yes
7699;B;Ship;3;3;188;5;low;M;25;3992;yes
7700;F;Road;4;5;143;2;medium;F;20;1360;yes
7701;F;Road;3;2;220;3;medium;M;7;;yes
7702;F;Ship;3;2;207;2;medium;F;37;2460;yes
7703;C;Ship;2;4;206;2;low;F;30;3955;yes
7704;F;Ship;4;1;235;5;low;M;9;1821;yes
7705;F;Flight;4;4;264;3;medium;F;9;5555;yes
7706;C;Ship;3;3;133;6;low;F;10;1686;yes
7707;C;Ship;4;1;238;3;high;F;4;4910;no
7708;D;Flight;7;1;254;4;low;M;9;1876;no
7709;B;Ship;3;1;198;2;medium;F;49;3573;yes
7710;F;Road;4;4;180;4;medium;F;7;5609;yes
7711;F;Ship;4;4;166;6;low;F;6;4100;yes
7712;B;Ship;3;4;185;2;low;F;62;2849;yes
7713;D;Ship;4;1;202;3;low;M;4;4029;no
7714;D;Ship;3;2;245;2;low;F;7;4692;no
7715;F;Ship;4;2;255;3;low;F;8;5865;no
7716;B;Flight;4;2;141;3;medium;M;61;1875;yes
7717;B;Ship;6;3;221;10;medium;F;13;2219;yes
7718;C;Ship;4;5;243;2;low;M;19;2829;yes
7719;B;Ship;2;5;286;6;medium;F;3;4497;yes
7720;F;Ship;5;5;128;3;low;M;9;5143;yes
7721;B;Ship;3;1;253;3;high;M;8;5030;yes
7722;F;Ship;3;1;252;2;low;M;4;5559;no
7723;C;Ship;4;2;181;3;medium;M;6;5964;no
7724;D;Ship;3;1;183;4;low;M;5;5326;no
7725;F;Ship;5;3;266;2;low;F;61;2118;yes
7726;A;Ship;3;1;150;3;medium;F;8;1745;yes
7727;B;Ship;3;3;214;3;medium;F;9;5856;no
7728;F;Ship;4;4;199;2;low;M;9;3075;yes
7729;F;Flight;4;4;155;3;medium;M;6;5033;yes
7730;B;Ship;5;5;149;3;medium;M;9;5979;no
7731;F;Ship;5;5;269;5;low;M;4;1454;no
7732;F;Ship;5;5;106;5;low;F;46;1275;yes
7733;D;Road;3;4;212;3;low;M;6;5935;yes
7734;C;Ship;3;3;157;4;low;F;2;5715;yes
7735;A;Road;3;1;180;3;high;F;21;1047;yes
7736;A;Ship;4;2;215;2;high;F;10;4061;yes
7737;C;Flight;4;2;134;3;medium;F;1;4064;yes
7738;C;Ship;3;3;229;3;low;M;49;2339;yes
7739;D;Flight;4;3;149;3;low;F;3;5542;no
7740;D;Road;4;4;195;3;low;F;6;5783;no
7741;A;Ship;2;2;140;3;low;F;19;1806;yes
7742;F;Ship;4;2;263;3;medium;M;4;4935;yes
7743;F;Ship;3;4;237;3;low;M;1;5980;no
7744;F;Road;4;2;200;4;low;M;43;2747;yes
7745;F;Ship;4;5;133;2;medium;M;39;1106;yes
7746;B;Road;5;3;236;2;medium;M;6;1329;yes
7747;A;Road;5;1;260;2;low;M;4;5580;no
7748;B;Road;5;2;271;4;low;F;4;4066;no
7749;A;Flight;4;2;166;3;low;M;5;1610;yes
7750;B;Ship;5;5;245;5;medium;F;4;4627;no
7751;C;Ship;5;4;216;2;low;F;6;4535;no
7752;F;Ship;4;3;140;2;low;F;22;1248;yes
7753;F;Flight;4;1;135;2;medium;F;64;1471;yes
7754;B;Ship;5;5;191;4;medium;F;10;4933;yes
7755;A;Flight;4;3;185;10;high;F;7;4818;yes
7756;C;Ship;3;3;201;4;medium;M;7;2299;yes
7757;A;Ship;4;5;134;4;low;M;36;1191;yes
7758;F;Ship;3;2;142;2;low;M;7;4082;no
7759;D;Flight;3;3;185;2;low;M;4;4746;no
7760;A;Ship;4;1;140;2;low;M;61;1770;yes
7761;F;Ship;3;4;148;3;low;F;8;5267;yes
7762;A;Ship;2;2;153;3;low;F;55;1273;yes
7763;C;Ship;4;5;245;3;medium;F;2;5439;yes
7764;F;Ship;5;4;222;3;medium;M;8;5559;yes
7765;B;Ship;4;3;271;4;low;F;24;3499;yes
7766;D;Ship;5;2;185;3;low;M;10;4354;no
7767;D;Ship;5;3;249;2;medium;M;3;4440;no
7768;C;Ship;3;4;247;3;low;F;9;4157;no
7769;D;Ship;4;2;225;2;medium;M;7;5241;yes
7770;D;Ship;4;4;174;2;medium;F;2;5892;no
7771;B;Ship;4;1;202;2;medium;M;10;5428;yes
7772;B;Ship;4;5;248;3;low;M;7;5853;no
7773;C;Road;4;3;268;5;medium;M;7;1932;yes
7774;F;Ship;4;1;247;2;medium;F;7;5098;no
7775;F;Ship;4;4;256;3;medium;M;1;5784;yes
7776;D;Ship;3;1;172;10;high;F;30;1294;yes
7777;F;Ship;2;4;224;2;low;M;8;4754;no
7778;C;Ship;3;1;153;2;low;F;6;1314;yes
7779;A;Road;5;1;174;5;medium;F;6;4677;no
7780;F;Flight;5;3;247;5;low;M;10;1699;yes
7781;C;Ship;5;3;101;5;medium;F;1;4014;yes
7782;C;Ship;3;1;143;6;medium;M;2;1323;yes
7783;B;Road;5;3;237;5;medium;F;2;1869;yes
7784;B;Ship;5;3;204;3;high;F;1;4037;yes
7785;F;Ship;4;3;150;2;medium;M;31;1588;yes
7786;A;Ship;3;2;158;7;medium;M;10;4244;yes
7787;B;Road;4;1;260;3;low;M;9;4239;no
7788;C;Road;6;2;235;5;low;F;5;1051;yes
7789;D;Ship;3;4;252;2;low;M;6;4630;yes
7790;D;Ship;3;3;231;2;high;F;8;5021;no
7791;F;Ship;6;5;154;10;medium;F;14;1204;yes
7792;D;Road;4;3;208;3;medium;F;3;4837;yes
7793;F;Flight;4;5;206;4;medium;F;1;1593;no
7794;B;Ship;4;5;214;2;low;M;3;5546;no
7795;F;Ship;4;1;234;3;high;M;10;4375;no
7796;B;Ship;3;4;240;2;low;M;8;3883;yes
7797;A;Ship;4;2;231;4;medium;M;9;5194;no
7798;F;Ship;3;3;145;3;low;F;10;5696;no
7799;B;Ship;5;5;177;4;medium;F;2;4873;no
7800;C;Ship;4;3;161;3;high;F;7;4799;yes
7801;D;Ship;3;4;140;2;medium;M;48;1102;yes
7802;D;Road;4;1;271;2;high;M;33;3269;yes
7803;D;Ship;4;2;221;2;low;F;13;3097;yes
7804;F;Ship;3;3;168;2;low;M;1;5097;yes
7805;F;Flight;3;2;264;4;medium;M;1;4877;no
7806;A;Ship;3;4;197;6;medium;M;3;4890;yes
7807;C;Ship;2;2;226;3;low;M;5;5875;no
7808;B;Flight;2;4;181;4;medium;M;13;2309;yes
7809;D;Ship;6;4;256;4;high;M;2;5021;no
7810;F;Ship;3;5;214;2;medium;F;6;4578;no
7811;F;Road;5;4;229;2;medium;F;10;5001;no
7812;F;Road;5;1;291;4;low;F;3;1663;yes
7813;F;Road;4;3;174;3;low;F;3;4846;yes
7814;F;Ship;4;3;204;3;low;M;30;3774;yes
7815;D;Flight;5;5;229;6;low;F;6;1857;no
7816;C;Ship;3;4;199;3;low;M;7;5089;no
7817;D;Ship;3;2;177;2;high;F;7;4764;yes
7818;B;Ship;2;4;181;5;medium;F;9;1368;no
7819;C;Ship;3;2;195;2;high;M;2;4669;yes
7820;C;Ship;5;4;241;5;medium;M;1;1924;yes
7821;F;Ship;7;2;308;4;low;F;7;1176;no
7822;C;Ship;3;1;263;2;medium;M;9;4868;yes
7823;B;Ship;3;3;221;3;high;M;5;4568;yes
7824;F;Road;4;2;147;3;medium;M;44;1873;yes
7825;D;Ship;3;4;232;3;low;F;6;4050;no
7826;F;Ship;4;3;251;5;medium;M;2;1482;no
7827;A;Ship;4;3;192;3;medium;F;10;4086;yes
7828;C;Ship;3;3;192;7;high;F;36;3634;yes
7829;D;Ship;3;5;168;3;medium;M;7;4296;no
7830;A;Ship;3;2;137;3;low;F;4;5617;no
7831;F;Road;7;2;281;4;medium;F;2;1291;no
7832;A;Ship;4;2;255;4;low;F;62;3198;yes
7833;F;Road;5;1;251;6;low;F;3;1562;no
7834;C;Road;4;1;273;4;low;F;54;2611;yes
7835;A;Ship;3;4;240;2;medium;F;2;5661;no
7836;D;Flight;5;2;197;4;high;M;4;4339;yes
7837;F;Ship;5;4;178;2;low;F;4;5307;no
7838;B;Flight;4;3;256;3;low;F;4;5068;yes
7839;B;Ship;4;1;157;2;medium;F;7;4690;yes
7840;D;Ship;3;3;218;3;medium;M;6;5288;yes
7841;C;Flight;3;2;163;3;medium;M;6;4323;no
7842;F;Ship;3;5;221;10;medium;F;7;5743;yes
7843;A;Road;6;5;260;4;low;F;8;1347;yes
7844;C;Ship;5;4;117;3;medium;F;4;5332;no
7845;F;Road;6;3;269;4;low;M;3;1006;no
7846;B;Road;4;5;259;3;medium;M;4;5344;yes
7847;F;Ship;4;5;235;4;medium;M;6;4633;yes
7848;C;Ship;4;4;197;2;low;F;7;4684;no
7849;A;Ship;4;1;167;3;high;F;22;1403;yes
7850;F;Ship;3;3;232;3;low;F;9;5016;yes
7851;F;Ship;4;1;198;3;medium;F;56;3135;yes
7852;A;Ship;2;2;273;3;low;M;56;2633;yes
7853;D;Road;4;5;159;4;medium;F;4;4816;no
7854;B;Ship;6;5;282;4;low;M;5;1364;yes
7855;F;Ship;3;1;176;3;low;F;7;4276;no
7856;D;Ship;3;5;153;4;low;F;10;5897;no
7857;C;Ship;4;4;187;3;low;F;8;4893;no
7858;D;Road;4;3;223;10;low;F;21;2943;yes
7859;A;Road;5;2;269;6;medium;F;5;1097;no
7860;C;Flight;6;3;264;4;medium;F;6;1622;yes
7861;F;Ship;3;4;266;2;high;F;55;2779;yes
7862;A;Ship;3;2;139;3;high;F;4;1546;yes
7863;B;Ship;5;2;168;3;low;M;26;1526;yes
7864;F;Ship;5;5;230;5;low;F;8;1067;no
7865;A;Ship;3;5;148;10;high;F;35;1597;yes
7866;A;Road;4;5;259;2;low;M;7;4390;yes
7867;F;Ship;7;3;308;5;medium;M;10;1152;yes
7868;B;Ship;2;1;198;2;low;M;8;4323;no
7869;A;Ship;5;1;197;4;low;F;2;5594;yes
7870;C;Ship;3;5;267;2;medium;M;4;4703;no
7871;C;Ship;2;3;239;6;medium;M;4;4022;no
7872;D;Road;4;1;227;3;low;M;5;3100;yes
7873;B;Ship;3;5;153;2;low;F;44;1585;yes
7874;F;Ship;5;5;171;3;high;M;14;1554;yes
7875;B;Ship;4;3;184;3;low;F;9;5602;no
7876;A;Ship;4;2;171;3;low;M;34;1352;yes
7877;F;Ship;4;3;190;2;low;F;7;5834;yes
7878;F;Ship;2;4;233;2;medium;F;6;4758;no
7879;F;Ship;4;1;164;4;medium;M;3;5318;yes
7880;F;Ship;3;3;182;3;low;F;5;5914;no
7881;F;Ship;3;5;143;2;low;M;8;4754;yes
7882;B;Ship;3;3;202;4;medium;M;10;5137;yes
7883;F;Ship;3;5;152;4;medium;M;2;4809;no
7884;F;Ship;3;2;159;3;medium;F;4;1681;yes
7885;F;Ship;5;3;188;7;medium;M;3;3637;yes
7886;F;Ship;4;1;160;2;low;M;28;1276;yes
7887;D;Ship;5;4;168;3;low;F;13;1317;yes
7888;F;Flight;2;3;198;2;medium;M;28;3514;yes
7889;A;Road;6;3;261;4;medium;F;8;1397;yes
7890;B;Ship;4;5;219;3;medium;M;8;4605;no
7891;F;Flight;5;4;200;3;medium;F;8;5206;yes
7892;D;Flight;3;2;190;3;medium;M;18;2715;yes
7893;A;Ship;4;5;137;2;low;M;6;4055;yes
7894;B;Flight;2;4;159;3;medium;M;47;1547;yes
7895;F;Road;4;4;256;3;low;M;8;4398;no
7896;C;Ship;5;1;151;3;low;F;9;4895;no
7897;F;Ship;3;4;243;2;medium;M;1;5840;yes
7898;C;Ship;5;1;298;4;low;F;4;1853;no
7899;F;Ship;5;1;206;5;medium;M;2;5766;no
7900;D;Ship;4;3;141;4;medium;F;38;1599;yes
7901;F;Flight;4;4;224;5;low;F;9;4902;yes
7902;A;Ship;4;5;145;2;low;F;2;4686;yes
7903;A;Road;2;2;165;3;medium;F;10;4080;yes
7904;C;Ship;5;3;243;5;low;F;9;1312;yes
7905;D;Road;5;2;268;5;medium;F;5;1876;yes
7906;A;Ship;5;3;231;3;medium;F;2;4735;no
7907;;Ship;4;2;251;2;low;F;10;4898;yes
7908;F;Ship;4;2;245;2;low;M;3;4000;no
7909;B;Ship;3;2;109;3;low;M;4;5746;no
7910;A;Ship;4;4;149;3;medium;M;6;5508;no
7911;F;Flight;4;2;246;3;low;F;7;5616;no
7912;F;Road;3;5;234;2;medium;F;8;5241;yes
7913;F;Ship;6;3;244;3;medium;M;4;5277;yes
7914;D;Ship;4;5;233;5;medium;F;44;2648;yes
7915;F;Road;5;3;234;5;low;M;7;1691;yes
7916;D;Flight;5;4;157;3;medium;F;7;4199;yes
7917;F;Ship;3;1;166;3;medium;M;9;4410;no
7918;A;Ship;4;5;139;3;low;F;3;5824;yes
7919;B;Ship;2;2;101;5;medium;F;6;4196;no
7920;F;Ship;6;3;290;4;low;M;5;1784;no
7921;B;Ship;3;5;168;3;low;F;5;1143;yes
7922;F;Ship;6;3;262;4;low;F;5;1563;no
7923;B;Ship;4;5;234;3;medium;F;3;5142;yes
7924;D;Ship;4;4;169;4;medium;F;8;5493;no
7925;A;Ship;3;4;267;3;low;F;55;2923;yes
7926;B;Ship;4;2;150;2;low;F;2;5301;no
7927;B;Flight;3;4;200;2;medium;M;14;3528;yes
7928;C;Ship;4;2;205;2;low;F;10;5580;no
7929;C;Ship;5;5;210;4;medium;M;9;5081;yes
7930;F;Flight;5;2;234;5;medium;M;7;1524;no
7931;C;Road;3;1;108;6;medium;F;7;4024;no
7932;F;Road;4;4;150;2;medium;F;1;4711;yes
7933;B;Ship;5;3;240;5;low;M;6;1489;no
7934;F;Road;4;2;150;4;low;F;1;5922;yes
7935;C;Road;5;5;244;5;low;M;5;1787;no
7936;C;Road;5;4;228;5;low;M;5;1844;no
7937;D;Ship;4;2;238;3;low;F;28;1915;yes
7938;B;Ship;4;1;275;10;medium;F;23;2726;yes
7939;C;Flight;3;3;219;2;low;F;41;3932;yes
7940;D;Ship;3;1;203;4;medium;M;12;2779;yes
7941;B;Road;5;4;188;7;medium;F;48;2466;yes
7942;B;Ship;4;1;219;3;low;F;5;5632;no
7943;B;Ship;4;3;244;3;medium;M;8;3318;yes
7944;D;Road;3;2;188;3;low;M;4;5376;no
7945;C;Ship;4;2;187;2;medium;F;7;5524;yes
7946;A;Ship;4;5;127;8;low;M;39;1411;yes
7947;A;Ship;5;4;269;2;medium;F;2;5276;no
7948;B;Flight;5;4;238;8;low;M;3;4046;no
7949;B;Ship;2;5;188;2;medium;F;9;4610;no
7950;F;Ship;4;3;263;2;low;M;9;4210;no
7951;A;Road;5;4;275;5;low;M;4;1522;yes
7952;A;Ship;4;3;262;3;medium;M;46;2904;yes
7953;F;Road;4;1;169;4;low;M;1;5323;no
7954;C;Ship;5;5;152;4;low;F;10;5913;yes
7955;A;Road;6;2;304;4;low;M;2;1256;yes
7956;D;Ship;4;3;175;2;medium;M;3;4961;yes
7957;F;Ship;6;1;250;4;medium;M;5;1747;no
7958;F;Ship;3;5;164;3;high;M;10;4639;yes
7959;B;Ship;6;4;257;6;low;F;7;4265;no
7960;F;Ship;4;2;232;3;high;M;46;2835;yes
7961;D;Ship;4;5;249;5;medium;M;3;1530;yes
7962;C;Ship;3;2;149;3;medium;F;64;1920;yes
7963;D;Ship;3;3;116;5;low;F;6;4524;no
7964;F;Ship;5;1;233;7;medium;F;5;5759;yes
7965;F;Road;3;4;202;3;medium;M;5;5169;no
7966;D;Flight;5;3;267;3;low;M;48;3393;yes
7967;C;Road;4;3;204;2;low;F;7;4717;yes
7968;C;Ship;5;1;160;3;medium;M;3;5839;no
7969;C;Ship;4;3;226;6;medium;M;6;1704;yes
7970;B;Ship;2;5;160;3;medium;F;31;7401;yes
7971;F;Road;5;3;277;3;medium;M;1;4186;yes
7972;B;Ship;5;3;117;4;low;F;3;5078;no
7973;C;Ship;2;3;154;3;medium;M;3;4478;no
7974;C;Ship;4;2;220;2;low;F;6;5543;no
7975;A;Ship;3;2;149;3;medium;F;7;4049;yes
7976;D;Ship;3;5;252;2;high;M;4;4098;yes
7977;F;Flight;4;5;227;4;low;F;20;2217;yes
7978;D;Ship;5;2;213;3;low;M;9;5526;no
7979;B;Ship;4;4;260;2;low;M;3;5801;no
7980;F;Ship;3;1;213;2;low;M;6;4747;no
7981;F;Ship;4;1;265;4;low;F;30;3896;yes
7982;F;Road;3;1;237;4;low;M;33;2782;yes
7983;F;Road;5;5;249;4;medium;F;38;2797;yes
7984;D;Road;6;4;220;4;low;M;5;5465;yes
7985;D;Ship;3;2;273;3;low;M;41;3464;yes
7986;A;Ship;4;1;222;2;high;M;3;5665;yes
7987;B;Ship;4;3;162;3;low;M;4;5913;yes
7988;B;Ship;4;1;178;3;high;M;3;5520;yes
7989;B;Ship;5;3;188;2;low;M;6;4840;no
7990;F;Road;3;1;187;3;medium;F;1;5541;no
7991;C;Ship;5;4;223;3;low;M;8;4310;yes
7992;C;Flight;2;2;242;3;high;M;9;4717;no
7993;F;Ship;4;3;258;3;medium;F;7;4887;yes
7994;F;Ship;3;5;197;3;low;M;4;5423;no
7995;A;Ship;3;4;198;2;medium;F;20;2266;yes
7996;F;Road;3;1;135;2;medium;M;7;1316;yes
7997;F;Road;6;2;215;5;low;F;7;4057;no
7998;C;Ship;3;2;215;4;high;M;2;4673;yes
7999;A;Road;4;3;218;4;low;F;50;3990;yes
8000;B;Ship;5;3;205;4;low;M;9;4277;no
8001;B;Flight;3;5;271;3;low;F;9;5328;no
8002;F;Road;5;5;245;4;medium;F;12;2225;yes
8003;F;Road;4;5;225;4;low;M;48;2767;yes
8004;B;Ship;5;5;158;2;low;M;8;4743;no
8005;C;Ship;5;2;208;3;low;M;6;4744;yes
8006;F;Ship;7;3;133;5;low;F;4;1783;yes
8007;C;Ship;4;4;184;8;low;M;7;5235;yes
8008;A;Ship;3;3;209;2;medium;M;1;5098;yes
8009;B;Ship;5;5;236;5;low;M;3;1933;yes
8010;C;Ship;5;5;264;3;medium;F;23;2837;yes
8011;F;Flight;3;2;150;3;high;M;2;5502;no
8012;F;Ship;3;4;243;3;medium;M;8;5705;yes
8013;B;Road;3;2;268;10;medium;M;9;4483;no
8014;A;Flight;3;2;227;2;medium;M;9;4659;no
8015;F;Ship;3;3;253;5;low;F;63;3788;yes
8016;A;Ship;3;4;203;3;medium;M;1;5543;no
8017;F;Road;5;2;274;2;low;F;5;4154;no
8018;C;Ship;4;5;160;5;medium;F;3;4648;yes
8019;C;Ship;5;1;262;5;medium;F;9;1893;no
8020;C;Ship;2;3;140;3;low;F;23;1372;yes
8021;C;Ship;6;4;260;5;medium;M;2;4687;yes
8022;C;Road;3;3;162;2;medium;M;7;5719;yes
8023;F;Ship;3;5;248;2;medium;M;1;4108;yes
8024;B;Flight;4;5;154;2;low;F;49;1532;yes
8025;B;Ship;4;2;171;3;medium;M;4;5859;no
8026;D;Ship;5;3;210;3;high;F;4;4819;no
8027;C;Road;4;5;242;2;medium;F;5;4806;no
8028;F;Ship;6;4;192;3;high;F;19;2944;yes
8029;D;Road;3;4;144;3;low;M;56;1496;yes
8030;D;Road;3;4;204;3;low;F;49;3225;yes
8031;F;Ship;5;1;267;5;medium;F;3;1194;yes
8032;D;Ship;5;2;244;5;medium;F;7;5515;no
8033;F;Ship;3;2;137;3;medium;F;23;1246;yes
8034;C;Ship;3;5;190;10;medium;F;27;2739;yes
8035;C;Road;2;2;127;3;low;M;13;1128;yes
8036;F;Ship;3;1;166;2;low;F;10;4137;no
8037;F;Ship;3;4;260;3;low;F;8;5215;no
8038;B;Ship;4;2;162;3;low;M;7;5614;no
8039;D;Ship;3;4;266;2;medium;F;38;2741;yes
8040;D;Ship;3;3;202;4;low;F;9;4917;no
8041;F;Ship;7;4;283;5;low;M;6;1882;yes
8042;B;Road;4;2;239;3;low;F;65;3679;yes
8043;C;Flight;4;5;138;3;low;F;64;1708;yes
8044;D;Ship;4;3;190;4;medium;M;12;3115;yes
8045;B;Flight;3;2;238;4;medium;F;49;3179;yes
8046;F;Ship;4;4;176;2;medium;F;1;5793;no
8047;C;Road;5;4;229;5;low;F;3;1861;yes
8048;A;Ship;5;2;179;3;medium;M;5;4325;yes
8049;F;Ship;5;4;219;5;low;M;10;1363;yes
8050;B;Ship;3;4;138;6;medium;M;5;1853;yes
8051;A;Ship;3;5;252;3;low;M;18;3701;yes
8052;D;Ship;2;3;198;2;medium;F;6;1730;yes
8053;F;Ship;5;3;224;4;low;M;7;4553;no
8054;F;Ship;5;4;281;4;medium;F;40;3381;yes
8055;B;Ship;3;5;207;4;low;F;45;3770;yes
8056;F;Flight;4;1;220;2;medium;M;38;2368;yes
8057;F;Road;3;4;200;3;low;F;7;5400;no
8058;F;Ship;4;3;174;3;medium;M;2;4069;yes
8059;C;Ship;5;3;273;4;medium;M;1;5119;no
8060;C;Flight;4;3;241;2;medium;F;4;5942;yes
8061;A;Ship;3;1;149;2;medium;F;7;4147;yes
8062;F;Ship;4;3;218;3;high;F;57;3311;yes
8063;B;Ship;2;3;239;3;high;M;1;5910;no
8064;A;Ship;4;1;223;3;low;F;9;4832;no
8065;F;Road;5;5;156;3;low;F;5;5398;yes
8066;D;Ship;4;5;275;6;low;M;3;5008;no
8067;D;Ship;4;3;185;10;high;M;1;4973;no
8068;B;Ship;5;1;167;3;medium;M;3;4267;yes
8069;A;Ship;4;2;270;5;low;F;10;1340;no
8070;F;Flight;3;3;270;3;low;M;7;4152;no
8071;D;Ship;3;5;224;2;;F;10;4445;no
8072;F;Ship;5;5;236;3;high;M;4;5724;yes
8073;C;Ship;6;5;305;4;medium;F;9;1072;no
8074;F;Road;4;5;174;3;medium;F;8;5576;no
8075;F;Road;4;5;184;3;low;F;64;3812;yes
8076;D;Ship;3;2;225;3;high;M;5;4304;yes
8077;F;Ship;4;3;239;3;low;F;28;2741;yes
8078;C;Flight;5;3;217;2;low;F;4;5588;no
8079;C;Ship;2;1;285;3;high;F;7;4999;no
8080;A;Ship;2;4;245;2;medium;F;10;5389;no
8081;A;Flight;6;3;229;8;medium;M;6;4600;no
8082;B;Ship;3;1;171;2;low;M;10;5379;yes
8083;F;Ship;6;5;301;4;low;F;7;1393;yes
8084;A;Ship;5;3;113;3;medium;F;5;4743;no
8085;F;Ship;3;4;201;2;low;F;8;4394;no
8086;F;Ship;2;2;230;3;low;F;7;4889;no
8087;B;Road;6;5;295;4;medium;M;2;1981;no
8088;F;Road;6;2;246;4;medium;F;7;1297;yes
8089;A;Ship;3;5;172;10;high;F;1;4929;yes
8090;D;Ship;6;3;244;5;medium;F;1;1847;yes
8091;A;Road;3;5;258;4;low;F;3;4212;yes
8092;F;Ship;5;3;270;3;medium;M;38;3669;yes
8093;C;Ship;3;3;207;10;low;F;7;4423;no
8094;D;Road;6;2;257;4;low;F;5;1565;yes
8095;C;Road;4;3;158;4;medium;M;7;4460;no
8096;D;Ship;5;5;182;3;medium;F;10;5060;no
8097;A;Ship;3;5;230;2;low;M;27;3840;yes
8098;D;Ship;4;2;263;5;low;F;5;1874;no
8099;F;Ship;4;4;184;3;medium;F;2;4124;yes
8100;B;Ship;5;2;239;5;medium;F;6;1365;yes
8101;F;Ship;5;5;262;6;low;F;5;1418;yes
8102;C;Ship;6;4;291;4;low;F;5;1112;yes
8103;B;Flight;4;1;260;3;medium;M;6;4816;no
8104;B;Road;3;2;189;3;medium;M;38;2108;yes
8105;B;Road;5;4;169;2;low;F;20;1765;yes
8106;A;Ship;5;1;233;3;low;M;10;5289;no
8107;D;Ship;4;1;260;2;low;M;2;2980;yes
8108;C;Ship;4;4;229;6;low;M;2;1279;no
8109;A;Ship;6;5;249;4;medium;M;3;1710;yes
8110;F;Ship;6;3;251;4;low;M;10;4889;yes
8111;F;Ship;3;5;186;2;medium;M;4;4352;no
8112;A;Flight;3;1;245;3;low;F;4;5449;no
8113;C;Ship;5;2;181;3;low;M;4;4323;no
8114;A;Road;3;1;274;3;low;M;4;2087;yes
8115;B;Road;4;5;268;3;medium;M;9;5521;yes
8116;C;Ship;4;2;271;3;medium;M;4;4743;yes
8117;F;Ship;5;5;106;5;medium;F;4;4410;yes
8118;A;Road;4;3;167;2;medium;F;1;5409;yes
8119;F;Ship;5;5;211;3;medium;F;7;5983;yes
8120;F;Ship;3;2;148;3;medium;F;64;1280;yes
8121;D;Flight;3;2;168;4;low;F;1;4184;yes
8122;F;Road;4;5;129;5;medium;M;7;5554;yes
8123;B;Ship;3;5;250;4;low;F;11;3464;yes
8124;F;Road;2;1;137;3;low;M;1;4539;no
8125;D;Ship;5;4;285;6;high;M;63;3151;yes
8126;F;Flight;5;5;273;3;medium;F;18;2415;yes
8127;F;Flight;4;1;263;5;low;F;8;1257;no
8128;B;Ship;5;4;222;2;high;M;8;4996;yes
8129;F;Ship;5;5;155;3;medium;F;6;4109;yes
8130;F;Ship;6;5;240;3;low;M;4;5219;yes
8131;D;Flight;6;5;299;4;low;M;2;1192;no
8132;B;Ship;5;1;245;5;low;F;5;1996;yes
8133;F;Road;7;3;279;4;medium;M;8;1060;no
8134;C;Ship;4;1;153;3;medium;M;5;5952;no
8135;F;Ship;5;2;196;5;low;M;10;5111;no
8136;F;Ship;7;1;308;4;medium;F;2;1504;no
8137;B;Ship;4;2;124;3;high;M;60;1107;yes
8138;C;Flight;4;1;273;3;medium;M;5;5055;no
8139;C;Ship;6;5;206;6;low;M;2;4014;yes
8140;D;Ship;4;4;167;4;low;M;2;5908;yes
8141;A;Ship;;5;223;5;medium;F;6;1579;yes
8142;C;Ship;6;4;296;4;low;M;4;1973;no
8143;A;Road;6;2;309;4;low;F;6;1335;no
8144;D;Flight;3;4;188;4;low;F;49;;yes
8145;C;Ship;3;3;154;4;medium;F;7;1915;no
8146;B;Ship;4;5;198;2;medium;F;9;4108;no
8147;B;Ship;4;2;166;4;low;F;63;1759;yes
8148;D;Ship;5;1;198;5;medium;F;49;3187;yes
8149;D;Ship;3;3;158;2;low;F;4;5960;no
8150;F;Flight;4;5;253;2;low;F;36;3389;yes
8151;A;Ship;4;4;224;2;low;F;8;5754;yes
8152;F;Ship;4;4;273;2;low;M;9;;no
8153;A;Ship;6;1;275;4;low;M;7;1767;no
8154;F;Flight;4;1;215;2;low;M;32;3066;yes
8155;D;Ship;5;1;208;2;low;F;9;4887;no
8156;C;Road;4;1;195;3;low;M;2;4418;no
8157;F;Flight;4;4;221;4;medium;M;14;2932;yes
8158;F;Ship;5;3;242;5;medium;F;5;1820;no
8159;F;Ship;5;1;144;2;low;F;20;1082;yes
8160;F;Ship;3;2;255;4;medium;M;5;4415;no
8161;C;Ship;2;2;212;4;medium;F;3;1284;yes
8162;C;Ship;3;1;185;2;medium;F;42;2803;yes
8163;B;Ship;5;1;261;5;low;M;5;1837;yes
8164;F;Ship;3;3;233;3;medium;M;35;2204;yes
8165;F;Ship;3;3;181;2;high;M;65;3234;yes
8166;A;Ship;3;5;206;3;medium;M;21;3746;yes
8167;F;Ship;2;1;238;2;low;F;4;4992;no
8168;F;Ship;2;5;278;4;low;M;34;3416;yes
8169;A;Ship;3;4;176;3;low;F;4;1095;yes
8170;D;Ship;3;1;167;3;low;F;4;5943;yes
8171;F;Ship;5;5;132;4;low;F;8;4339;yes
8172;F;Road;5;2;266;7;low;F;12;2056;yes
8173;A;Ship;4;3;162;10;high;M;25;1764;yes
8174;B;Ship;3;4;256;4;low;M;11;3030;yes
8175;F;Ship;5;2;222;5;low;F;5;1329;no
8176;A;Ship;4;5;272;2;low;F;10;4962;no
8177;F;Ship;5;4;138;2;medium;F;8;5885;yes
8178;C;Flight;4;2;180;3;low;F;47;1434;yes
8179;A;Flight;3;5;260;3;medium;M;7;5379;yes
8180;B;Ship;3;2;165;3;low;F;19;1111;yes
8181;F;Ship;6;5;255;4;low;M;3;1624;yes
8182;A;Ship;6;5;298;4;medium;F;5;1804;no
8183;C;Flight;4;2;175;3;high;M;4;4426;no
8184;D;Ship;3;4;248;3;medium;M;7;5299;no
8185;A;Ship;4;2;255;5;low;F;7;1378;no
8186;F;Ship;4;2;215;3;medium;F;48;2953;yes
8187;C;Ship;5;2;275;5;low;M;9;1373;no
8188;D;Ship;4;2;272;4;low;M;62;2307;yes
8189;C;Ship;3;5;161;2;medium;M;9;4623;no
8190;F;Ship;6;1;303;4;medium;F;10;1003;no
8191;F;Ship;5;5;224;8;low;F;48;2627;yes
8192;A;Ship;3;3;269;3;high;F;6;4260;yes
8193;D;Ship;6;1;268;4;medium;M;10;1958;no
8194;F;Ship;6;5;237;5;high;F;63;2573;yes
8195;F;Flight;3;2;164;4;medium;M;6;5761;no
8196;F;Ship;5;1;266;3;low;F;31;3157;yes
8197;B;Flight;4;3;211;8;medium;F;6;5583;no
8198;D;Flight;5;5;225;5;low;M;7;1168;no
8199;D;Road;5;3;132;3;low;M;7;4462;yes
8200;A;Road;3;3;274;3;low;F;5;5981;yes
8201;D;Flight;3;4;183;2;low;M;5;4261;yes
8202;F;Ship;5;1;216;10;medium;F;2;5672;no
8203;A;Ship;3;3;203;3;medium;F;4;;no
8204;D;Ship;3;4;110;3;low;F;55;1281;yes
8205;B;Flight;6;4;289;4;high;F;4;1822;no
8206;A;Road;6;2;240;4;low;M;9;4099;no
8207;B;Ship;7;5;265;4;low;F;9;1393;no
8208;B;Road;4;5;259;3;medium;M;3;4741;yes
8209;B;Ship;5;1;225;2;medium;M;31;3454;yes
8210;A;Ship;3;1;250;3;low;F;7;4760;no
8211;C;Road;3;2;215;2;medium;M;7;5988;yes
8212;B;Road;5;1;251;4;medium;M;10;5931;no
8213;B;Ship;4;5;197;2;low;M;3;4379;yes
8214;B;Ship;3;4;210;3;low;M;10;4398;yes
8215;B;Ship;4;2;234;3;medium;M;4;3261;yes
8216;F;Flight;4;3;167;3;medium;F;1;4621;yes
8217;C;Ship;4;5;165;3;high;M;5;4735;no
8218;C;Flight;3;4;216;3;low;F;3;5149;no
8219;F;Flight;4;4;256;5;low;M;9;1622;yes
8220;B;Ship;3;1;238;2;medium;F;50;3438;yes
8221;D;Ship;3;1;152;3;low;F;3;5839;yes
8222;A;Ship;3;5;143;2;low;F;6;4253;no
8223;F;Ship;4;5;243;4;medium;F;41;2782;yes
8224;C;Ship;4;4;238;3;low;F;7;4709;no
8225;F;Road;3;1;146;10;low;F;5;4032;yes
8226;F;Road;4;1;178;3;medium;F;63;1573;yes
8227;C;Ship;3;4;205;8;medium;F;5;4869;yes
8228;F;Ship;4;3;232;5;medium;F;8;1265;no
8229;F;Ship;4;4;255;6;low;M;5;1708;yes
8230;D;Ship;3;2;220;3;medium;M;8;4148;no
8231;A;Ship;4;2;258;7;medium;M;3;4538;yes
8232;F;Ship;5;1;276;5;medium;M;5;1358;yes
8233;A;Road;3;1;145;4;low;F;58;1751;yes
8234;A;Ship;5;4;242;3;high;F;4;4805;no
8235;F;Ship;5;4;254;6;low;M;4;1850;yes
8236;F;Ship;6;1;275;4;low;F;5;1228;no
8237;C;Ship;4;5;270;2;low;F;34;2821;yes
8238;B;Flight;5;5;148;2;medium;M;4;4812;no
8239;F;Ship;2;3;117;2;medium;M;36;1210;yes
8240;C;Flight;4;3;210;3;low;F;46;2344;yes
8241;C;Road;4;3;192;3;low;F;10;4068;no
8242;F;Road;7;3;274;5;low;F;9;1764;no
8243;F;Ship;4;1;191;3;high;F;6;5335;yes
8244;A;Road;3;2;179;3;medium;M;9;5224;yes
8245;F;Ship;3;2;197;3;medium;F;3;4491;no
8246;C;Ship;4;1;202;3;medium;F;18;3940;yes
8247;F;Road;2;4;239;5;low;F;59;2181;yes
8248;B;Ship;3;1;218;4;low;M;6;5480;yes
8249;B;Ship;3;1;230;2;low;F;1;4970;yes
8250;C;Flight;5;2;214;2;low;F;8;4767;no
8251;A;Ship;6;3;260;5;low;M;8;1324;yes
8252;F;Ship;3;1;243;2;medium;M;10;5460;no
8253;C;Road;4;1;260;3;medium;M;9;5886;yes
8254;F;Ship;6;3;136;3;low;F;10;1826;no
8255;C;Ship;4;5;268;3;low;F;59;2083;yes
8256;F;Ship;3;4;102;3;medium;M;9;4111;no
8257;B;Ship;5;5;221;5;low;F;8;1123;yes
8258;F;Ship;3;4;257;4;low;M;9;4537;no
8259;C;Ship;5;1;252;4;medium;M;4;1837;no
8260;B;Ship;5;4;182;5;medium;F;23;3398;yes
8261;A;Ship;3;1;248;3;medium;M;7;5588;no
8262;A;Ship;3;1;237;2;low;M;9;4626;yes
8263;F;Road;5;2;191;4;low;F;3;5578;no
8264;A;Ship;3;5;165;3;low;M;3;5409;no
8265;D;Ship;4;5;238;3;high;F;55;3257;yes
8266;C;Road;4;2;273;5;low;F;1;5012;no
8267;F;Ship;6;3;244;4;low;F;5;1668;yes
8268;F;Road;4;1;258;3;medium;M;53;2428;yes
8269;D;Ship;5;3;197;2;low;F;12;3400;yes
8270;F;Ship;4;2;146;2;medium;M;4;4348;yes
8271;A;Ship;4;5;102;5;low;F;3;5767;no
8272;A;Flight;4;2;159;5;low;F;4;5547;yes
8273;D;Ship;5;1;154;2;low;M;37;1671;yes
8274;A;Flight;3;1;154;2;low;F;10;5594;yes
8275;B;Road;3;4;211;3;high;M;1;5144;no
8276;A;Flight;4;4;154;6;medium;F;10;4361;yes
8277;F;Ship;5;2;254;5;medium;F;4;1030;no
8278;A;Ship;5;4;160;4;low;F;6;1603;yes
8279;C;Ship;3;1;220;3;medium;F;6;5319;no
8280;F;Ship;4;5;201;3;low;F;10;4530;yes
8281;D;Ship;7;3;310;4;medium;F;7;1989;no
8282;A;Ship;6;1;273;4;low;M;6;1561;no
8283;D;Ship;3;3;227;2;high;M;5;4269;yes
8284;F;Ship;3;4;147;3;low;F;8;5525;no
8285;C;Ship;5;2;233;3;high;M;7;5323;yes
8286;F;Flight;5;4;220;2;medium;M;8;5073;no
8287;A;Ship;2;1;181;5;medium;M;3;1038;no
8288;A;Ship;4;2;231;4;medium;F;6;2512;yes
8289;C;Ship;3;4;196;3;low;F;52;2129;yes
8290;A;Road;6;5;260;4;high;M;10;2756;yes
8291;F;Flight;6;3;254;5;medium;F;7;1615;yes
8292;A;Ship;4;1;193;3;medium;F;9;5354;no
8293;B;Ship;4;4;224;10;medium;F;9;4149;no
8294;A;Road;5;1;242;5;low;M;9;1767;no
8295;F;Road;3;5;286;3;medium;F;12;3817;yes
8296;F;Ship;4;2;208;3;high;M;17;2777;yes
8297;F;Ship;2;4;255;3;low;F;55;1663;yes
8298;C;Ship;3;5;185;2;low;F;36;3501;yes
8299;B;Flight;5;2;223;5;low;F;5;1010;yes
8300;C;Ship;6;2;283;2;low;F;18;3077;yes
8301;D;Flight;2;1;177;4;low;F;5;4358;no
8302;B;Ship;4;3;271;2;medium;M;9;4967;yes
8303;F;Flight;5;3;267;5;low;M;6;1119;yes
8304;F;Ship;6;5;117;7;medium;M;6;5529;yes
8305;C;Road;2;5;263;3;low;F;5;2947;yes
8306;A;Ship;3;4;164;2;low;M;1;4067;yes
8307;C;Ship;4;2;161;2;high;F;8;5654;yes
8308;D;Road;4;3;184;3;medium;F;19;2774;yes
8309;F;Ship;3;5;148;2;medium;F;9;5095;yes
8310;F;Flight;2;3;134;3;low;M;4;5958;no
8311;C;Ship;5;5;222;6;low;F;3;1861;no
8312;F;Flight;5;4;223;3;low;F;40;2074;yes
8313;F;Flight;3;5;125;2;low;F;2;4182;yes
8314;D;Road;3;5;251;3;low;F;21;2476;yes
8315;D;Flight;5;2;132;3;medium;F;4;4475;yes
8316;A;Ship;4;5;220;3;medium;F;1;4912;yes
8317;B;Ship;4;2;240;5;medium;M;7;1711;yes
8318;F;Ship;3;3;238;4;medium;M;57;3537;yes
8319;F;Road;3;2;252;3;medium;M;7;4507;no
8320;F;Flight;5;5;180;2;high;M;5;4585;yes
8321;D;Flight;4;1;194;2;medium;F;1;4198;no
8322;B;Ship;3;4;268;2;medium;M;8;1991;yes
8323;C;Ship;6;3;295;4;low;F;10;1495;no
8324;B;Ship;5;5;235;5;low;M;4;1758;no
8325;F;Ship;4;5;254;3;low;M;1;4377;yes
8326;F;Ship;5;3;266;3;low;M;4;4969;yes
8327;F;Ship;5;3;232;3;medium;M;3;4526;no
8328;F;Ship;3;1;166;3;medium;F;9;4251;no
8329;F;Ship;5;1;245;5;low;F;3;1956;yes
8330;F;Ship;6;5;308;4;low;M;4;1202;no
8331;F;Ship;5;4;149;3;medium;F;44;1811;yes
8332;B;Flight;3;3;223;2;medium;M;30;3622;yes
8333;A;Ship;5;4;157;4;low;M;58;1252;yes
8334;A;Ship;4;2;154;2;medium;F;6;4705;yes
8335;A;Ship;5;5;246;5;medium;M;6;1053;no
8336;C;Road;5;1;206;2;low;M;2;3490;yes
8337;C;Ship;3;2;189;6;low;M;7;4329;no
8338;A;Ship;5;2;249;5;high;F;28;2846;yes
8339;F;Ship;3;2;274;3;medium;F;50;3958;yes
8340;C;Ship;3;1;223;7;high;M;5;4439;yes
8341;D;Ship;4;3;174;3;low;F;5;1502;yes
8342;C;Flight;3;2;274;2;medium;M;5;5161;no
8343;B;Ship;4;3;218;5;medium;F;9;1024;no
8344;D;Ship;4;3;170;6;medium;M;6;4998;no
8345;C;Road;3;4;160;3;low;M;10;4602;no
8346;A;Ship;5;5;156;4;low;F;5;5987;yes
8347;D;Road;5;1;180;3;low;F;2;5013;yes
8348;D;Ship;3;2;198;2;medium;M;8;5889;no
8349;B;Ship;3;4;172;6;medium;F;1;4618;no
8350;D;Ship;3;1;183;3;medium;F;51;3863;yes
8351;C;Ship;4;2;220;5;low;M;33;2854;yes
8352;D;Flight;3;5;217;3;low;M;9;4306;no
8353;B;Ship;6;2;289;5;medium;F;10;1607;yes
8354;F;Ship;6;5;257;4;medium;F;1;1957;yes
8355;A;Ship;3;1;242;5;low;F;3;4026;no
8356;C;Ship;4;2;196;2;low;M;4;5852;no
8357;A;Flight;3;5;255;7;medium;M;8;4091;yes
8358;C;Ship;5;2;260;3;low;M;1;4799;yes
8359;A;Ship;7;1;281;4;low;F;9;1235;no
8360;D;Road;4;3;257;10;medium;F;3;5881;yes
8361;B;Ship;6;2;306;4;low;F;6;1123;no
8362;F;Ship;6;4;230;4;low;M;3;4736;yes
8363;C;Ship;5;4;229;6;low;F;9;1733;no
8364;A;Flight;7;2;307;4;medium;M;2;1073;no
8365;B;Road;4;4;204;3;medium;M;8;5614;no
8366;A;Ship;3;5;190;10;medium;M;32;2931;yes
8367;D;Ship;4;5;271;4;medium;M;9;5057;no
8368;D;Road;4;4;235;4;low;M;50;2020;yes
8369;A;Ship;2;5;231;2;low;F;10;4406;yes
8370;F;Ship;6;5;298;4;low;M;3;1520;no
8371;;Ship;3;3;250;2;medium;F;4;4380;no
8372;F;Ship;5;4;240;4;medium;M;7;4552;yes
8373;F;Flight;2;5;125;4;low;M;5;5866;no
8374;C;Flight;4;1;227;3;;M;54;3043;yes
8375;C;Ship;3;3;160;3;low;M;1;4769;no
8376;A;Ship;7;3;267;4;medium;F;10;1548;no
8377;B;Ship;5;3;163;6;low;M;6;4349;no
8378;B;Ship;4;5;233;4;low;F;6;4705;yes
8379;A;Ship;3;2;206;2;low;F;7;4185;yes
8380;F;Ship;3;2;237;3;medium;F;10;5851;no
8381;A;Flight;6;5;143;5;high;M;9;4060;no
8382;F;Flight;6;4;247;4;low;F;2;1326;no
8383;F;Flight;5;1;237;2;low;F;10;3860;yes
8384;D;Flight;4;3;153;4;low;M;36;1171;yes
8385;F;Road;3;2;235;2;medium;F;9;5116;no
8386;B;Ship;2;3;226;3;medium;M;8;5106;yes
8387;F;Road;3;5;151;2;medium;M;8;4408;yes
8388;F;Ship;4;3;166;4;medium;F;1;4536;no
8389;A;Ship;5;4;265;2;low;F;2;5164;yes
8390;F;Road;4;5;149;2;medium;M;56;1141;yes
8391;F;Ship;3;3;229;2;medium;F;1;5670;no
8392;A;Flight;5;3;208;4;medium;M;10;2419;yes
8393;A;Ship;4;1;261;6;low;F;6;5861;no
8394;D;Ship;4;5;271;4;low;M;6;5078;no
8395;F;Ship;5;4;154;2;low;F;5;5528;no
8396;C;Ship;5;1;187;4;high;M;14;3849;yes
8397;A;Road;5;1;247;10;medium;F;57;2377;yes
8398;F;Flight;4;1;273;2;high;F;10;5832;yes
8399;A;Ship;5;4;182;4;high;M;20;2212;yes
8400;B;Flight;5;5;251;6;medium;M;4;1077;no
8401;A;Road;6;1;258;4;low;M;3;1506;no
8402;C;Road;5;5;203;4;low;M;6;4557;yes
8403;F;Road;5;4;242;5;low;F;10;1365;no
8404;F;Ship;4;1;190;2;medium;F;4;4501;no
8405;A;Road;4;3;152;3;low;M;58;1453;yes
8406;A;Ship;2;2;135;3;low;M;58;1734;yes
8407;A;Ship;5;3;268;3;medium;F;9;4152;yes
8408;D;Flight;3;2;165;3;medium;M;47;1639;yes
8409;B;Ship;4;3;253;4;high;M;4;4868;yes
8410;F;Flight;2;3;226;2;medium;M;2;4566;no
8411;F;Flight;4;5;228;4;low;M;4;4750;no
8412;D;Road;5;3;216;3;medium;F;1;2434;yes
8413;B;Road;4;3;149;4;medium;M;1;4678;no
8414;A;Ship;4;2;267;5;low;M;3;1933;yes
8415;A;Ship;3;4;175;3;low;M;8;4274;yes
8416;C;Ship;5;3;274;3;medium;F;54;2905;yes
8417;F;Road;3;3;249;2;medium;M;53;2323;yes
8418;C;Road;6;1;246;4;medium;M;4;1504;yes
8419;B;Road;7;5;287;4;low;F;8;1748;no
8420;A;Ship;3;4;165;3;high;M;10;4910;no
8421;A;Road;4;4;128;6;medium;F;3;5459;no
8422;A;Ship;6;2;265;3;low;M;3;1904;yes
8423;B;Ship;5;4;268;3;low;F;3;5320;yes
8424;F;Road;3;1;221;2;low;F;7;5320;no
8425;D;Ship;5;2;259;5;low;F;7;1032;no
8426;F;Ship;3;1;139;2;medium;M;3;4226;no
8427;C;Ship;3;5;276;5;low;F;10;5302;yes
8428;F;Flight;3;3;165;3;high;M;35;1459;yes
8429;B;Ship;4;3;213;3;low;M;6;5447;no
8430;B;Ship;3;2;221;3;high;F;7;5477;no
8431;F;Ship;2;3;189;4;low;M;34;3355;yes
8432;F;Road;3;2;185;4;low;F;8;5545;no
8433;C;Ship;3;4;216;3;low;F;41;2042;yes
8434;A;Ship;4;3;223;3;low;F;10;5560;yes
8435;D;Flight;5;4;135;2;low;M;5;5834;no
8436;F;Ship;5;5;228;5;low;F;6;4506;no
8437;D;Ship;4;3;189;3;medium;F;4;5613;yes
8438;D;Road;3;5;263;3;medium;M;4;4081;yes
8439;A;Ship;3;5;166;3;high;F;31;1117;yes
8440;F;Ship;4;4;144;3;low;M;6;4137;yes
8441;F;Ship;6;2;191;5;low;M;1;4314;no
8442;C;Ship;6;3;286;4;low;M;5;1750;yes
8443;F;Flight;5;1;262;3;medium;M;9;5146;no
8444;F;Road;3;1;160;10;medium;F;29;1952;yes
8445;C;Ship;4;3;197;3;low;M;2;4410;no
8446;A;Ship;5;3;235;5;low;M;4;1990;no
8447;F;Ship;3;4;218;3;low;M;22;3818;yes
8448;D;Flight;4;4;132;3;medium;F;5;4613;no
8449;F;Ship;6;4;244;4;low;M;1;1130;yes
8450;F;Ship;4;1;182;2;medium;F;10;5638;no
8451;F;Ship;4;3;189;2;low;F;7;4765;no
8452;D;Ship;3;1;232;3;low;M;9;2958;yes
8453;D;Ship;4;4;257;5;medium;F;9;1869;yes
8454;C;Ship;5;2;248;5;medium;F;1;1845;yes
8455;F;Flight;5;2;271;3;medium;M;32;3785;yes
8456;F;Road;4;1;224;5;low;F;7;5738;no
8457;A;Ship;4;5;157;2;medium;M;6;5937;no
8458;F;Road;2;2;270;4;low;M;6;5585;no
8459;F;Road;5;1;257;3;medium;F;5;4355;no
8460;A;Ship;5;1;254;6;low;M;1;1021;no
8461;C;Road;4;4;266;3;medium;F;2;5413;yes
8462;C;Ship;4;2;191;2;low;M;11;3985;yes
8463;D;Road;6;3;235;3;low;F;7;4829;yes
8464;D;Ship;3;1;190;3;medium;F;2;4312;no
8465;F;Flight;4;4;261;3;medium;M;2;4140;no
8466;D;Ship;4;2;220;3;low;M;3;5020;no
8467;B;Ship;4;4;159;2;low;M;4;4648;yes
8468;D;Ship;3;1;123;5;medium;F;10;4231;no
8469;F;Flight;4;4;279;6;medium;M;5;4898;yes
8470;A;Ship;7;3;310;4;medium;M;8;1860;yes
8471;D;Ship;4;4;260;5;low;F;5;1952;yes
8472;D;Ship;3;5;133;8;medium;F;8;5002;yes
8473;F;Flight;7;5;308;5;medium;M;6;1154;no
8474;B;Flight;5;3;234;3;low;F;6;4632;no
8475;B;Ship;3;1;241;2;low;M;8;5602;yes
8476;D;Ship;3;5;228;4;low;F;7;4068;yes
8477;B;Ship;3;4;219;2;medium;M;7;4883;yes
8478;A;Flight;4;2;148;3;medium;M;2;1805;yes
8479;F;Ship;3;4;179;2;low;F;2;4931;yes
8480;B;Ship;5;5;228;4;low;M;6;4946;yes
8481;A;Flight;7;4;267;4;medium;F;9;1378;yes
8482;C;Road;3;1;242;10;high;M;9;5151;yes
8483;B;Ship;4;3;226;2;low;F;8;4526;no
8484;C;Flight;5;5;103;6;medium;F;2;4860;no
8485;B;Ship;3;2;252;4;low;M;29;2353;yes
8486;A;Ship;4;2;239;4;low;F;10;5528;yes
8487;F;Ship;4;3;104;4;medium;M;3;4548;no
8488;F;Ship;4;1;193;2;high;M;37;3510;yes
8489;C;Ship;4;5;224;10;medium;F;7;4521;yes
8490;C;Ship;6;1;104;4;medium;F;23;1442;yes
8491;F;Ship;3;3;218;3;low;M;19;3770;yes
8492;F;Flight;6;1;201;4;low;F;5;4592;yes
8493;A;Ship;4;3;225;5;medium;F;6;1573;no
8494;C;Ship;2;3;144;4;low;F;10;4075;no
8495;A;Ship;4;4;266;7;medium;F;10;5901;no
8496;F;Road;5;1;268;3;medium;F;5;5663;no
8497;D;Ship;7;1;300;4;medium;F;10;1148;yes
8498;F;Road;5;2;208;3;medium;M;8;3442;yes
8499;B;Ship;4;4;146;3;low;M;3;5225;yes
8500;A;Ship;7;3;296;4;medium;F;2;1304;yes
8501;B;Ship;3;5;274;3;low;F;3;5156;no
8502;F;Road;4;4;164;4;medium;F;1;4365;yes
8503;A;Ship;5;5;259;6;low;M;5;1382;yes
8504;A;Ship;3;2;198;2;low;M;9;4250;yes
8505;A;Ship;3;5;204;3;low;F;45;2513;yes
8506;F;Road;3;3;176;2;low;F;58;1730;yes
8507;B;Flight;5;3;267;4;medium;F;1;4837;yes
8508;F;Road;5;3;280;3;high;M;2;5273;no
8509;D;Ship;6;3;224;6;high;M;8;5661;no
8510;C;Ship;4;2;174;2;low;F;8;4295;no
8511;C;Road;3;4;195;2;medium;F;32;3719;yes
8512;A;Ship;3;1;235;3;low;F;9;5735;no
8513;C;Ship;5;2;253;5;medium;M;6;1326;no
8514;F;Ship;6;3;202;4;medium;F;6;4249;no
8515;F;Road;6;4;272;2;low;M;7;4145;no
8516;B;Road;2;2;148;3;high;F;35;1349;yes
8517;C;Ship;6;3;256;5;low;F;1;1980;no
8518;C;Ship;4;2;187;4;medium;M;37;2200;yes
8519;F;Road;5;4;172;4;medium;F;10;4659;yes
8520;F;Ship;3;2;244;3;high;F;5;5781;yes
8521;D;Road;4;2;266;3;high;M;5;4831;yes
8522;D;Ship;3;5;211;3;medium;M;5;4058;yes
8523;C;Ship;5;4;177;4;medium;M;48;1920;yes
8524;C;Ship;3;1;244;3;high;M;7;5140;yes
8525;D;Ship;3;2;278;4;medium;M;7;1879;no
8526;C;Ship;5;5;250;2;medium;M;10;5475;yes
8527;F;Ship;5;4;157;7;medium;M;3;4723;no
8528;F;Ship;4;2;142;2;low;M;6;5326;no
8529;A;Ship;7;3;296;4;medium;M;8;1826;yes
8530;A;Ship;3;2;204;2;high;M;7;5961;no
8531;D;Ship;4;1;265;2;medium;M;18;3327;yes
8532;F;Ship;5;4;137;2;low;F;2;4077;yes
8533;C;Ship;3;1;164;3;medium;F;9;1803;yes
8534;F;Ship;5;2;186;3;medium;F;15;2153;yes
8535;B;Ship;4;3;208;2;medium;F;4;4767;yes
8536;C;Ship;4;5;151;4;medium;M;3;5470;no
8537;A;Ship;5;2;236;3;low;F;51;3402;yes
8538;C;Ship;3;5;194;4;low;M;1;5534;no
8539;B;Ship;3;2;158;2;medium;F;8;5907;no
8540;F;Ship;4;3;242;2;low;M;9;4876;no
8541;F;Road;3;2;231;3;low;F;56;2714;yes
8542;F;Ship;5;4;139;2;medium;F;2;4217;yes
8543;F;Ship;4;4;218;2;medium;M;3;5039;no
8544;F;Ship;3;4;217;3;low;F;5;4883;yes
8545;F;Flight;6;4;155;5;medium;F;8;5982;no
8546;F;Ship;4;2;231;5;low;M;7;4718;no
8547;F;Flight;5;2;143;4;low;F;10;5400;no
8548;B;Ship;3;5;208;3;low;F;41;3977;yes
8549;B;Ship;3;1;175;3;medium;F;9;5797;no
8550;F;Ship;4;2;271;3;medium;F;4;4186;yes
8551;F;Ship;6;1;284;4;low;F;7;1153;no
8552;D;Ship;3;1;132;2;medium;F;16;1731;yes
8553;D;Ship;5;3;224;2;medium;M;52;3824;yes
8554;F;Ship;4;1;264;2;low;F;3;5258;no
8555;C;Ship;3;1;249;2;low;F;2;5572;yes
8556;A;Ship;2;3;204;4;low;F;20;3135;yes
8557;A;Ship;2;3;274;4;medium;F;10;4798;yes
8558;A;Ship;6;5;290;4;medium;M;2;1867;yes
8559;F;Ship;2;2;160;6;medium;F;9;4972;yes
8560;F;Ship;2;5;235;3;high;F;10;5775;yes
8561;F;Ship;5;1;172;2;high;F;7;5165;no
8562;F;Ship;3;1;219;2;low;F;39;2696;yes
8563;A;Ship;4;4;140;4;medium;F;46;1442;yes
8564;C;Ship;3;5;198;4;low;F;10;4829;no
8565;C;Ship;6;4;298;4;medium;M;9;1629;no
8566;C;Ship;3;1;180;2;high;M;10;4200;no
8567;C;Ship;4;3;237;6;low;M;8;5588;no
8568;F;Flight;5;1;162;3;medium;F;1;5537;no
8569;B;Ship;5;1;162;3;medium;M;31;1435;yes
8570;F;Ship;4;2;192;4;medium;F;2;5503;no
8571;B;Ship;5;3;197;4;low;F;6;4184;no
8572;B;Ship;5;2;160;4;medium;M;43;1479;yes
8573;F;Ship;5;2;160;3;medium;M;44;1054;yes
8574;D;Flight;3;2;209;5;medium;F;12;3054;yes
8575;F;Road;4;4;179;3;medium;M;5;4061;yes
8576;F;Ship;3;5;221;2;low;F;6;5289;no
8577;B;Ship;3;4;156;2;medium;F;10;5107;yes
8578;C;Ship;3;2;204;4;medium;M;7;4768;no
8579;A;Road;6;1;283;5;low;F;10;1304;yes
8580;F;Ship;4;2;186;7;medium;F;40;3111;yes
8581;F;Ship;6;5;215;4;medium;M;5;5409;yes
8582;C;Road;7;1;282;4;low;F;2;1566;no
8583;F;Road;3;2;140;3;low;F;42;1465;yes
8584;F;Ship;4;4;270;2;medium;F;6;5221;no
8585;F;Ship;4;4;221;4;low;F;2;5595;yes
8586;B;Ship;4;2;263;3;low;F;7;5395;yes
8587;D;Ship;6;3;205;3;low;M;10;4996;no
8588;C;Ship;4;1;253;5;low;F;2;1362;no
8589;D;Ship;3;5;137;4;high;F;62;1477;yes
8590;A;Road;6;3;247;4;medium;F;9;1011;no
8591;F;Ship;3;1;146;3;medium;M;16;1714;yes
8592;F;Flight;4;5;193;3;medium;M;65;2267;yes
8593;B;Flight;4;5;142;3;medium;M;2;5692;no
8594;D;Ship;5;4;153;6;medium;M;35;1082;yes
8595;F;Ship;5;2;257;3;low;F;2;4677;yes
8596;F;Flight;3;4;212;2;low;M;7;4742;no
8597;F;Ship;4;4;269;4;medium;F;3;5032;yes
8598;D;Ship;4;2;161;4;low;F;10;5322;no
8599;F;Ship;5;4;141;4;high;F;5;5444;yes
8600;A;Ship;6;3;252;2;low;M;6;1470;yes
8601;A;Ship;6;3;271;4;medium;F;1;1733;no
8602;D;Road;3;1;178;4;medium;M;9;4298;no
8603;F;Ship;6;1;155;5;medium;F;8;4882;no
8604;F;Ship;3;1;275;2;high;F;1;2597;yes
8605;D;Ship;4;4;202;3;low;F;3;5524;yes
8606;F;Ship;5;3;173;3;low;M;5;5395;no
8607;D;Flight;5;5;232;6;low;M;2;1550;yes
8608;F;Road;3;3;203;2;low;M;25;3607;yes
8609;B;Ship;4;3;123;4;medium;M;6;4166;no
8610;D;Flight;6;1;290;4;medium;M;6;1505;yes
8611;D;Ship;3;5;244;3;low;F;8;3154;yes
8612;D;Ship;2;1;219;4;low;M;7;5573;yes
8613;F;Ship;3;1;231;2;low;F;12;2123;yes
8614;A;Ship;4;1;200;4;medium;M;3;5837;no
8615;C;Ship;5;4;245;3;high;M;4;4298;no
8616;F;Ship;4;4;145;2;medium;M;9;5070;no
8617;D;Flight;3;1;184;5;medium;F;58;2544;yes
8618;B;Ship;3;1;171;3;medium;M;28;1075;yes
8619;F;Flight;3;5;186;2;low;F;39;2197;yes
8620;F;Flight;5;2;165;2;medium;F;6;4819;yes
8621;F;Ship;3;3;198;2;low;M;7;4996;yes
8622;F;Ship;5;4;263;5;low;M;5;1181;no
8623;A;Ship;6;4;121;5;low;M;23;1734;yes
8624;D;Ship;3;5;198;2;medium;F;62;3015;yes
8625;F;Flight;4;5;143;2;low;M;1;5836;no
8626;F;Ship;3;5;149;3;low;F;7;4357;no
8627;C;Ship;6;2;257;4;medium;M;1;1513;no
8628;A;Ship;5;5;221;2;medium;M;10;4255;yes
8629;C;Ship;5;5;260;2;medium;F;55;2791;yes
8630;D;Ship;4;3;150;2;low;M;51;1491;yes
8631;F;Road;5;3;261;5;medium;M;10;1434;yes
8632;A;Ship;5;;203;2;high;F;2;4190;yes
8633;D;Ship;3;5;202;2;medium;M;3;5746;yes
8634;B;Ship;2;1;228;2;low;F;2;5435;no
8635;F;Ship;5;1;237;4;low;M;33;2605;yes
8636;D;Road;5;5;235;5;medium;F;10;1393;no
8637;A;Ship;4;2;174;3;medium;F;10;4318;no
8638;A;Ship;3;5;140;3;low;M;9;4733;no
8639;D;Road;5;2;236;2;low;M;24;3679;yes
8640;D;Flight;4;2;164;2;medium;F;43;1976;yes
8641;F;Ship;5;1;255;6;low;F;3;1014;no
8642;F;Road;3;3;183;3;low;F;45;2181;yes
8643;D;Ship;3;1;263;3;medium;M;6;2715;yes
8644;C;Ship;4;3;159;5;low;M;4;4666;yes
8645;F;Ship;3;2;132;4;medium;F;3;4512;no
8646;F;Ship;4;4;139;3;medium;M;2;5135;no
8647;F;Ship;3;1;183;2;medium;F;10;4598;no
8648;D;Ship;3;2;226;3;low;M;11;3708;yes
8649;D;Ship;4;4;218;2;low;M;4;4104;yes
8650;F;Flight;5;3;177;4;medium;M;60;1159;yes
8651;F;Road;4;5;216;3;medium;F;7;5891;no
8652;F;Ship;3;2;229;7;high;M;3;5584;no
8653;C;Ship;5;3;220;6;medium;F;6;1830;yes
8654;C;Flight;3;1;223;3;medium;F;4;4495;yes
8655;C;Ship;4;2;204;8;low;F;1;4038;yes
8656;C;Ship;5;2;254;6;low;M;5;1885;no
8657;D;Ship;4;1;211;3;high;M;5;5757;yes
8658;F;Ship;3;3;179;3;low;F;9;4459;yes
8659;C;Ship;6;1;264;4;low;M;10;1960;no
8660;B;Road;6;4;256;4;medium;F;9;1791;no
8661;A;Ship;4;2;201;3;medium;F;4;4613;no
8662;F;Ship;4;5;156;3;low;F;33;1836;yes
8663;C;Road;5;1;271;4;low;F;4;2718;yes
8664;D;Ship;6;2;269;4;low;M;6;1073;no
8665;D;Ship;5;4;270;3;medium;M;9;4992;yes
8666;F;Road;4;5;252;2;high;F;6;4147;yes
8667;F;Flight;3;5;130;5;low;F;27;1891;yes
8668;B;Ship;4;4;248;3;low;F;1;5198;no
8669;F;Ship;6;5;261;5;low;M;1;5442;no
8670;F;Road;3;2;158;3;medium;M;4;5335;no
8671;A;Road;3;4;162;5;low;F;1;4240;yes
8672;F;Ship;3;4;187;3;low;F;9;4725;yes
8673;B;Ship;4;5;229;2;medium;F;1;4869;no
8674;B;Ship;3;3;209;3;medium;F;5;5831;no
8675;D;Ship;3;4;268;2;medium;F;4;1442;yes
8676;A;Ship;3;3;261;4;low;F;9;4529;yes
8677;F;Ship;6;5;275;5;medium;M;51;3569;yes
8678;D;Road;4;3;217;2;medium;F;2;5442;no
8679;C;Road;6;5;148;4;low;M;1;5216;yes
8680;A;Ship;6;3;247;4;medium;M;3;1903;no
8681;F;Ship;3;5;234;2;high;M;4;2701;yes
8682;A;Ship;3;3;232;4;low;F;4;4662;yes
8683;F;Road;6;1;256;4;low;F;7;1372;yes
8684;F;Flight;3;4;254;2;high;M;56;3266;yes
8685;B;Ship;6;3;304;5;medium;F;10;1254;yes
8686;D;Ship;5;5;240;2;low;F;2;5655;no
8687;D;Road;4;4;233;5;low;F;10;1173;yes
8688;D;Flight;4;5;223;3;medium;M;7;5832;yes
8689;F;Flight;3;1;265;3;medium;M;11;2194;yes
8690;C;Ship;4;4;186;3;low;F;8;4969;yes
8691;D;Road;5;3;271;5;high;M;9;1813;yes
8692;A;Ship;4;2;183;4;low;M;15;3632;yes
8693;C;Ship;5;3;162;4;low;F;6;1968;no
8694;F;Road;4;4;214;3;medium;F;1;4717;no
8695;D;Road;4;5;219;2;medium;F;28;2164;yes
8696;B;Ship;3;4;267;3;low;F;3;4566;no
8697;A;Road;6;3;233;3;medium;F;9;4293;yes
8698;D;Ship;3;1;151;4;medium;M;2;5016;no
8699;D;Flight;3;2;152;4;medium;F;7;5943;yes
8700;F;Road;6;4;136;3;low;M;2;1187;no
8701;C;Ship;3;1;137;5;low;F;8;4980;yes
8702;C;Ship;3;4;255;3;medium;F;10;5291;yes
8703;B;Flight;4;2;233;4;low;M;7;1861;no
8704;A;Ship;5;4;255;6;low;M;4;1255;yes
8705;A;Ship;4;3;163;8;medium;F;6;5739;no
8706;D;Ship;4;1;189;3;medium;M;5;4496;yes
8707;F;Ship;5;1;183;3;medium;F;8;4531;no
8708;F;Flight;5;4;259;5;low;M;10;1177;no
8709;A;Ship;5;3;181;4;medium;F;32;3893;yes
8710;A;Road;5;1;179;3;low;F;62;1945;yes
8711;B;Road;3;1;267;2;low;F;9;5744;no
8712;B;Road;3;2;271;2;medium;M;6;5280;yes
8713;F;Ship;4;5;162;2;medium;F;57;1715;yes
8714;F;Ship;5;1;265;3;high;M;5;4951;yes
8715;C;Flight;4;5;210;2;medium;M;5;5683;no
8716;D;Ship;2;1;165;4;low;F;57;1881;yes
8717;A;Flight;5;2;260;2;medium;M;23;3962;yes
8718;B;Ship;6;2;168;2;low;M;3;5853;no
8719;F;Flight;3;2;215;4;low;F;3;4042;no
8720;B;Road;4;5;257;5;medium;M;6;1008;no
8721;F;Flight;3;5;208;3;low;M;1;4803;no
8722;F;Ship;6;2;268;4;low;F;7;1274;no
8723;F;Road;4;4;269;5;medium;F;2;1473;no
8724;D;Ship;5;3;163;3;medium;M;9;4419;yes
8725;F;Road;3;1;215;6;high;M;42;3715;yes
8726;F;Road;3;2;134;2;medium;F;45;1946;yes
8727;A;Flight;6;3;283;5;medium;M;10;1483;no
8728;F;Ship;3;4;263;3;low;M;42;2992;yes
8729;F;Ship;4;2;247;5;medium;F;17;3630;yes
8730;C;Road;3;3;155;3;medium;M;5;4957;yes
8731;B;Road;5;5;237;3;medium;M;5;4285;yes
8732;B;Road;4;1;215;3;low;M;9;4551;no
8733;C;Ship;3;2;180;4;medium;M;55;1165;yes
8734;D;Road;4;3;260;5;low;F;8;1756;no
8735;F;Ship;3;4;145;3;medium;M;44;1218;yes
8736;C;Ship;5;5;198;3;low;F;5;4754;yes
8737;F;Ship;4;5;239;3;medium;M;1;5482;yes
8738;F;Ship;6;5;310;4;medium;M;1;1105;yes
8739;F;Ship;6;3;248;4;low;F;6;1997;yes
8740;F;Ship;5;3;198;4;high;M;65;3407;yes
8741;A;Ship;3;3;234;3;low;F;8;4839;yes
8742;D;Ship;5;1;143;3;medium;F;3;4907;yes
8743;C;Road;5;1;163;3;low;M;4;4200;no
8744;F;Flight;4;2;266;5;medium;M;3;4578;no
8745;C;Road;3;5;244;2;medium;M;8;5715;yes
8746;F;Ship;7;4;247;4;low;F;9;1228;no
8747;F;Ship;3;4;162;2;medium;F;8;4972;no
8748;D;Ship;6;3;121;3;medium;F;10;5208;no
8749;F;Ship;4;1;234;5;low;M;3;1134;no
8750;F;Ship;5;5;260;2;low;F;23;3065;yes
8751;D;Flight;4;5;275;5;medium;F;8;1093;yes
8752;F;Ship;6;4;286;4;medium;F;1;1539;yes
8753;F;Ship;5;3;218;3;medium;F;4;4198;yes
8754;F;Ship;4;4;243;5;medium;M;10;4356;no
8755;F;Ship;5;4;143;2;low;M;1;5872;yes
8756;A;Flight;3;5;151;3;low;F;1;4088;no
8757;A;Ship;5;4;156;4;low;M;1;5533;yes
8758;C;Ship;2;2;135;3;low;M;15;1339;yes
8759;A;Ship;3;4;195;10;low;M;5;5950;yes
8760;C;Ship;4;5;260;2;medium;M;2;5368;no
8761;F;Flight;3;5;207;4;low;M;10;4092;yes
8762;F;Flight;3;2;270;4;high;M;29;3768;yes
8763;C;Ship;5;1;262;2;medium;M;4;5761;no
8764;A;Road;3;4;167;3;low;M;14;1420;yes
8765;A;Ship;6;2;309;4;medium;F;8;1289;yes
8766;A;Ship;4;3;248;6;medium;M;5;4212;no
8767;C;Ship;5;5;249;3;low;M;1;4274;no
8768;F;Flight;5;2;128;5;medium;F;45;1707;yes
8769;C;Road;3;2;156;2;medium;M;10;4276;no
8770;B;Ship;4;4;273;2;medium;M;6;5676;yes
8771;A;Ship;4;1;256;3;low;M;6;5818;no
8772;A;Ship;5;2;248;8;low;F;10;4583;no
8773;C;Flight;3;5;121;3;low;F;10;1701;yes
8774;F;Flight;5;2;254;5;medium;F;2;5655;yes
8775;F;Ship;6;5;266;4;low;F;6;1201;no
8776;A;Road;3;1;195;5;low;F;4;4034;no
8777;D;Ship;4;3;143;2;medium;F;64;1910;yes
8778;D;Road;4;2;237;3;low;M;1;5114;no
8779;B;Road;4;5;213;3;medium;F;7;4114;no
8780;D;Ship;6;5;286;4;low;M;9;1282;yes
8781;B;Ship;2;5;201;3;medium;F;29;3894;yes
8782;D;Ship;5;4;217;5;low;F;5;1360;yes
8783;F;Road;5;4;244;5;medium;F;1;1320;no
8784;C;Ship;3;5;265;4;low;F;8;5087;yes
8785;C;Flight;4;4;141;3;low;M;7;4683;no
8786;F;Ship;6;2;293;5;medium;F;4;1281;no
8787;F;Ship;2;2;156;3;low;F;5;4151;yes
8788;C;Ship;5;2;263;4;low;M;3;1740;yes
8789;C;Road;4;4;248;4;low;F;49;2322;yes
8790;C;Ship;4;2;204;3;medium;F;3;4001;no
8791;A;Ship;3;1;199;3;medium;F;8;5557;yes
8792;B;Ship;2;4;151;4;low;F;2;1150;no
8793;F;Ship;5;5;265;3;medium;M;46;3997;yes
8794;C;Road;4;5;196;2;low;M;51;3151;yes
8795;F;Ship;3;2;251;2;low;F;5;3443;yes
8796;A;Road;4;3;152;2;medium;M;18;1537;yes
8797;C;Ship;6;5;178;3;low;F;5;4096;no
8798;F;Ship;3;2;202;3;low;M;49;2881;yes
8799;A;Ship;5;1;137;2;low;M;52;1012;yes
8800;C;Flight;4;5;210;4;medium;F;28;3905;yes
8801;F;Ship;3;1;215;6;high;M;5;3432;yes
8802;A;Ship;2;5;212;2;high;F;3;4389;no
8803;A;Ship;4;5;217;4;medium;F;12;2217;yes
8804;F;Flight;2;2;225;7;high;M;9;4947;yes
8805;F;Ship;6;5;273;5;medium;M;10;5756;yes
8806;F;Flight;4;1;247;3;low;F;9;2414;yes
8807;B;Ship;7;1;250;5;medium;M;8;1776;no
8808;F;Ship;4;4;217;5;medium;F;4;1503;no
8809;F;Flight;3;5;220;4;low;M;2;4313;no
8810;C;Ship;3;4;134;2;medium;M;43;1198;yes
8811;C;Ship;3;5;217;2;medium;F;6;5182;no
8812;D;Road;3;4;150;3;low;F;5;4950;no
8813;D;Flight;3;4;250;3;low;F;3;2371;yes
8814;D;Ship;5;1;150;4;low;F;1;5098;no
8815;C;Road;3;3;149;3;low;F;63;1196;yes
8816;F;Flight;3;5;179;3;low;M;2;4913;no
8817;D;Ship;6;3;304;4;low;M;5;1215;yes
8818;A;Ship;2;2;157;2;medium;M;9;5875;no
8819;A;Road;6;5;308;4;low;M;8;1569;yes
8820;D;Flight;4;1;261;4;medium;F;7;5600;yes
8821;C;Road;4;4;206;2;high;M;8;4093;yes
8822;C;Ship;3;1;173;3;low;F;3;4453;yes
8823;B;Ship;2;5;140;4;high;F;2;4636;yes
8824;C;Ship;4;1;258;3;medium;M;10;5916;no
8825;F;Ship;3;2;169;2;high;M;30;1698;yes
8826;B;Ship;5;4;186;10;low;F;24;3621;yes
8827;D;Ship;3;2;153;3;medium;F;3;5251;no
8828;C;Ship;6;2;261;4;medium;M;8;1891;no
8829;B;Ship;3;3;186;3;medium;M;49;2356;yes
8830;F;Ship;4;2;233;4;high;F;1;4316;no
8831;F;Ship;3;1;250;3;low;F;8;3617;yes
8832;D;Flight;3;1;213;10;medium;M;9;4862;no
8833;F;Ship;3;3;135;3;low;M;8;1074;yes
8834;F;Ship;7;3;267;4;medium;M;8;1892;yes
8835;F;Ship;2;2;158;3;low;M;28;1968;yes
8836;B;Ship;4;3;224;3;medium;F;6;5054;yes
8837;A;Ship;4;1;151;5;high;M;28;1148;yes
8838;D;Ship;4;1;158;3;medium;M;5;;no
8839;A;Ship;4;2;142;2;medium;F;5;4062;no
8840;A;Ship;4;4;184;3;medium;F;9;4500;no
8841;B;Ship;4;2;264;5;medium;F;6;1736;yes
8842;F;Ship;4;1;261;4;medium;F;10;4632;no
8843;F;Ship;3;3;162;2;low;F;26;1659;yes
8844;C;Ship;4;2;177;6;low;F;3;4392;yes
8845;A;Ship;3;1;194;4;low;F;8;4308;no
8846;A;Ship;6;1;271;4;low;F;9;1302;no
8847;A;Flight;5;2;233;3;medium;F;10;4233;yes
8848;C;Ship;3;3;257;3;low;M;64;3103;yes
8849;F;Flight;4;1;233;2;low;F;48;2804;yes
8850;C;Ship;3;5;181;3;medium;M;22;3575;yes
8851;C;Ship;7;3;272;4;medium;M;2;1754;no
8852;F;Ship;3;1;201;3;medium;F;8;4315;no
8853;B;Road;3;2;227;2;low;M;10;5401;no
8854;F;Ship;3;1;233;3;low;F;7;4874;no
8855;B;Ship;5;1;234;2;low;M;12;2372;yes
8856;C;Ship;5;4;178;6;medium;M;10;5197;no
8857;F;Ship;3;2;180;2;medium;F;4;4758;yes
8858;F;Ship;4;4;272;3;low;M;9;5458;no
8859;F;Ship;5;3;256;5;medium;M;5;1080;yes
8860;A;Road;6;2;269;6;medium;M;4;4423;no
8861;F;Ship;4;3;164;4;medium;M;1;4257;no
8862;F;Ship;4;2;248;3;low;M;2;5028;yes
8863;D;Road;5;3;111;4;medium;F;8;4575;no
8864;D;Road;4;1;241;3;low;M;4;4493;yes
8865;C;Ship;5;3;262;5;low;F;8;1493;yes
8866;D;Road;4;1;204;8;low;F;7;5359;no
8867;C;Ship;5;2;191;2;high;F;6;2059;yes
8868;F;Ship;3;4;285;3;low;M;9;4768;yes
8869;D;Ship;3;4;265;3;medium;F;7;5113;no
8870;C;Ship;4;2;175;6;low;F;5;5445;yes
8871;F;Flight;4;3;143;2;high;M;39;1727;yes
8872;A;Ship;4;4;175;2;medium;F;7;1188;yes
8873;F;Ship;3;5;206;3;low;F;6;4620;yes
8874;C;Ship;5;4;252;5;low;F;10;1015;yes
8875;F;Flight;3;4;238;2;low;M;5;4349;yes
8876;F;Ship;3;2;159;2;medium;F;3;4876;no
8877;B;Road;3;1;242;4;low;M;10;4809;yes
8878;C;Ship;3;5;218;2;medium;F;6;4072;no
8879;F;Ship;2;1;222;2;medium;M;5;3778;yes
8880;C;Ship;3;5;171;3;medium;F;24;1300;yes
8881;A;Ship;5;5;264;8;high;F;10;5759;yes
8882;A;Ship;4;4;163;2;low;F;9;4720;no
8883;C;Ship;4;3;217;3;medium;F;7;4723;yes
8884;D;Ship;4;3;133;2;low;M;9;4145;no
8885;F;Ship;3;3;240;3;low;F;4;5056;yes
8886;C;Flight;3;5;208;4;medium;M;12;3181;yes
8887;F;Ship;3;5;242;5;medium;F;61;3688;yes
8888;C;Flight;3;1;185;2;medium;F;9;4316;no
8889;B;Ship;3;4;160;2;medium;M;32;1085;yes
8890;F;Road;3;1;257;2;low;M;6;4897;yes
8891;F;Flight;5;4;165;3;low;F;20;1150;yes
8892;F;Ship;4;3;273;10;medium;M;6;4251;yes
8893;A;Road;6;1;192;6;medium;M;7;4014;yes
8894;F;Ship;6;5;244;4;medium;F;2;1980;no
8895;A;Ship;4;4;280;5;low;F;3;5034;no
8896;F;Ship;3;4;168;2;medium;M;9;5235;yes
8897;D;Ship;5;5;264;6;high;M;8;4644;yes
8898;F;Flight;4;5;173;3;medium;F;8;4040;yes
8899;C;Road;6;2;308;5;medium;F;6;1118;no
8900;F;Ship;5;1;193;2;low;M;8;5184;no
8901;F;Ship;6;5;275;4;low;M;8;1553;yes
8902;A;Flight;3;5;151;3;low;M;3;1273;yes
8903;D;Ship;3;1;152;2;medium;F;2;4136;no
8904;A;Ship;3;4;250;6;medium;M;1;4543;yes
8905;F;Ship;2;3;134;3;low;M;6;4444;yes
8906;F;Ship;3;2;151;2;medium;M;1;5179;no
8907;F;Ship;3;1;207;3;medium;F;56;3482;yes
8908;D;Road;4;4;209;3;medium;F;52;2740;yes
8909;C;Ship;3;2;212;3;medium;M;10;4117;no
8910;A;Ship;3;1;187;5;low;F;6;4698;no
8911;F;Ship;3;2;178;2;low;M;32;1329;yes
8912;F;Flight;5;2;152;4;medium;M;6;5596;no
8913;F;Ship;5;1;226;5;medium;M;3;1409;no
8914;C;Road;4;1;213;5;low;M;10;5492;no
8915;C;Road;5;1;258;6;low;F;7;4344;no
8916;C;Ship;5;3;169;4;medium;F;37;1290;yes
8917;C;Ship;3;4;164;3;high;F;55;1293;yes
8918;C;Flight;4;5;217;4;medium;F;3;5966;no
8919;A;Ship;6;1;238;6;low;F;13;2442;yes
8920;D;Flight;4;5;230;2;low;F;38;2890;yes
8921;A;Ship;5;5;238;6;low;F;3;1965;yes
8922;B;Ship;4;5;155;3;low;F;10;5315;yes
8923;C;Ship;3;3;268;2;high;F;5;5195;no
8924;B;Ship;3;3;179;2;low;F;60;1808;yes
8925;D;Road;3;4;130;2;medium;F;42;1213;yes
8926;F;Ship;3;5;187;2;medium;F;50;2598;yes
8927;F;Ship;6;2;247;4;low;M;10;1556;no
8928;F;Ship;4;4;242;6;low;F;9;1192;yes
8929;A;Road;4;5;180;4;high;F;10;5176;yes
8930;C;Ship;3;4;245;3;medium;F;7;5429;no
8931;B;Ship;4;3;268;2;low;F;4;5280;yes
8932;C;Ship;5;4;178;7;medium;M;52;1824;yes
8933;A;Ship;3;4;178;2;low;F;35;1183;yes
8934;B;Road;4;3;137;3;medium;M;46;1299;yes
8935;A;Ship;3;3;193;3;medium;M;11;3188;yes
8936;C;Ship;4;4;209;3;high;F;5;5979;no
8937;D;Road;6;4;116;3;low;M;6;4649;no
8938;B;Ship;5;2;225;5;low;M;5;1015;no
8939;A;Road;5;3;263;3;medium;F;2;4688;no
8940;A;Road;6;3;223;2;medium;M;7;5007;no
8941;F;Ship;4;2;253;5;low;F;3;1086;yes
8942;D;Ship;2;3;188;2;high;M;25;2033;yes
8943;A;Ship;4;1;146;8;low;M;7;4576;no
8944;F;Flight;3;1;250;3;medium;F;8;5509;no
8945;D;Road;5;5;160;3;medium;M;55;1911;yes
8946;F;Flight;6;1;261;4;medium;M;10;1290;yes
8947;B;Ship;3;2;198;3;low;M;15;3250;yes
8948;D;Ship;5;1;249;3;low;F;8;5940;no
8949;A;Flight;5;5;230;3;low;F;32;3249;yes
8950;D;Ship;3;5;241;3;medium;M;48;2841;yes
8951;D;Ship;3;1;131;6;medium;M;8;5352;no
8952;A;Ship;3;4;263;3;medium;F;2;5741;yes
8953;F;Ship;3;5;115;;low;M;10;4200;no
8954;F;Ship;3;4;186;2;medium;F;9;5841;no
8955;B;Flight;4;2;238;3;low;M;30;3423;yes
8956;B;Ship;4;3;251;3;medium;F;46;2632;yes
8957;C;Ship;4;5;133;3;low;F;53;1467;yes
8958;C;Flight;4;2;142;3;medium;F;6;4918;no
8959;A;Ship;3;5;135;3;low;M;20;1772;yes
8960;F;Ship;4;2;170;6;medium;M;10;4891;no
8961;D;Ship;4;2;182;3;low;M;58;3943;yes
8962;F;Ship;5;5;275;3;medium;M;9;4287;yes
8963;A;Ship;5;1;158;2;low;M;4;5736;yes
8964;D;Ship;4;1;261;3;low;F;10;5943;no
8965;A;Ship;5;1;213;2;high;F;10;5607;yes
8966;A;Flight;5;5;233;6;medium;F;4;1924;yes
8967;A;Ship;4;3;247;4;low;M;16;2362;yes
8968;D;Flight;4;4;220;2;medium;F;7;2551;yes
8969;B;Flight;4;5;192;4;low;F;10;4691;no
8970;F;Ship;4;3;225;5;low;F;10;1310;no
8971;B;Road;4;5;244;4;medium;F;2;5365;yes
8972;D;Ship;5;1;267;4;low;M;5;4440;yes
8973;D;Road;6;3;113;2;medium;F;4;5130;yes
8974;A;Ship;3;5;204;2;low;F;1;4025;yes
8975;A;Ship;6;5;282;4;medium;F;4;1013;no
8976;F;Ship;4;3;205;3;medium;F;44;2291;yes
8977;F;Ship;5;1;224;2;low;F;14;2959;yes
8978;A;Road;5;1;177;2;medium;M;9;4881;no
8979;F;Ship;3;5;139;2;low;F;6;5181;no
8980;A;Ship;3;2;245;4;medium;M;60;2178;yes
8981;D;Ship;4;1;240;2;low;M;14;2437;yes
8982;B;Ship;2;3;140;3;low;F;2;4691;no
8983;F;Ship;4;5;163;3;high;M;4;5863;no
8984;D;Ship;7;2;296;4;low;F;6;1005;yes
8985;F;Ship;2;2;259;3;low;M;6;4840;yes
8986;A;Flight;5;2;264;8;high;M;2;5252;yes
8987;B;Ship;5;2;174;2;medium;M;54;1091;yes
8988;D;Ship;3;4;190;7;medium;F;51;2391;yes
8989;D;Road;4;4;189;2;low;M;5;4553;no
8990;D;Ship;4;5;252;3;low;M;16;2332;yes
8991;B;Ship;3;5;185;4;low;M;9;5704;no
8992;F;Flight;4;1;157;3;medium;M;31;1712;yes
8993;B;Ship;2;3;176;3;low;F;6;5006;no
8994;C;Road;3;3;150;4;medium;F;1;4662;no
8995;B;Ship;6;5;165;6;low;F;6;1529;yes
8996;F;Road;5;2;249;6;low;M;8;1170;yes
8997;C;Ship;4;3;244;2;low;M;10;4486;yes
8998;B;Ship;3;3;273;3;medium;F;6;5269;yes
8999;F;Ship;4;2;136;4;low;F;3;4190;no
9000;C;Road;4;2;262;3;low;F;9;4941;no
9001;B;Ship;3;2;207;3;medium;F;1;4369;no
9002;F;Ship;3;3;224;3;medium;F;5;4214;yes
9003;B;Ship;6;1;189;3;medium;F;9;5316;no
9004;B;Ship;5;4;260;5;low;M;5;1370;no
9005;F;Ship;5;4;219;5;low;M;5;1388;yes
9006;B;Ship;3;3;275;3;medium;M;7;4968;no
9007;C;Road;6;3;246;4;medium;F;8;1741;no
9008;B;Ship;5;4;191;3;high;F;7;4435;yes
9009;F;Flight;3;1;135;3;low;M;9;4511;no
9010;C;Road;3;4;232;5;medium;M;7;5653;yes
9011;A;Flight;5;1;199;10;medium;F;8;4140;no
9012;F;Road;5;4;165;2;high;M;46;1482;yes
9013;F;Ship;4;3;220;3;medium;M;8;3342;yes
9014;F;Road;5;5;158;3;medium;M;7;5559;yes
9015;F;Ship;4;4;301;5;low;M;6;1931;no
9016;F;Flight;3;2;200;4;medium;F;4;4918;no
9017;C;Road;6;1;295;4;medium;F;6;1611;no
9018;C;Ship;5;1;250;3;low;M;8;5845;no
9019;C;Road;3;1;254;4;medium;M;9;4571;no
9020;F;Ship;5;3;133;4;medium;F;29;1094;yes
9021;D;Road;6;3;244;4;low;F;1;1317;yes
9022;A;Ship;5;3;150;2;low;M;2;1682;yes
9023;A;Flight;4;5;140;5;medium;F;3;4191;yes
9024;B;Ship;7;4;192;3;low;F;33;1694;yes
9025;B;Flight;2;1;271;3;low;M;1;4537;no
9026;F;Road;5;5;169;4;medium;F;23;1922;yes
9027;F;Ship;5;4;263;5;medium;M;8;1548;no
9028;F;Ship;4;3;213;3;medium;M;4;4367;no
9029;A;Ship;4;4;208;5;medium;F;7;5401;no
9030;A;Ship;4;3;183;3;low;M;4;5866;no
9031;C;Road;3;5;226;3;medium;M;5;3914;yes
9032;D;Ship;4;2;210;3;low;M;16;2046;yes
9033;F;Ship;5;4;136;3;medium;M;4;5413;no
9034;F;Flight;3;1;202;2;medium;F;10;4412;yes
9035;F;Flight;5;4;151;3;low;F;4;5522;no
9036;F;Ship;4;5;134;3;low;F;1;1008;no
9037;A;Ship;4;5;139;3;low;F;65;1277;yes
9038;F;Flight;4;3;197;5;low;F;8;4209;yes
9039;B;Ship;4;4;146;10;low;M;1;4351;no
9040;C;Flight;7;3;307;4;low;M;1;1793;yes
9041;A;Flight;5;4;190;2;medium;F;23;3960;yes
9042;F;Ship;4;1;186;4;medium;F;57;3880;yes
9043;A;Flight;5;3;244;2;low;M;5;4713;no
9044;C;Ship;6;3;247;6;medium;M;3;4582;no
9045;D;Ship;4;1;247;6;low;M;4;1349;yes
9046;C;Ship;4;2;191;3;high;M;3;2353;yes
9047;B;Road;6;1;237;5;medium;M;3;5299;yes
9048;A;Ship;3;3;183;2;low;F;3;5189;no
9049;B;Ship;3;3;228;2;medium;M;27;3473;yes
9050;D;Ship;3;3;167;3;medium;F;24;1111;yes
9051;C;Road;5;1;219;6;low;F;2;1650;yes
9052;B;Ship;4;3;146;3;low;F;8;5673;yes
9053;B;Ship;4;4;205;4;medium;F;2;4690;yes
9054;B;Ship;4;5;248;2;medium;M;10;4366;yes
9055;D;Ship;7;2;284;4;low;F;6;1550;yes
9056;C;Ship;4;1;253;2;low;F;9;4299;no
9057;D;Ship;5;5;222;6;low;M;1;1962;no
9058;A;Flight;4;4;237;3;medium;M;4;4747;yes
9059;F;Ship;5;3;219;5;low;M;7;1993;yes
9060;C;Ship;3;4;166;3;medium;F;8;4369;yes
9061;A;Ship;4;4;258;5;low;M;9;1947;yes
9062;D;Ship;3;1;273;6;low;F;9;1198;yes
9063;C;Ship;4;1;151;2;low;F;47;1682;yes
9064;A;Ship;2;3;139;8;medium;M;21;1033;yes
9065;B;Ship;4;5;189;2;medium;M;6;5439;yes
9066;D;Ship;4;3;163;4;medium;M;5;5593;no
9067;B;Ship;5;1;218;5;medium;F;9;1603;no
9068;A;Ship;4;5;171;4;low;F;4;5265;no
9069;F;Ship;4;3;220;4;low;M;19;3602;yes
9070;B;Ship;5;3;215;2;medium;F;10;5194;yes
9071;F;Road;5;1;143;3;low;M;5;5146;yes
9072;A;Ship;5;1;240;5;medium;M;1;1200;no
9073;C;Road;3;4;269;2;medium;M;6;5951;no
9074;C;Ship;4;3;273;10;medium;F;8;4896;no
9075;B;Road;4;3;232;2;low;M;1;5398;no
9076;C;Ship;5;3;235;2;medium;F;12;3358;yes
9077;A;Ship;2;5;150;3;low;F;16;1738;yes
9078;F;Road;6;3;222;5;high;F;2;4612;no
9079;C;Ship;5;4;228;3;medium;M;20;3382;yes
9080;B;Ship;4;1;241;4;medium;M;9;5360;no
9081;F;Ship;3;2;113;5;medium;M;1;5993;no
9082;C;Ship;4;3;228;2;high;F;4;4719;yes
9083;A;Flight;2;5;271;3;low;M;4;5775;no
9084;C;Road;5;1;152;3;medium;F;3;5981;no
9085;F;Ship;4;1;149;3;medium;M;54;1178;yes
9086;A;Ship;4;1;226;5;medium;M;6;1510;yes
9087;D;Flight;3;2;257;2;medium;F;1;4132;yes
9088;A;Flight;5;5;219;5;low;M;6;1234;no
9089;C;Road;3;3;169;3;low;M;10;5147;no
9090;D;Ship;5;3;252;5;low;M;2;1312;yes
9091;C;Ship;4;3;194;2;medium;M;4;5780;yes
9092;B;Ship;4;1;172;2;low;M;48;1993;yes
9093;F;Ship;4;2;236;3;low;M;4;4800;no
9094;D;Ship;5;5;251;2;medium;F;5;5178;yes
9095;F;Flight;3;2;129;3;high;M;9;4342;yes
9096;B;Ship;4;3;134;4;low;M;8;4879;yes
9097;A;Road;4;1;262;6;low;F;3;1830;yes
9098;C;Ship;4;4;209;3;medium;M;37;3026;yes
9099;A;Ship;3;2;259;8;high;M;3;4390;yes
9100;B;Ship;4;1;201;6;medium;F;8;5529;no
9101;B;Flight;4;5;155;2;medium;M;41;1367;yes
9102;F;Road;3;2;254;2;medium;F;10;5608;no
9103;C;Ship;4;2;274;10;medium;F;29;2949;yes
9104;A;Ship;5;1;205;2;low;F;3;5682;yes
9105;F;Ship;4;3;169;6;medium;F;2;5607;no
9106;A;Ship;2;1;104;7;low;M;30;1870;yes
9107;F;Road;4;5;159;2;low;F;3;5704;no
9108;D;Flight;5;2;263;6;low;F;6;1511;yes
9109;D;Ship;5;4;273;2;low;F;1;5008;yes
9110;A;Road;5;2;261;8;medium;F;1;3308;yes
9111;F;Ship;4;3;264;6;medium;F;10;1962;yes
9112;F;Road;4;5;133;3;medium;M;3;1403;yes
9113;F;Ship;6;1;257;3;medium;M;60;3416;yes
9114;A;Ship;4;4;228;5;low;F;1;1788;yes
9115;F;Ship;3;1;109;6;low;F;6;5457;yes
9116;A;Road;4;2;221;3;low;M;10;5632;no
9117;B;Ship;5;2;225;4;low;M;1;4328;yes
9118;A;Ship;3;2;146;6;medium;F;62;1162;yes
9119;B;Ship;3;2;137;3;medium;F;9;1347;yes
9120;C;Flight;4;5;228;5;low;M;2;1996;no
9121;D;Ship;4;2;217;3;low;M;1;3133;yes
9122;C;Ship;4;2;258;3;medium;F;9;4977;yes
9123;A;Ship;4;1;183;3;low;M;37;2042;yes
9124;F;Flight;3;2;204;2;high;M;8;4562;yes
9125;A;Ship;3;5;195;2;low;F;42;3814;yes
9126;C;Ship;6;3;252;2;low;M;1;1756;no
9127;B;Ship;6;4;254;4;low;M;9;1594;no
9128;F;Flight;6;3;266;4;low;F;9;1876;no
9129;C;Ship;4;1;272;5;medium;F;1;;no
9130;D;Ship;6;5;176;4;medium;M;31;1262;yes
9131;F;Ship;4;1;270;2;low;M;4;4369;no
9132;F;Ship;4;3;253;5;low;M;6;1367;yes
9133;B;Ship;4;2;205;2;medium;M;10;4641;yes
9134;A;Ship;4;1;269;5;medium;M;3;4534;yes
9135;B;Ship;4;5;186;10;low;F;42;3521;yes
9136;A;Flight;4;2;187;2;low;M;54;2191;yes
9137;F;Road;5;2;202;3;medium;M;34;3885;yes
9138;C;Ship;6;3;142;2;low;F;9;5360;yes
9139;F;Ship;5;4;192;3;medium;M;46;3709;yes
9140;C;Ship;5;4;196;3;medium;M;2;5427;yes
9141;F;Ship;5;2;196;3;medium;M;4;4868;yes
9142;C;Ship;4;3;216;4;medium;M;3;4750;no
9143;B;Ship;3;1;231;2;low;M;44;3688;yes
9144;A;Ship;3;2;182;3;low;F;54;3972;yes
9145;F;Ship;6;4;304;4;low;M;6;1342;no
9146;D;Ship;7;5;288;4;low;F;1;1269;yes
9147;D;Ship;3;4;272;8;high;F;10;4070;no
9148;F;Ship;6;2;247;4;low;F;3;1752;no
9149;F;Ship;5;1;167;3;low;M;9;4660;no
9150;B;Flight;3;5;189;2;low;M;8;4567;no
9151;C;Ship;6;4;;3;low;M;4;4549;yes
9152;F;Ship;3;5;187;4;medium;F;4;5640;no
9153;A;Flight;7;5;260;4;low;F;3;1930;yes
9154;F;Ship;2;3;205;3;low;M;1;5137;no
9155;A;Ship;5;2;181;3;low;M;7;5875;no
9156;D;Ship;5;5;262;5;low;M;9;1400;no
9157;F;Road;4;3;176;2;low;F;6;5149;yes
9158;B;Flight;3;3;158;3;low;M;1;5502;no
9159;D;Ship;4;3;180;3;medium;M;5;4038;yes
9160;D;Ship;3;3;257;3;low;M;5;4937;yes
9161;F;Ship;4;5;261;10;low;M;7;5208;no
9162;A;Flight;6;3;266;4;medium;F;8;1547;no
9163;F;Ship;3;3;167;3;medium;F;42;1363;yes
9164;D;Ship;3;5;146;5;low;F;3;5489;no
9165;B;Ship;3;5;202;2;medium;F;8;4552;yes
9166;C;Road;4;4;135;3;low;F;4;4651;yes
9167;D;Ship;3;4;184;3;low;M;10;4776;no
9168;F;Road;4;2;173;2;medium;M;2;5327;no
9169;D;Ship;3;2;214;3;medium;M;1;5362;no
9170;C;Ship;4;1;177;3;medium;F;5;4382;no
9171;F;Ship;4;1;224;2;low;M;8;3638;yes
9172;A;Ship;5;2;303;4;low;F;9;1224;yes
9173;F;Ship;3;3;155;2;medium;F;5;5577;no
9174;B;Road;6;4;249;4;low;M;2;1516;no
9175;A;Ship;6;4;292;4;medium;F;1;1372;yes
9176;B;Ship;5;1;155;2;medium;F;40;1024;yes
9177;A;Flight;5;2;275;4;medium;F;10;1141;yes
9178;F;Flight;5;5;273;5;medium;M;4;1597;yes
9179;A;Ship;5;3;266;3;medium;F;4;4195;no
9180;F;Road;4;5;266;3;medium;M;8;4889;no
9181;F;Ship;2;3;151;3;medium;M;22;1024;yes
9182;D;Ship;4;3;209;5;medium;M;6;4384;no
9183;D;Ship;4;1;231;3;medium;M;5;4118;yes
9184;D;Ship;6;5;264;4;low;F;4;1822;yes
9185;C;Ship;2;4;177;3;medium;M;48;1113;yes
9186;F;Ship;2;3;151;4;low;F;3;1353;yes
9187;F;Ship;4;3;130;3;medium;F;3;4317;no
9188;F;Ship;2;1;170;3;low;M;41;1128;yes
9189;D;Ship;6;2;291;4;low;F;7;1046;no
9190;D;Ship;2;4;121;5;low;M;32;1788;yes
9191;F;Ship;5;3;218;5;medium;F;4;1433;no
9192;F;Road;4;4;264;6;medium;F;6;1748;yes
9193;A;Ship;4;2;222;2;medium;M;10;5115;yes
9194;F;Road;4;4;174;3;low;M;49;1141;yes
9195;B;Road;5;2;253;2;medium;F;9;5530;no
9196;F;Flight;4;1;164;3;high;F;1;5492;no
9197;F;Road;5;5;187;4;medium;F;9;5326;no
9198;C;Ship;4;2;216;4;medium;M;3;4887;yes
9199;B;Ship;4;5;139;3;medium;M;5;5126;no
9200;F;Road;2;2;148;6;medium;F;63;1279;yes
9201;B;Ship;4;5;220;3;medium;F;63;3109;yes
9202;D;Ship;2;2;161;5;medium;M;3;4138;no
9203;F;Ship;5;4;229;3;low;M;1;5660;no
9204;F;Ship;3;2;263;3;high;F;44;3802;yes
9205;F;Ship;6;4;280;4;low;M;4;1831;yes
9206;D;Ship;3;4;199;4;medium;F;6;5207;no
9207;A;Ship;4;2;183;3;medium;F;12;3646;yes
9208;C;Ship;4;4;202;4;medium;M;4;4053;no
9209;B;Flight;4;1;240;4;low;F;6;4811;no
9210;D;Ship;4;5;270;4;low;M;65;1818;yes
9211;F;Ship;3;5;178;3;low;F;3;5540;no
9212;F;Ship;5;2;230;4;low;F;4;4782;yes
9213;B;Ship;3;3;135;3;medium;F;28;1329;yes
9214;D;Ship;5;3;145;3;low;M;3;4077;yes
9215;C;Ship;4;5;234;5;low;F;2;1087;yes
9216;F;Flight;3;4;143;3;low;M;10;5261;no
9217;B;Road;3;4;149;2;medium;F;37;1080;yes
9218;F;Ship;3;1;229;3;low;M;5;4971;yes
9219;F;Ship;4;4;192;2;low;M;7;4151;no
9220;A;Ship;5;2;254;5;high;M;6;1491;yes
9221;C;Flight;3;4;148;2;low;F;5;4693;yes
9222;C;Ship;6;3;278;4;high;F;3;1033;no
9223;C;Flight;3;5;132;3;medium;F;4;4212;no
9224;C;Road;4;1;261;3;low;F;8;5206;yes
9225;A;Ship;3;5;203;2;medium;M;61;3642;yes
9226;C;Ship;5;1;274;2;medium;M;24;2423;yes
9227;D;Ship;6;2;246;4;medium;M;7;1071;no
9228;C;Ship;3;5;239;6;low;F;8;5791;yes
9229;C;Ship;4;5;246;6;low;M;1;1400;yes
9230;C;Ship;5;1;236;3;medium;F;10;1347;yes
9231;D;Ship;3;2;145;2;medium;F;29;1690;yes
9232;D;Road;6;1;282;4;medium;M;4;1716;no
9233;D;Ship;5;5;253;6;medium;M;59;2627;yes
9234;C;Ship;4;1;238;4;low;F;22;3950;yes
9235;A;Ship;2;4;176;2;medium;F;2;5138;no
9236;C;Ship;5;4;230;3;low;M;1;4727;no
9237;F;Ship;2;3;157;4;low;M;3;1203;yes
9238;F;Ship;3;5;203;10;medium;F;1;4996;no
9239;F;Road;3;4;273;3;low;M;3;5163;yes
9240;B;Road;5;5;259;5;low;F;9;1624;no
9241;C;Ship;4;2;274;2;medium;M;55;3416;yes
9242;F;Road;4;1;154;10;high;M;10;5674;yes
9243;A;Ship;3;1;231;3;low;M;1;5392;yes
9244;A;Flight;4;2;136;2;medium;F;17;1285;yes
9245;F;Flight;3;2;210;3;low;F;9;4731;yes
9246;F;Ship;3;1;203;2;medium;F;51;3976;yes
9247;B;Ship;4;4;245;6;low;F;6;1437;yes
9248;B;Ship;4;3;228;4;low;M;61;3583;yes
9249;B;Ship;4;5;212;4;low;M;21;1014;yes
9250;A;Ship;6;3;100;4;low;M;3;5756;no
9251;B;Ship;4;4;182;2;low;F;13;3332;yes
9252;A;Flight;4;2;238;2;medium;F;9;4937;no
9253;B;Ship;5;3;174;5;medium;M;47;1909;yes
9254;C;Ship;5;2;145;4;medium;F;9;4028;no
9255;F;Ship;4;5;240;5;low;M;8;4558;no
9256;B;Flight;3;2;183;5;low;M;3;1336;yes
9257;F;Flight;4;3;245;5;low;M;4;1470;no
9258;F;Ship;3;3;243;2;low;M;3;4675;yes
9259;B;Ship;4;1;151;2;low;M;42;1367;yes
9260;D;Road;7;1;287;4;low;M;1;1660;no
9261;B;Ship;4;2;233;7;medium;M;56;3925;yes
9262;F;Road;3;4;207;2;low;M;6;5852;yes
9263;C;Ship;4;2;168;3;low;M;3;4653;yes
9264;A;Flight;3;4;174;3;low;F;3;5366;yes
9265;C;Ship;4;1;166;3;high;F;3;1453;yes
9266;F;Flight;5;2;257;4;medium;M;9;5088;no
9267;F;Road;3;3;154;10;medium;F;1;5235;yes
9268;B;Road;4;4;192;4;low;F;2;5856;yes
9269;F;Ship;6;4;271;4;low;F;6;1503;no
9270;A;Ship;4;2;231;5;low;F;2;1465;yes
9271;F;Ship;5;3;242;5;low;F;9;1716;no
9272;C;Road;6;1;250;3;low;M;5;5621;yes
9273;B;Ship;5;2;174;3;low;F;10;5973;yes
9274;B;Road;5;4;221;5;low;M;6;5059;no
9275;A;Flight;2;5;243;3;high;M;7;4486;no
9276;C;Flight;4;5;187;5;medium;M;16;3781;yes
9277;B;Flight;6;5;225;3;medium;M;10;4972;no
9278;F;Ship;4;1;236;5;medium;M;4;1953;no
9279;D;Ship;5;5;235;3;low;F;4;5325;no
9280;D;Flight;4;5;232;2;low;F;21;3128;yes
9281;B;Ship;3;3;178;3;low;M;3;5396;yes
9282;D;Ship;4;2;180;3;low;M;22;1261;yes
9283;C;Flight;4;4;271;3;low;M;3;4152;no
9284;D;Ship;6;5;254;4;high;F;10;1217;no
9285;A;Road;5;2;256;7;low;F;41;2758;yes
9286;F;Flight;3;5;135;3;low;M;3;4938;no
9287;F;Ship;5;4;259;3;medium;F;43;2685;yes
9288;F;Ship;2;1;214;3;high;M;1;4391;no
9289;D;Ship;3;2;206;2;medium;F;28;2822;yes
9290;C;Ship;4;2;212;3;medium;M;3;5427;yes
9291;C;Road;5;3;257;5;medium;M;8;1981;yes
9292;F;Ship;4;2;175;3;medium;M;7;4874;yes
9293;F;Flight;3;4;212;3;low;F;8;5214;no
9294;B;Ship;3;4;257;3;medium;M;56;2941;yes
9295;F;Ship;3;3;235;3;medium;F;10;4186;no
9296;B;Ship;5;5;183;3;medium;F;3;4071;yes
9297;C;Ship;5;3;206;4;low;M;18;3104;yes
9298;F;Ship;5;3;104;4;low;M;3;4885;yes
9299;F;Flight;6;5;256;5;low;M;10;1686;no
9300;F;Road;3;2;164;2;medium;F;3;4666;no
9301;B;Ship;4;4;201;10;medium;M;17;2059;yes
9302;F;Ship;3;5;233;4;low;F;9;4541;no
9303;F;Road;4;2;262;2;medium;M;3;4090;yes
9304;F;Ship;5;3;169;4;low;F;4;5683;no
9305;A;Ship;3;5;261;3;medium;M;15;2989;yes
9306;F;Ship;3;1;188;2;low;F;14;2074;yes
9307;B;Ship;5;1;262;5;medium;M;4;1196;no
9308;D;Flight;3;2;192;3;medium;M;43;3339;yes
9309;F;Road;4;2;223;5;medium;M;3;1395;yes
9310;C;Ship;4;4;163;6;medium;M;1;4584;no
9311;F;Ship;3;5;179;5;low;M;56;1113;yes
9312;F;Ship;4;5;265;2;low;F;6;4660;yes
9313;D;Road;3;3;139;3;low;F;7;5199;yes
9314;D;Ship;4;3;261;3;low;M;42;2664;yes
9315;D;Ship;3;1;234;4;high;M;6;4942;no
9316;F;Ship;5;2;233;3;low;F;5;5756;yes
9317;A;Ship;4;2;242;3;medium;M;10;4721;no
9318;F;Ship;5;5;276;4;low;F;7;1742;no
9319;F;Flight;5;2;209;4;medium;M;15;3330;yes
9320;F;Ship;4;4;144;3;low;F;7;5351;yes
9321;F;Ship;4;1;221;5;medium;M;22;3075;yes
9322;C;Ship;4;3;177;3;medium;F;4;4551;no
9323;B;Flight;4;2;267;5;low;F;2;1876;no
9324;F;Ship;4;2;267;5;medium;F;2;1307;yes
9325;B;Ship;2;4;248;3;low;F;7;4142;no
9326;B;Flight;4;2;192;3;medium;F;3;4922;no
9327;D;Ship;2;4;173;2;low;M;1;4721;no
9328;F;Flight;4;2;185;3;low;M;8;4322;yes
9329;B;Flight;4;1;171;2;low;M;3;4271;no
9330;A;Flight;3;3;168;2;medium;F;1;1829;yes
9331;A;Ship;3;2;239;3;low;M;4;5628;yes
9332;F;Road;3;2;208;2;high;M;1;4999;no
9333;C;Road;3;2;221;2;low;F;10;4312;no
9334;F;Ship;3;5;193;10;high;M;6;5247;yes
9335;F;Ship;5;5;256;5;medium;M;2;1693;yes
9336;D;Flight;6;4;258;4;low;F;2;1051;yes
9337;B;Ship;4;5;231;3;low;F;4;5174;yes
9338;B;Ship;4;2;184;3;medium;F;5;5931;yes
9339;D;Ship;7;2;289;5;low;M;1;1178;no
9340;B;Road;5;3;267;3;medium;F;8;5786;yes
9341;D;Ship;4;1;159;3;low;M;4;4574;no
9342;F;Ship;6;2;204;4;medium;F;2;4431;no
9343;B;Ship;4;4;247;2;medium;F;6;5833;yes
9344;C;Road;3;1;235;4;high;M;7;4833;yes
9345;A;Ship;5;1;237;5;medium;F;2;1429;yes
9346;B;Road;6;3;274;6;medium;F;1;4632;no
9347;D;Road;4;2;164;2;low;F;7;1116;no
9348;B;Ship;4;1;208;2;low;M;6;5266;no
9349;B;Ship;4;2;247;3;medium;M;8;4977;no
9350;F;Ship;3;2;175;2;medium;F;12;1817;yes
9351;C;Flight;5;1;265;3;medium;M;6;2452;yes
9352;B;Road;3;2;180;2;low;M;53;1853;yes
9353;B;Ship;5;3;212;2;low;F;7;5219;no
9354;A;Ship;3;5;253;2;low;M;8;5476;yes
9355;F;Ship;3;4;197;3;medium;M;13;2148;yes
9356;C;Ship;4;4;227;5;low;M;8;1982;yes
9357;F;Ship;5;5;237;5;high;F;2;1593;yes
9358;F;Road;3;1;256;3;low;F;5;5643;no
9359;A;Ship;4;5;260;3;medium;F;6;4221;no
9360;C;Ship;4;4;258;2;medium;F;5;4562;no
9361;B;Road;4;4;259;5;low;F;5;1065;yes
9362;A;Ship;4;5;143;8;low;M;44;1756;yes
9363;F;Flight;3;5;190;3;medium;M;4;5069;no
9364;D;Ship;4;4;140;3;medium;M;11;1911;yes
9365;A;Flight;2;4;151;4;low;F;6;1803;no
9366;B;Road;4;5;210;4;low;M;3;5432;yes
9367;A;Road;5;2;154;3;low;M;40;1238;yes
9368;F;Flight;6;2;205;5;high;M;6;4756;no
9369;F;Road;3;5;195;3;medium;F;10;5585;no
9370;F;Flight;5;3;225;5;low;F;6;1082;no
9371;A;Ship;5;3;144;6;medium;F;35;1009;yes
9372;F;Road;6;5;246;4;medium;M;2;1581;no
9373;C;Ship;4;4;203;2;low;F;4;4793;no
9374;A;Ship;5;4;140;4;low;F;10;4528;no
9375;C;Road;3;4;144;10;high;M;8;4440;no
9376;C;Ship;2;2;267;3;medium;M;15;2481;yes
9377;F;Ship;5;2;196;3;low;M;38;2211;yes
9378;F;Ship;3;4;247;3;medium;M;9;5383;no
9379;A;Road;2;1;258;5;low;F;9;1548;yes
9380;F;Ship;3;1;132;2;medium;M;2;4129;no
9381;B;Ship;6;4;279;4;low;F;1;1246;yes
9382;C;Ship;3;1;140;4;low;M;27;1184;yes
9383;B;Road;4;3;274;3;high;F;7;5517;no
9384;C;Ship;3;3;242;2;low;F;7;4501;no
9385;D;Ship;3;2;255;4;low;F;8;5511;no
9386;B;Ship;4;5;241;4;medium;M;58;2874;yes
9387;B;Ship;4;3;200;4;low;F;10;4291;yes
9388;C;Road;3;5;109;5;low;M;27;1581;yes
9389;F;Flight;5;4;235;4;low;M;5;4506;no
9390;A;Ship;3;1;165;3;low;M;10;5823;no
9391;C;Ship;3;1;159;3;low;M;10;4358;yes
9392;B;Ship;4;2;198;6;medium;M;5;4659;no
9393;F;Road;5;3;160;3;low;F;10;4416;yes
9394;B;Ship;4;3;135;2;medium;F;53;1073;yes
9395;C;Ship;5;3;143;3;low;M;6;4761;yes
9396;F;Ship;3;5;176;2;medium;F;8;5597;yes
9397;B;Ship;4;1;148;3;low;M;30;1731;yes
9398;A;Ship;3;3;193;2;low;F;60;2581;yes
9399;A;Ship;3;1;139;3;medium;F;3;5847;yes
9400;F;Road;2;1;228;2;medium;M;10;4854;yes
9401;F;Road;3;4;180;7;high;M;4;5500;no
9402;C;Ship;4;2;273;4;low;F;26;3223;yes
9403;F;Flight;5;2;171;3;low;M;3;4749;yes
9404;F;Ship;3;3;261;3;medium;M;14;3479;yes
9405;C;Ship;2;2;152;4;low;M;6;4606;yes
9406;C;Ship;4;3;169;2;low;M;2;1399;yes
9407;C;Ship;5;1;248;3;low;M;37;3830;yes
9408;F;Ship;5;5;231;7;high;M;6;5755;no
9409;F;Ship;2;2;170;3;high;F;7;4284;yes
9410;F;Ship;5;1;307;4;low;M;8;1511;yes
9411;C;Ship;3;2;268;4;low;M;6;4415;no
9412;F;Flight;3;5;151;2;low;F;16;1422;yes
9413;F;Ship;4;4;176;3;medium;M;53;1472;yes
9414;F;Ship;4;5;170;3;low;F;9;1138;yes
9415;A;Flight;4;1;220;3;medium;F;7;4552;yes
9416;D;Ship;7;5;269;4;medium;F;9;1835;no
9417;A;Ship;4;5;138;3;medium;M;23;1785;yes
9418;F;Road;6;2;278;4;high;F;8;1967;no
9419;C;Ship;4;2;157;2;medium;M;15;1724;yes
9420;F;Ship;6;1;272;4;medium;M;10;1534;yes
9421;B;Ship;5;4;231;6;medium;F;3;1075;no
9422;B;Ship;6;5;157;5;low;F;10;1133;no
9423;A;Ship;3;4;179;4;low;F;44;1004;yes
9424;A;Ship;5;1;216;3;low;M;40;2668;yes
9425;D;Flight;2;5;263;4;medium;F;4;4042;yes
9426;B;Ship;6;2;309;4;low;M;7;1941;no
9427;B;Flight;4;2;272;3;high;F;6;4559;no
9428;F;Ship;4;3;160;2;medium;F;38;1961;yes
9429;D;Ship;3;1;240;3;low;F;4;5484;yes
9430;A;Ship;6;5;212;4;medium;F;13;3676;yes
9431;A;Ship;4;1;150;2;low;M;5;4133;no
9432;F;Ship;4;4;179;2;low;M;18;1369;yes
9433;B;Road;3;2;238;2;medium;F;32;3274;yes
9434;F;Ship;6;5;189;2;high;M;4;5898;yes
9435;F;Road;2;5;160;3;low;F;19;1399;yes
9436;D;Ship;5;3;243;6;medium;M;10;1729;yes
9437;A;Road;5;3;201;2;low;F;1;4548;yes
9438;A;Flight;3;5;214;8;high;M;50;3628;yes
9439;C;Road;3;1;262;2;low;F;28;2940;yes
9440;D;Ship;4;4;135;2;low;F;4;5112;no
9441;B;Road;4;1;259;3;medium;M;5;4435;yes
9442;F;Road;4;2;277;5;medium;F;8;1335;no
9443;F;Ship;6;1;224;3;medium;M;64;2705;yes
9444;B;Ship;3;1;236;3;low;M;2;4298;no
9445;A;Road;3;3;218;4;medium;F;4;1678;yes
9446;D;Ship;3;2;191;2;medium;M;7;5357;no
9447;F;Flight;4;1;150;6;medium;F;42;1070;yes
9448;F;Road;3;3;181;2;medium;F;52;3236;yes
9449;D;Ship;4;5;235;5;low;M;6;1460;no
9450;F;Ship;4;4;275;5;medium;M;5;1117;no
9451;A;Ship;4;1;253;5;low;F;1;1235;no
9452;F;Flight;3;2;169;2;medium;F;19;1922;yes
9453;D;Flight;4;1;139;3;low;M;6;4942;yes
9454;B;Ship;3;5;206;2;low;M;3;5113;yes
9455;F;Flight;3;1;170;3;low;M;3;4454;yes
9456;D;Ship;4;4;260;2;medium;M;6;4474;no
9457;F;Ship;3;3;174;3;medium;F;2;4221;no
9458;C;Ship;3;5;137;3;low;M;3;5497;yes
9459;D;Ship;4;5;255;5;medium;M;5;1458;yes
9460;B;Road;4;1;158;3;low;F;32;1061;yes
9461;D;Ship;2;4;271;8;medium;F;10;4183;no
9462;F;Road;3;5;199;4;low;M;7;4520;no
9463;A;Road;4;3;175;3;medium;F;4;5784;no
9464;D;Ship;4;1;273;4;low;M;1;4857;no
9465;C;Ship;5;4;269;2;medium;M;38;2770;yes
9466;F;Ship;5;4;182;2;medium;M;2;4554;yes
9467;A;Ship;5;4;269;5;low;F;4;1537;yes
9468;F;Flight;4;5;113;3;medium;F;10;4053;yes
9469;F;Ship;3;1;239;8;high;M;6;5023;yes
9470;C;Road;4;4;196;5;high;F;7;4622;no
9471;F;Road;4;2;246;5;low;M;9;1206;yes
9472;F;Ship;3;4;269;3;medium;M;9;5133;yes
9473;F;Road;4;2;206;2;medium;M;5;4635;no
9474;A;Flight;4;3;267;4;low;M;7;5140;no
9475;B;Ship;2;1;229;4;low;F;11;3614;yes
9476;D;Flight;6;4;190;3;low;M;7;3175;yes
9477;F;Ship;4;3;170;3;low;F;21;1588;yes
9478;F;Ship;4;2;150;3;high;F;32;1689;yes
9479;D;Road;6;5;245;4;low;M;3;1716;no
9480;F;Ship;4;5;217;3;low;F;3;5380;yes
9481;F;Flight;3;5;189;3;low;M;5;5422;no
9482;F;Ship;4;4;239;3;medium;M;6;5632;no
9483;D;Road;4;5;233;3;medium;F;43;3856;yes
9484;D;Ship;7;5;284;4;medium;F;8;1148;yes
9485;A;Ship;3;3;213;10;medium;M;2;4847;no
9486;A;Ship;5;2;269;5;medium;F;10;1113;yes
9487;F;Ship;4;2;147;3;low;F;5;5174;no
9488;B;Ship;3;1;177;3;medium;M;61;1880;yes
9489;D;Ship;2;1;166;3;medium;F;8;4255;yes
9490;F;Road;3;4;191;3;medium;M;6;4586;yes
9491;C;Road;3;5;223;7;high;M;8;4178;yes
9492;D;Ship;4;5;251;5;medium;F;7;1381;no
9493;F;Ship;6;2;244;4;low;F;4;1245;yes
9494;F;Road;3;3;205;3;medium;F;19;2167;yes
9495;F;Ship;5;3;263;5;medium;F;6;1192;no
9496;A;Ship;6;4;250;4;low;M;2;1969;yes
9497;F;Ship;4;3;259;5;medium;M;2;1574;no
9498;B;Ship;5;4;245;6;medium;M;9;1660;no
9499;C;Road;4;3;137;3;medium;F;10;4820;yes
9500;A;Ship;3;3;203;2;low;M;1;5244;no
9501;A;Road;4;3;229;3;low;M;5;5225;yes
9502;A;Ship;4;5;157;4;low;F;8;4344;yes
9503;F;Ship;3;1;196;3;medium;M;8;4516;no
9504;D;Flight;7;1;280;5;low;M;10;1199;yes
9505;A;Ship;4;4;266;3;low;M;10;5221;no
9506;A;Ship;3;3;261;3;medium;M;4;5482;yes
9507;A;Road;7;1;264;4;medium;F;2;1540;no
9508;F;Ship;4;4;173;5;medium;F;2;1175;yes
9509;D;Ship;3;2;263;3;low;F;3;5303;no
9510;D;Ship;6;1;254;4;medium;F;6;1928;yes
9511;B;Ship;3;3;232;2;low;M;5;4255;yes
9512;D;Ship;4;2;133;6;medium;F;9;4879;no
9513;B;Ship;3;2;148;2;low;F;58;1537;yes
9514;C;Flight;4;5;221;3;low;F;6;5895;no
9515;F;Road;3;4;176;3;high;M;36;1779;yes
9516;F;Ship;3;3;162;8;high;F;10;4842;no
9517;C;Ship;7;1;307;4;low;M;4;1371;yes
9518;F;Flight;6;1;250;4;low;F;2;1783;yes
9519;F;Ship;3;1;176;3;low;F;63;1420;yes
9520;A;Flight;3;5;254;3;low;M;6;4703;no
9521;F;Ship;3;3;149;2;medium;F;2;5311;no
9522;D;Flight;6;3;297;5;low;F;5;1657;no
9523;F;Ship;3;2;204;4;low;M;4;4745;no
9524;F;Flight;7;4;264;4;medium;M;6;1265;no
9525;F;Road;4;2;162;6;low;F;4;4094;no
9526;A;Ship;5;3;257;5;medium;F;10;1812;no
9527;B;Ship;3;3;162;2;medium;M;5;1202;yes
9528;B;Ship;5;1;151;6;medium;M;2;4529;no
9529;C;Ship;4;4;208;2;medium;F;6;4983;yes
9530;F;Ship;4;1;139;3;medium;F;7;4275;no
9531;F;Ship;5;1;179;3;low;F;7;5814;no
9532;D;Ship;3;1;144;3;medium;F;6;4163;no
9533;D;Ship;5;4;273;6;medium;F;7;4058;yes
9534;A;Ship;6;4;129;5;low;F;58;1463;yes
9535;B;Road;4;4;268;6;medium;F;3;4834;no
9536;B;Ship;4;4;144;2;low;M;5;4380;yes
9537;F;Ship;5;4;201;3;low;F;5;5137;no
9538;D;Ship;3;5;172;2;medium;M;60;1840;yes
9539;F;Ship;4;4;217;6;medium;M;9;1974;no
9540;A;Ship;3;1;198;3;low;M;3;4965;yes
9541;C;Flight;5;5;235;5;low;F;4;5908;yes
9542;D;Ship;7;1;301;4;low;M;10;1869;no
9543;A;Ship;4;4;243;3;low;M;10;3327;yes
9544;B;Flight;4;5;158;5;medium;F;55;1936;yes
9545;A;Ship;4;3;178;3;medium;M;6;4576;no
9546;F;Ship;4;5;157;3;medium;M;2;5791;yes
9547;B;Ship;4;1;173;4;low;F;1;5789;no
9548;C;Ship;3;4;174;2;medium;M;51;1430;yes
9549;B;Flight;5;5;286;4;high;F;10;1071;yes
9550;F;Ship;6;4;260;4;medium;F;10;1927;no
9551;F;Ship;4;1;219;2;medium;M;6;5314;no
9552;F;Road;2;4;242;3;medium;M;8;4898;no
9553;D;Ship;4;2;262;6;medium;F;2;1069;no
9554;B;Ship;4;5;161;2;medium;M;55;1457;yes
9555;F;Ship;4;2;233;2;low;F;5;4668;no
9556;B;Road;3;5;195;2;low;F;4;4864;no
9557;F;Ship;3;5;157;2;medium;F;4;5991;no
9558;A;Flight;3;2;264;3;medium;M;5;3861;yes
9559;F;Ship;3;1;156;3;medium;M;49;1253;yes
9560;F;Flight;3;4;224;3;low;F;10;4806;yes
9561;A;Ship;3;1;148;2;medium;M;5;4082;yes
9562;A;Road;4;1;150;4;high;M;60;1024;yes
9563;D;Ship;3;2;132;3;low;F;56;1303;yes
9564;F;Ship;3;1;171;2;low;M;1;1629;yes
9565;F;Ship;3;3;155;3;low;F;3;5768;no
9566;F;Ship;2;2;198;2;low;M;11;3686;yes
9567;F;Ship;5;5;151;3;medium;M;2;5506;no
9568;C;Road;5;5;222;3;low;M;10;2280;yes
9569;A;Flight;4;3;201;3;medium;F;54;2487;yes
9570;C;Road;5;4;217;5;low;F;8;1803;no
9571;D;Flight;3;3;203;3;medium;M;29;3261;yes
9572;C;Ship;5;5;149;7;medium;F;50;1346;yes
9573;A;Ship;2;1;168;3;low;F;7;4008;no
9574;F;Ship;5;4;281;4;medium;M;56;3709;yes
9575;F;Road;4;4;259;2;medium;F;8;4672;no
9576;D;Road;3;4;151;4;medium;F;1;4587;yes
9577;F;Ship;3;3;150;3;medium;M;4;5536;no
9578;A;Ship;4;3;142;6;low;M;6;1459;yes
9579;D;Ship;4;1;181;4;low;F;46;2399;yes
9580;C;Ship;5;3;252;4;medium;M;63;3729;yes
9581;A;Ship;3;5;135;2;low;F;4;5275;yes
9582;F;Road;4;4;236;7;medium;M;62;2280;yes
9583;B;Ship;5;1;241;3;low;M;7;5342;no
9584;D;Flight;3;2;220;3;low;M;8;5032;yes
9585;C;Road;3;4;231;2;high;F;6;4452;no
9586;D;Ship;5;5;191;2;high;M;34;2708;yes
9587;F;Road;5;3;234;3;low;M;10;5673;no
9588;A;Ship;3;3;238;3;low;F;61;3096;yes
9589;A;Ship;7;5;250;4;low;M;1;1690;yes
9590;B;Ship;3;1;155;2;medium;F;6;1490;yes
9591;D;Road;3;1;267;4;medium;F;4;4914;yes
9592;A;Road;3;1;209;2;high;F;1;5779;yes
9593;B;Ship;2;3;176;5;low;M;29;1254;yes
9594;A;Ship;4;3;276;4;low;F;3;3889;yes
9595;C;Ship;6;2;254;4;low;M;4;1392;no
9596;F;Ship;6;1;168;5;high;F;65;1601;yes
9597;C;Road;5;4;217;3;medium;F;8;4949;yes
9598;F;Ship;6;3;223;6;medium;M;29;2980;yes
9599;F;Road;6;1;253;4;low;M;10;1962;no
9600;B;Road;4;4;104;5;low;F;7;5590;no
9601;A;Ship;5;1;270;5;high;F;6;1836;yes
9602;D;Ship;3;5;211;2;medium;F;9;4577;yes
9603;F;Flight;4;3;178;3;medium;M;3;5669;no
9604;A;Ship;3;5;251;2;high;M;23;2426;yes
9605;F;Ship;4;3;163;3;low;M;52;1891;yes
9606;D;Ship;3;3;211;3;medium;M;3;5379;yes
9607;B;Flight;4;2;199;3;low;M;4;4070;no
9608;F;Ship;4;1;165;3;medium;M;51;1293;yes
9609;C;Flight;6;4;262;4;low;F;10;1068;yes
9610;B;Road;5;3;194;4;low;F;2;5396;no
9611;F;Ship;5;5;134;3;high;F;5;5783;yes
9612;A;Ship;5;2;168;2;low;M;6;5464;yes
9613;B;Flight;3;5;167;2;low;M;5;5042;yes
9614;F;Ship;5;3;134;2;low;M;10;5279;yes
9615;A;Road;4;1;170;10;medium;F;3;5211;yes
9616;A;Ship;3;5;175;2;low;M;59;1051;yes
9617;D;Ship;5;4;161;5;medium;M;1;5779;yes
9618;D;Flight;4;5;219;2;medium;F;21;3830;yes
9619;C;Ship;3;1;145;2;low;F;34;1773;yes
9620;C;Ship;4;4;158;3;medium;M;63;1387;yes
9621;B;Ship;3;5;214;3;low;F;6;5319;no
9622;B;Ship;3;1;162;2;low;F;52;1125;yes
9623;F;Ship;3;2;199;3;medium;F;10;5768;yes
9624;A;Road;5;4;230;2;medium;F;48;3743;yes
9625;C;Flight;3;5;229;6;medium;M;22;2717;yes
9626;F;Ship;4;2;270;5;low;M;6;1520;no
9627;D;Ship;5;1;207;2;high;M;3;4083;no
9628;A;Ship;4;4;254;5;low;M;2;1573;yes
9629;C;Ship;3;5;134;2;low;F;4;5291;no
9630;C;Ship;3;3;199;5;medium;F;10;4847;yes
9631;B;Ship;4;5;257;2;low;M;3;5394;no
9632;C;Ship;5;5;234;2;medium;M;44;2548;yes
9633;F;Ship;5;1;255;3;medium;F;6;5715;no
9634;F;Ship;4;4;190;3;low;M;2;4800;no
9635;B;Ship;4;3;158;6;medium;M;43;1478;yes
9636;F;Ship;2;5;223;3;medium;M;35;3437;yes
9637;B;Ship;4;3;266;3;high;F;2;5298;no
9638;B;Ship;6;2;256;5;medium;F;2;1449;yes
9639;C;Ship;3;5;156;3;medium;M;44;1424;yes
9640;F;Road;4;1;230;3;low;M;8;4107;yes
9641;C;Flight;4;4;236;3;low;M;10;4347;yes
9642;C;Ship;5;1;271;5;low;F;4;1557;yes
9643;F;Ship;5;3;237;4;low;F;8;5432;no
9644;F;Ship;6;4;266;4;low;M;5;1639;yes
9645;C;Ship;3;3;167;2;low;M;6;5101;no
9646;C;Road;4;2;197;3;low;F;2;5707;no
9647;D;Flight;5;5;223;5;medium;F;5;1678;no
9648;F;Flight;4;2;246;6;low;M;5;1622;no
9649;B;Flight;5;3;260;5;medium;M;8;1001;no
9650;F;Road;7;3;264;4;medium;M;3;1296;no
9651;A;Ship;4;2;271;5;medium;M;4;1633;yes
9652;D;Ship;3;2;223;3;medium;F;6;2127;yes
9653;F;Ship;4;3;247;2;medium;F;3;4862;yes
9654;B;Road;2;4;255;7;low;F;9;5224;yes
9655;F;Ship;4;5;171;3;medium;F;2;1114;yes
9656;F;Ship;2;3;216;3;high;M;9;4032;yes
9657;C;Road;3;3;133;2;medium;M;8;4241;no
9658;F;Ship;3;4;246;3;medium;M;30;3748;yes
9659;C;;2;1;135;4;medium;;8;5001;yes
9660;F;Road;4;2;104;7;medium;F;46;1438;yes
9661;F;Ship;4;1;197;3;low;F;6;5032;no
9662;F;Ship;2;1;285;5;low;M;4;5759;no
9663;F;Flight;4;2;270;3;medium;F;4;5566;no
9664;D;Ship;3;3;126;10;low;M;10;4128;no
9665;D;Ship;4;2;192;3;high;M;4;2061;yes
9666;F;Flight;7;5;278;4;low;F;5;1572;yes
9667;F;Flight;3;5;173;2;low;M;14;1638;yes
9668;D;Ship;4;5;149;2;low;M;2;5724;yes
9669;A;Ship;5;1;233;5;medium;F;6;1631;yes
9670;B;Ship;6;2;274;4;medium;M;8;1626;yes
9671;F;Ship;3;5;147;3;low;F;4;5042;no
9672;D;Ship;5;4;160;3;high;M;10;5527;no
9673;F;Ship;4;1;198;4;low;F;5;5182;no
9674;F;Flight;6;3;271;4;low;F;6;1934;no
9675;C;Road;4;3;225;3;low;F;62;2587;yes
9676;A;Ship;5;3;219;4;medium;M;5;4096;no
9677;D;Ship;4;2;235;5;low;M;8;1021;no
9678;F;Ship;4;5;184;3;medium;F;9;5594;no
9679;B;Road;4;5;180;2;medium;M;1;5622;no
9680;A;Ship;6;3;231;4;low;F;7;4553;yes
9681;D;Ship;5;5;192;2;low;M;10;5564;no
9682;D;Ship;4;3;206;2;medium;F;4;5194;yes
9683;F;Ship;3;5;159;3;low;M;46;1857;yes
9684;B;Flight;4;3;146;4;medium;F;24;1844;yes
9685;A;Ship;4;4;245;2;low;M;6;5772;no
9686;D;Ship;3;5;227;3;high;M;9;4892;yes
9687;F;Flight;5;1;226;4;high;F;2;5600;no
9688;C;Ship;3;3;236;3;low;F;28;3652;yes
9689;A;Ship;4;1;186;3;low;F;6;4758;no
9690;C;Ship;5;1;153;2;low;F;7;4944;yes
9691;F;Flight;4;5;208;3;medium;M;23;2056;yes
9692;F;Ship;7;2;305;4;medium;M;7;1813;no
9693;B;Road;5;1;248;2;low;F;9;5881;yes
9694;B;Ship;3;1;172;3;medium;M;5;5696;yes
9695;B;Ship;3;2;221;2;medium;M;9;4466;no
9696;D;Ship;4;2;228;5;low;M;6;1718;no
9697;A;Ship;5;2;266;2;low;M;3;4030;no
9698;B;Ship;4;2;274;2;low;M;10;4361;no
9699;F;Ship;3;3;197;3;low;F;4;4858;yes
9700;C;Flight;3;4;221;3;low;F;1;4518;yes
9701;F;Ship;3;3;257;3;low;M;44;3370;yes
9702;F;Road;4;5;270;3;low;M;1;4131;no
9703;F;Ship;4;2;159;3;low;M;5;4985;yes
9704;C;Ship;3;5;241;10;medium;F;31;2724;yes
9705;F;Ship;5;5;139;4;medium;M;61;1265;yes
9706;B;Flight;5;4;147;6;medium;F;21;1145;yes
9707;D;Road;4;2;217;2;low;M;4;5539;no
9708;C;Road;4;3;192;3;low;F;43;3498;yes
9709;F;Flight;3;1;176;3;low;M;5;5316;yes
9710;C;Ship;4;5;209;2;low;F;8;4047;no
9711;D;Ship;2;4;153;2;medium;F;57;1264;yes
9712;D;Flight;5;5;147;4;high;F;42;1642;yes
9713;D;Ship;5;3;217;4;low;M;3;5718;yes
9714;F;Road;5;1;234;3;high;F;9;5548;no
9715;B;Ship;5;2;268;3;low;M;19;2526;yes
9716;F;Flight;3;1;163;3;medium;M;59;1005;yes
9717;A;Ship;4;2;271;3;low;M;9;4085;no
9718;C;Ship;3;5;150;2;medium;M;10;5944;no
9719;F;Road;4;1;242;2;low;F;2;5825;no
9720;B;Ship;4;1;232;5;medium;F;7;1899;yes
9721;F;Flight;4;1;173;3;low;F;4;4634;no
9722;B;Road;3;4;172;10;high;M;9;4883;no
9723;D;Ship;4;2;184;3;low;M;10;4931;no
9724;A;Flight;4;5;196;5;low;F;2;5840;no
9725;B;Ship;3;5;206;4;medium;F;2;5829;yes
9726;A;Ship;4;5;261;3;high;F;2;4954;yes
9727;C;Road;4;5;273;2;low;F;9;5724;no
9728;B;Ship;5;4;223;3;medium;M;7;5738;no
9729;D;Ship;2;2;237;5;low;F;6;4622;yes
9730;F;Ship;3;5;185;3;medium;M;5;4317;yes
9731;A;Ship;4;1;173;2;low;M;5;4688;no
9732;F;Flight;3;2;227;2;medium;M;10;4290;no
9733;B;Road;4;2;187;3;high;F;5;4897;yes
9734;D;Road;2;1;157;3;low;M;58;1930;yes
9735;A;Ship;6;3;289;4;high;F;5;1708;no
9736;B;Ship;3;3;219;3;high;M;5;4321;no
9737;A;Road;4;2;233;7;medium;F;5;5361;no
9738;C;Flight;5;5;105;5;low;F;10;5418;yes
9739;B;Ship;4;4;222;2;medium;M;7;4343;no
9740;B;Road;2;3;242;2;medium;F;1;5892;yes
9741;C;Ship;5;2;188;3;medium;F;50;3992;yes
9742;D;Ship;3;2;232;2;low;F;58;2054;yes
9743;A;Ship;3;5;141;2;low;M;52;1692;yes
9744;F;Ship;3;1;195;3;medium;F;3;5961;no
9745;F;Flight;4;4;263;2;medium;M;2;5797;yes
9746;B;Ship;4;5;242;6;low;F;9;1858;no
9747;F;Road;2;5;241;4;low;F;4;5693;yes
9748;A;Ship;5;4;261;5;low;M;2;1409;no
9749;F;Road;4;3;230;3;high;F;1;5114;yes
9750;D;Ship;2;4;156;3;medium;F;8;5668;yes
9751;F;Ship;4;1;163;4;medium;M;2;5432;yes
9752;C;Ship;4;4;245;3;medium;F;7;4480;yes
9753;A;Ship;4;5;243;5;low;M;7;1243;yes
9754;F;Flight;3;4;172;2;medium;F;5;4647;no
9755;F;Ship;4;4;142;10;high;F;7;4624;no
9756;C;Ship;3;4;188;3;medium;F;49;3221;yes
9757;A;Flight;4;2;242;2;medium;F;8;5243;yes
9758;F;Ship;4;4;182;3;medium;F;8;5453;yes
9759;F;Flight;3;1;197;5;medium;F;6;5919;no
9760;A;Ship;3;1;243;3;low;F;2;4989;no
9761;D;Ship;3;3;166;2;medium;M;4;4254;yes
9762;A;Ship;6;1;103;4;low;M;2;5089;no
9763;D;Ship;5;3;270;2;low;F;7;5248;yes
9764;A;Ship;4;3;171;4;low;F;55;1539;yes
9765;C;Ship;2;5;175;5;low;F;8;4269;no
9766;C;Ship;5;4;208;2;low;M;9;4569;no
9767;B;Ship;3;2;265;6;low;M;9;5936;no
9768;B;Ship;3;2;253;2;low;M;8;5608;no
9769;F;Ship;5;2;201;3;low;M;2;5132;yes
9770;C;Ship;4;4;239;5;low;M;6;1986;yes
9771;F;Ship;6;4;299;4;low;M;9;1527;no
9772;F;Ship;4;5;215;3;medium;F;21;3984;yes
9773;D;Flight;4;3;235;3;low;F;4;5289;yes
9774;D;Flight;4;3;233;5;low;M;2;1079;no
9775;D;Road;4;3;164;3;low;M;28;1880;yes
9776;D;Ship;2;4;172;5;low;M;4;4668;no
9777;A;Ship;4;2;156;3;low;M;3;5923;no
9778;F;Ship;5;1;165;2;high;M;54;1190;yes
9779;C;Ship;2;5;164;4;medium;M;2;1439;yes
9780;A;Ship;7;3;288;4;medium;M;3;1989;no
9781;F;Ship;3;5;193;2;low;F;10;5776;no
9782;B;Ship;4;5;135;3;low;F;6;4557;no
9783;B;Ship;6;2;305;4;low;F;9;1567;no
9784;F;Ship;3;5;98;3;medium;F;3;5553;yes
9785;D;Ship;5;4;187;3;low;F;1;4181;no
9786;B;Ship;5;4;239;3;low;F;7;4960;no
9787;A;Ship;2;2;161;2;medium;F;1;1642;yes
9788;F;Flight;3;1;164;2;low;F;39;1532;yes
9789;D;Ship;4;2;139;3;medium;M;10;4648;no
9790;F;Flight;3;2;263;3;low;F;57;2113;yes
9791;C;Ship;4;5;186;3;low;F;16;2693;yes
9792;D;Ship;6;2;260;4;low;F;8;1522;no
9793;A;Ship;5;2;173;4;high;F;9;4307;no
9794;F;Road;5;2;258;5;low;M;3;1824;no
9795;C;Ship;6;5;229;8;medium;F;2;4271;yes
9796;F;Road;3;3;242;2;medium;F;7;4960;no
9797;C;Ship;3;2;227;3;medium;M;6;5058;no
9798;C;Ship;4;3;185;5;low;F;9;5648;no
9799;C;Road;3;5;179;2;low;F;17;1364;yes
9800;A;Flight;3;2;241;3;medium;F;60;3922;yes
9801;F;Flight;6;1;309;4;low;F;6;1866;yes
9802;F;Ship;2;4;245;2;medium;F;3;5850;yes
9803;F;Ship;4;5;157;3;low;M;20;1487;yes
9804;F;Road;3;3;273;4;low;M;12;2151;yes
9805;B;Ship;3;2;214;2;medium;M;7;1693;no
9806;B;Ship;4;5;196;2;medium;F;3;5505;no
9807;F;Ship;5;2;111;4;medium;F;7;4424;no
9808;B;Ship;3;4;247;2;low;M;2;4975;yes
9809;F;Road;4;2;247;5;low;M;10;1515;no
9810;D;Flight;3;2;138;2;medium;M;8;5714;no
9811;F;Ship;3;4;222;3;low;M;6;5819;no
9812;F;Ship;2;4;223;3;medium;F;19;3356;yes
9813;A;Ship;4;2;271;3;medium;F;4;5902;no
9814;D;Ship;5;4;190;2;medium;M;9;3753;yes
9815;F;Ship;3;2;233;5;low;M;44;2010;yes
9816;D;Flight;3;1;237;3;medium;F;1;4476;yes
9817;F;Ship;5;5;152;6;medium;M;2;4915;yes
9818;D;Ship;6;3;275;5;low;M;41;2491;yes
9819;F;Ship;4;5;213;4;low;M;39;2381;yes
9820;D;Ship;4;1;216;6;low;M;9;1678;yes
9821;F;Ship;3;3;218;3;medium;M;48;3425;yes
9822;F;Ship;4;1;255;3;medium;F;6;4313;yes
9823;F;Ship;7;1;289;4;low;F;4;1543;yes
9824;B;Flight;3;3;221;2;medium;F;5;4205;yes
9825;D;Flight;4;5;251;5;high;M;8;4573;no
9826;B;Ship;5;2;240;6;medium;F;2;1852;yes
9827;C;Ship;4;2;166;3;medium;F;8;4758;no
9828;D;Ship;6;1;229;6;low;M;35;3239;yes
9829;B;Flight;4;3;226;3;medium;M;10;5305;no
9830;A;Ship;3;2;214;2;low;M;26;3503;yes
9831;A;Flight;3;2;173;3;high;M;60;1582;yes
9832;F;Ship;6;5;185;3;high;F;1;5399;yes
9833;B;Flight;4;2;253;2;low;F;4;4502;yes
9834;B;Ship;5;5;219;3;medium;M;27;3430;yes
9835;A;Ship;4;3;153;2;medium;M;1;4366;yes
9836;D;Ship;4;4;205;4;low;F;6;5064;no
9837;D;Ship;4;5;143;8;low;M;38;1095;yes
9838;F;Ship;5;5;140;8;medium;M;2;4793;yes
9839;C;Ship;2;5;130;3;low;M;16;1092;yes
9840;A;Ship;5;3;280;4;medium;F;4;5192;no
9841;B;Ship;6;5;261;4;low;F;9;1266;yes
9842;A;Ship;3;1;145;3;high;F;10;4364;no
9843;A;Ship;4;2;144;5;low;F;3;5807;yes
9844;C;Ship;7;2;281;4;low;F;6;1118;yes
9845;D;Ship;3;2;150;3;low;M;2;4660;yes
9846;F;Ship;4;2;173;2;low;F;30;1336;yes
9847;F;Ship;6;1;288;4;medium;M;8;1806;yes
9848;F;Road;5;1;217;2;low;F;9;4345;no
9849;F;Flight;3;4;149;3;medium;F;3;4540;no
9850;C;Ship;4;2;198;3;medium;M;10;5487;yes
9851;F;Ship;3;3;168;2;low;F;10;4583;yes
9852;F;Ship;6;1;208;5;low;M;6;4537;no
9853;C;Road;4;4;169;3;medium;M;5;5743;no
9854;B;Road;3;5;264;6;low;M;30;2751;yes
9855;B;Flight;6;1;242;5;low;F;5;1555;no
9856;F;Road;3;3;259;2;high;M;8;4481;no
9857;B;Ship;6;2;245;4;low;F;9;1594;no
9858;D;Flight;3;4;259;4;medium;F;5;4564;yes
9859;D;Ship;4;1;238;3;low;F;33;2013;yes
9860;B;Flight;3;2;218;3;medium;F;52;2149;yes
9861;F;Ship;5;5;243;3;medium;M;3;5700;yes
9862;F;Ship;2;4;208;3;medium;F;6;4226;yes
9863;F;Flight;5;3;238;5;low;M;1;1871;yes
9864;F;Ship;3;1;181;3;medium;M;22;3266;yes
9865;A;Flight;4;3;255;5;low;M;18;3644;yes
9866;C;Ship;5;2;160;3;high;M;3;4599;no
9867;F;Flight;5;2;151;3;medium;M;20;1395;yes
9868;C;Ship;2;4;182;4;medium;M;1;3624;yes
9869;C;Road;3;3;176;3;medium;M;9;5575;no
9870;F;Ship;3;3;172;3;low;F;58;1269;yes
9871;B;Ship;3;4;247;4;low;M;59;2939;yes
9872;A;Ship;3;3;217;3;medium;M;10;5439;no
9873;B;Ship;4;1;97;2;high;M;15;1836;yes
9874;F;Ship;5;5;270;3;low;F;9;5807;yes
9875;B;Road;3;4;228;4;medium;M;6;4947;no
9876;F;Ship;7;5;255;4;low;F;2;1826;yes
9877;D;Road;2;2;159;6;low;F;6;4044;no
9878;A;Ship;3;5;154;3;high;F;2;4219;no
9879;C;Ship;4;4;217;3;high;F;26;2875;yes
9880;D;Ship;2;4;100;4;low;M;3;5398;no
9881;C;Ship;3;2;177;3;low;F;5;5941;no
9882;F;Road;4;5;222;3;medium;F;8;4950;no
9883;B;Ship;3;3;148;3;low;M;1;5700;no
9884;F;Ship;3;3;133;3;low;M;5;5937;no
9885;D;Ship;5;1;267;3;low;M;7;5789;yes
9886;A;Road;5;5;186;4;low;M;3;4287;no
9887;B;Ship;5;5;188;3;low;F;7;4485;yes
9888;F;Ship;6;5;255;4;low;F;9;1197;no
9889;A;Road;3;5;246;3;low;F;2;5556;yes
9890;B;Ship;4;5;227;10;low;M;7;4403;no
9891;B;Ship;3;4;181;2;medium;F;4;4629;no
9892;A;Ship;5;3;219;6;;F;9;1019;no
9893;A;Road;4;4;148;3;medium;F;5;4892;no
9894;A;Ship;3;5;271;2;medium;F;6;4020;yes
9895;C;Ship;5;2;178;3;medium;M;60;1176;yes
9896;A;Ship;3;4;247;3;low;F;4;5844;no
9897;A;Road;3;1;134;3;low;F;7;5802;yes
9898;D;Ship;2;5;233;3;medium;M;10;5211;yes
9899;D;Flight;6;4;270;4;low;F;10;1698;no
9900;A;Ship;4;3;197;4;medium;M;9;4429;no
9901;F;Road;6;3;192;4;low;M;9;5239;yes
9902;B;Road;3;2;188;3;medium;M;8;5709;no
9903;C;Ship;4;5;151;3;medium;F;10;5275;no
9904;F;Ship;3;4;163;3;high;F;6;5912;no
9905;F;Ship;5;1;174;6;medium;M;44;1635;yes
9906;B;Ship;3;1;174;4;low;M;18;1072;yes
9907;F;Ship;4;4;160;5;low;M;6;4055;no
9908;C;Ship;3;3;153;3;medium;M;5;4578;yes
9909;D;Ship;2;5;113;5;low;M;43;1638;yes
9910;A;Flight;3;2;278;4;medium;M;9;1631;no
9911;D;Ship;3;3;165;4;medium;M;3;4235;no
9912;D;Ship;5;5;246;3;medium;F;9;4107;no
9913;B;Ship;3;1;225;4;low;F;10;4080;yes
9914;B;Ship;2;3;247;2;medium;F;62;3127;yes
9915;B;Ship;4;4;183;4;low;F;6;4562;yes
9916;A;Flight;5;5;175;6;medium;F;2;4995;yes
9917;B;Ship;4;5;242;2;low;F;1;5682;yes
9918;D;Ship;7;1;278;4;low;M;10;1508;yes
9919;F;Ship;4;5;263;2;low;M;62;2267;yes
9920;D;Ship;4;1;264;3;low;F;39;3719;yes
9921;D;Ship;5;2;146;7;low;M;7;5204;no
9922;A;Ship;4;5;188;3;medium;M;8;4125;no
9923;C;Ship;3;4;225;4;low;M;10;4460;yes
9924;F;Ship;3;4;266;2;high;M;49;2643;yes
9925;F;Road;3;3;203;3;low;M;4;3114;yes
9926;B;Ship;3;4;205;3;high;F;1;5407;no
9927;C;Road;5;1;258;3;high;M;3;4908;no
9928;F;Ship;2;2;158;3;medium;F;2;4153;no
9929;D;Ship;2;4;114;5;high;F;5;5334;yes
9930;A;Ship;4;1;241;4;medium;M;5;5080;no
9931;F;Ship;2;4;204;10;low;F;4;4679;yes
9932;B;Ship;4;4;185;3;low;M;13;2080;yes
9933;A;Ship;6;4;217;5;low;F;7;3725;yes
9934;A;Ship;6;3;218;6;high;M;8;5879;no
9935;C;Ship;3;2;248;3;medium;M;8;5171;no
9936;A;Flight;3;4;215;2;low;F;8;5683;no
9937;F;Ship;3;3;158;3;low;F;6;5261;yes
9938;F;Ship;4;4;207;2;medium;M;35;2596;yes
9939;F;Flight;7;5;310;4;low;F;5;1975;no
9940;D;Ship;3;2;204;3;low;F;8;4586;yes
9941;D;Road;4;4;186;2;low;F;1;4519;no
9942;B;Ship;5;2;214;6;low;F;3;3234;yes
9943;F;Ship;3;3;205;3;low;M;10;5714;no
9944;A;Road;4;5;274;10;medium;F;5;3910;yes
9945;F;Ship;4;5;246;2;medium;F;3;5705;no
9946;B;Flight;2;5;157;6;high;F;17;1764;yes
9947;C;Road;4;2;108;10;medium;M;5;4645;no
9948;C;Ship;4;1;263;3;high;M;5;4782;no
9949;F;Ship;4;4;189;2;medium;M;3;5837;yes
9950;A;Ship;5;1;230;4;medium;M;4;5363;no
9951;D;Ship;5;1;226;2;low;M;18;2582;yes
9952;C;Ship;3;3;179;2;low;M;5;5058;no
9953;B;Ship;6;1;185;4;high;F;10;5254;yes
9954;A;Ship;4;2;162;2;low;M;16;1014;yes
9955;C;Flight;2;3;160;2;high;M;3;4409;no
9956;D;Ship;4;4;168;3;low;F;35;1434;yes
9957;A;Ship;3;2;211;2;low;M;4;4978;yes
9958;F;Road;6;2;224;3;medium;F;26;3247;yes
9959;F;Ship;3;5;187;3;low;M;20;2374;yes
9960;F;Road;4;4;139;3;high;F;64;1415;yes
9961;F;Road;5;1;145;3;low;F;5;5019;no
9962;A;Ship;5;5;218;5;medium;F;7;1692;no
9963;C;Ship;4;3;258;3;low;F;12;2017;yes
9964;C;Ship;4;5;223;3;medium;F;9;5279;yes
9965;B;Ship;7;3;267;4;low;M;7;1384;no
9966;B;Flight;4;5;219;2;low;M;4;4197;yes
9967;A;Flight;3;4;186;6;low;F;8;4134;no
9968;F;Road;3;5;241;3;medium;M;10;5099;yes
9969;A;Ship;5;2;146;3;low;F;5;4725;no
9970;A;Ship;4;4;251;4;low;F;10;5984;no
9971;C;Road;4;2;221;2;medium;M;54;3065;yes
9972;F;Ship;3;3;204;2;medium;F;5;5399;no
9973;D;Road;5;4;269;3;medium;M;15;2522;yes
9974;D;Ship;3;2;160;3;low;F;7;4468;no
9975;F;Ship;2;2;154;3;medium;M;38;7846;yes
9976;C;Ship;4;2;252;3;medium;M;8;4262;yes
9977;A;Ship;4;4;254;5;low;M;9;1654;yes
9978;F;Ship;5;3;224;2;medium;M;1;5603;no
9979;F;Road;4;1;226;7;low;M;41;2964;yes
9980;A;Ship;3;3;126;6;low;M;8;5084;yes
9981;F;Ship;3;3;152;3;medium;M;5;1385;yes
9982;B;Ship;4;1;216;4;low;M;4;2263;yes
9983;F;Ship;2;3;226;3;low;M;8;5119;no
9984;D;Flight;3;3;203;3;medium;F;3;4196;no
9985;C;Ship;6;2;245;4;low;F;8;1904;no
9986;D;Road;4;5;140;2;medium;F;5;4347;yes
9987;B;Ship;4;3;218;2;low;F;7;4423;no
9988;C;Ship;3;1;230;2;medium;F;18;2832;yes
9989;F;Flight;3;1;194;2;low;M;8;4335;yes
9990;F;Flight;2;5;156;5;medium;M;7;5780;no
9991;B;Road;4;3;190;10;low;M;34;3935;yes
9992;A;Ship;4;4;233;3;low;F;5;5421;no
9993;F;Ship;3;2;135;3;low;M;27;1898;yes
9994;B;Flight;4;4;141;2;low;F;30;1130;yes
9995;F;Ship;2;2;176;5;low;F;55;1211;yes
9996;F;Ship;2;2;206;5;low;F;7;5203;no
9997;D;Ship;5;1;232;5;low;M;6;1427;no
9998;C;Road;4;2;190;4;medium;M;61;2077;yes
9999;C;Ship;5;2;162;3;high;M;57;1233;yes
10000;F;Ship;5;3;254;6;low;M;7;1064;no
10001;A;Flight;4;2;150;3;low;F;48;1193;yes
10002;F;Road;3;5;226;2;medium;M;3;4208;yes
10003;B;Ship;4;3;108;6;low;F;22;1745;yes
10004;A;Road;4;2;148;2;low;M;5;4031;no
10005;C;Flight;4;4;239;2;medium;M;4;4304;yes
10006;F;Ship;4;5;258;3;medium;F;37;2289;yes
10007;B;Ship;6;3;154;5;medium;F;57;1117;yes
10008;A;Ship;3;2;177;4;low;F;3;4199;yes
10009;A;Flight;6;4;260;3;medium;M;9;4730;yes
10010;A;Ship;4;3;148;3;high;F;7;5034;yes
10011;F;Ship;5;1;258;2;medium;F;22;3713;yes
10012;F;Ship;6;2;292;4;low;F;2;1565;no
10013;B;Ship;4;2;258;5;medium;F;1;1010;no
10014;D;Ship;5;2;287;3;medium;F;3;4903;yes
10015;B;Ship;5;2;172;2;low;F;2;1680;no
10016;D;Road;3;3;259;3;medium;F;5;4664;no
10017;C;Road;3;3;157;4;medium;F;2;5684;no
10018;F;Ship;5;5;227;3;medium;M;36;3952;yes
10019;A;Ship;4;1;188;2;low;M;10;5085;yes
10020;A;Road;4;3;210;3;low;M;3;2742;yes
10021;D;Ship;3;2;231;3;low;M;55;3952;yes
10022;A;Flight;4;3;159;3;low;M;33;1330;yes
10023;C;Ship;4;1;180;3;medium;M;27;1551;yes
10024;D;Ship;6;4;293;4;low;F;8;1145;yes
10025;C;Ship;5;4;226;6;low;F;3;1223;yes
10026;A;Ship;3;1;238;6;medium;F;59;3375;yes
10027;D;Road;2;5;170;5;low;F;10;5621;yes
10028;B;Ship;4;2;268;3;low;F;3;5488;yes
10029;C;Ship;4;3;197;2;low;M;7;5449;no
10030;F;Ship;3;4;106;6;medium;F;7;4621;no
10031;A;Ship;5;1;276;5;low;F;6;1793;no
10032;C;Ship;5;2;165;5;medium;M;9;5313;no
10033;D;Ship;3;3;237;3;low;F;7;4062;no
10034;D;Ship;4;1;263;5;low;M;1;1605;yes
10035;D;Ship;5;5;240;6;low;F;10;1986;no
10036;D;Ship;5;3;181;4;low;F;2;5332;no
10037;A;Ship;3;4;213;2;medium;F;6;5374;yes
10038;C;Flight;3;4;183;3;low;F;1;5959;yes
10039;D;Ship;5;2;141;2;medium;F;1;4287;no
10040;C;Ship;5;1;195;3;low;M;37;3690;yes
10041;B;Ship;3;4;211;3;medium;M;8;3710;yes
10042;B;Ship;6;4;294;4;medium;M;6;1112;no
10043;F;Road;3;2;217;2;high;M;19;2992;yes
10044;C;Ship;3;1;225;3;medium;M;2;4284;no
10045;A;Road;6;3;241;6;high;F;8;3878;yes
10046;C;Ship;3;3;156;3;high;F;20;1305;yes
10047;B;Ship;6;4;292;4;medium;F;7;1094;yes
10048;B;Ship;5;2;140;4;high;M;58;1175;yes
10049;D;Road;3;5;163;3;low;M;5;4570;no
10050;D;Road;3;4;174;2;low;F;4;4295;yes
10051;D;Ship;2;3;197;3;low;F;7;4632;no
10052;A;Ship;6;3;202;4;medium;F;3;4496;yes
10053;D;Road;4;3;228;5;medium;M;8;1753;yes
10054;F;Road;4;3;162;2;medium;F;58;1708;yes
10055;F;Road;4;4;205;2;medium;F;8;5876;no
10056;F;Ship;2;5;246;5;low;M;46;2437;yes
10057;A;Ship;4;1;216;3;low;F;43;2643;yes
10058;D;Flight;6;1;273;4;medium;F;6;1524;no
10059;D;Road;3;1;224;3;low;F;48;3672;yes
10060;D;Ship;4;4;212;4;medium;F;2;3830;yes
10061;F;Flight;3;3;175;3;low;M;2;5740;yes
10062;F;Ship;5;4;135;2;medium;F;20;1908;yes
10063;F;Ship;3;1;204;10;medium;M;5;5375;no
10064;C;Ship;3;1;209;2;low;F;2;4855;no
10065;A;Ship;3;2;143;6;medium;M;63;1953;yes
10066;C;Flight;4;1;215;3;low;F;2;5563;yes
10067;B;Ship;4;1;188;2;low;M;6;5894;yes
10068;B;Ship;6;1;138;3;low;M;6;1604;no
10069;A;Ship;6;1;307;4;low;F;3;1977;no
10070;A;Ship;3;4;117;3;low;F;6;4046;no
10071;D;Ship;3;1;243;4;high;M;59;3838;yes
10072;B;Road;4;3;207;4;low;M;5;5008;yes
10073;F;Ship;5;5;164;5;low;M;52;1644;yes
10074;B;Ship;5;3;237;5;medium;F;4;1733;yes
10075;A;Ship;4;1;224;2;low;F;6;4454;yes
10076;A;Ship;5;2;184;3;low;F;4;4552;no
10077;C;Ship;4;3;160;2;low;M;9;5940;no
10078;D;Ship;3;5;272;10;medium;M;59;2182;yes
10079;F;Ship;3;3;144;3;medium;M;8;5727;no
10080;A;Ship;5;5;244;2;low;M;10;5794;no
10081;A;Flight;3;4;120;4;high;M;10;5537;no
10082;F;Ship;3;2;224;3;medium;M;2;4015;no
10083;B;Road;3;2;143;4;medium;F;22;1249;yes
10084;F;Flight;3;5;245;4;medium;M;4;2769;yes
10085;F;Road;3;3;147;4;low;F;60;1722;yes
10086;A;Ship;3;5;103;3;low;M;3;1403;yes
10087;B;Ship;3;2;243;3;medium;M;31;3943;yes
10088;F;Ship;5;3;257;5;low;M;7;1090;no
10089;D;Ship;3;1;224;3;low;M;8;4908;no
10090;B;Ship;4;2;232;3;medium;M;8;4658;yes
10091;F;Ship;4;3;119;3;low;F;40;1233;yes
10092;A;Ship;3;5;258;3;low;F;5;4494;no
10093;C;Ship;6;5;264;4;medium;F;9;1922;yes
10094;C;Ship;4;5;192;2;medium;F;36;2497;yes
10095;F;Ship;4;3;273;2;high;M;43;3462;yes
10096;A;Ship;5;1;263;2;medium;F;4;1092;yes
10097;D;Ship;3;5;266;3;medium;M;16;2334;yes
10098;F;Ship;7;4;291;4;medium;M;1;1817;yes
10099;F;Ship;4;1;140;2;low;M;8;4926;no
10100;C;Ship;3;5;223;3;medium;M;53;3670;yes
10101;A;Ship;3;5;271;4;low;F;10;1679;yes
10102;F;Flight;3;4;164;10;medium;F;10;4134;no
10103;A;Ship;5;1;227;3;low;F;19;3007;yes
10104;C;Ship;4;1;111;4;medium;M;10;4711;no
10105;A;Ship;3;5;243;3;low;M;1;4623;no
10106;F;Ship;6;5;298;4;medium;F;8;1759;yes
10107;C;Ship;4;1;274;4;medium;M;57;3332;yes
10108;F;Ship;6;4;297;4;low;F;9;1249;yes
10109;C;Ship;4;1;208;7;high;M;8;2193;yes
10110;A;Flight;5;5;132;2;high;M;6;4392;no
10111;A;Ship;3;2;171;3;medium;M;11;1282;yes
10112;C;Flight;4;1;156;2;medium;M;4;5225;no
10113;D;Flight;4;2;214;3;medium;F;20;2009;yes
10114;B;Road;3;5;230;3;low;F;49;3477;yes
10115;B;Flight;3;4;180;6;medium;F;3;5605;no
10116;F;Ship;4;2;270;2;high;F;3;4914;yes
10117;B;Road;3;3;250;3;low;F;5;4625;no
10118;A;Ship;3;1;142;4;medium;M;7;4780;no
10119;F;Ship;5;5;163;3;low;M;54;1536;yes
10120;F;Ship;5;3;252;2;low;M;11;3036;yes
10121;F;Ship;7;4;269;4;medium;M;5;1073;no
10122;D;Ship;3;3;195;7;medium;F;4;4614;no
10123;A;Ship;6;3;259;5;medium;F;1;1271;no
10124;F;Road;4;3;283;7;high;F;1;4216;yes
10125;A;Ship;3;3;137;4;low;M;6;4803;yes
10126;B;Ship;4;1;218;5;low;F;5;1238;no
10127;C;Ship;5;2;266;10;high;M;9;4784;yes
10128;B;Ship;3;2;196;6;low;M;6;5414;no
10129;D;Ship;5;3;219;5;low;F;6;1553;no
10130;D;Ship;4;2;233;4;high;F;6;5256;no
10131;D;Flight;5;2;247;3;low;M;17;3889;yes
10132;B;Ship;7;1;245;4;medium;M;4;1653;yes
10133;C;Ship;2;1;248;6;low;F;2;5182;no
10134;A;Ship;4;1;173;2;medium;M;53;1251;yes
10135;D;Ship;6;4;275;4;low;F;4;1192;yes
10136;C;Flight;5;3;259;3;low;F;45;3335;yes
10137;D;Flight;5;5;142;4;low;M;5;5749;no
10138;B;Ship;3;3;174;2;low;F;1;5556;no
10139;A;Ship;5;3;242;3;low;F;10;4889;yes
10140;A;Ship;3;2;143;4;low;F;3;5845;no
10141;B;Ship;4;5;164;4;low;F;4;5736;no
10142;C;Ship;4;5;151;4;medium;M;10;4796;no
10143;C;Flight;5;5;260;5;low;F;2;1128;no
10144;D;Ship;4;5;172;2;medium;M;7;4559;no
10145;F;Road;4;3;240;8;medium;M;8;4319;yes
10146;A;Flight;3;2;141;3;low;M;7;1933;yes
10147;F;Ship;6;3;273;4;medium;F;32;2532;yes
10148;F;Ship;4;3;192;3;medium;F;10;5190;no
10149;F;Ship;5;2;183;5;high;F;8;4820;no
10150;C;Ship;3;1;210;3;medium;M;4;5683;no
10151;A;Ship;3;1;178;4;medium;M;9;5727;yes
10152;F;Flight;4;2;139;4;low;F;41;1511;yes
10153;C;Ship;5;3;148;3;low;M;7;4714;no
10154;B;Ship;4;2;146;3;medium;M;7;4381;yes
10155;A;Ship;2;5;228;2;low;F;49;3024;yes
10156;F;Ship;3;1;268;3;low;M;2;4746;yes
10157;D;Ship;3;3;181;3;low;F;1;5094;yes
10158;B;Ship;4;1;144;2;high;M;35;1072;yes
10159;B;Road;4;2;251;6;low;F;3;1297;no
10160;A;Ship;3;5;267;2;low;F;16;2913;yes
10161;F;Flight;5;3;228;5;high;M;9;1924;no
10162;F;Ship;6;3;259;4;high;F;7;1208;no
10163;A;Road;3;1;201;4;medium;F;9;5721;yes
10164;A;Flight;3;2;169;2;medium;F;10;4038;yes
10165;A;Ship;2;1;139;2;medium;F;2;4520;yes
10166;B;Flight;6;5;301;4;low;F;3;1958;no
10167;F;Ship;3;4;242;3;high;M;54;3011;yes
10168;F;Ship;4;4;253;2;medium;F;5;5624;no
10169;C;Ship;3;4;175;2;medium;M;9;5643;yes
10170;B;Flight;4;3;262;2;medium;F;3;4064;yes
10171;C;Ship;5;4;254;5;low;M;10;1350;no
10172;B;Ship;4;2;204;3;medium;M;14;3829;yes
10173;D;Ship;2;3;142;3;medium;F;38;7640;yes
10174;B;Ship;6;1;147;3;medium;F;5;4012;no
10175;F;Road;4;1;182;3;medium;M;28;2005;yes
10176;F;Ship;4;2;233;2;low;F;5;4817;no
10177;F;Ship;3;2;268;3;low;M;9;4215;no
10178;C;Ship;7;4;305;4;medium;F;6;1873;no
10179;A;Flight;4;2;148;2;medium;M;3;4651;no
10180;A;Flight;3;1;185;2;medium;F;34;3299;yes
10181;B;Ship;5;1;227;3;low;F;14;2589;yes
10182;D;Road;3;1;174;3;low;M;7;4318;yes
10183;F;Ship;6;2;243;4;low;M;9;1258;yes
10184;B;Ship;5;1;137;4;high;F;1;4042;no
10185;B;Ship;4;2;265;4;medium;F;10;4575;yes
10186;D;Flight;7;2;279;4;medium;F;1;1480;no
10187;D;Ship;3;4;182;3;medium;F;2;5281;yes
10188;F;Ship;3;4;145;8;low;F;15;1429;yes
10189;A;Road;5;2;146;2;low;M;2;4075;no
10190;C;Flight;3;3;135;3;low;M;56;1490;yes
10191;F;Flight;4;1;167;3;low;F;57;1782;yes
10192;B;Ship;4;2;190;5;high;F;38;3022;yes
10193;A;Ship;3;5;157;3;low;M;7;5100;no
10194;F;Ship;4;3;140;2;medium;F;2;5042;no
10195;D;Ship;4;1;192;4;high;M;10;4570;yes
10196;C;Ship;5;1;251;4;low;M;1;5011;yes
10197;B;Flight;3;2;242;5;medium;M;6;4694;no
10198;D;Road;4;4;212;2;medium;M;8;4239;no
10199;B;Ship;4;1;258;3;medium;M;3;3928;yes
10200;A;Ship;3;1;223;2;low;M;8;5719;yes
10201;F;Flight;4;5;221;3;low;F;43;3561;yes
10202;F;Road;4;3;140;8;medium;M;8;4065;yes
10203;C;Flight;4;5;157;3;medium;M;10;5898;yes
10204;D;Ship;3;4;188;3;high;M;11;3072;yes
10205;F;Ship;3;1;121;5;low;M;62;1505;yes
10206;B;Ship;4;3;150;4;low;F;4;1021;no
10207;C;Flight;2;5;202;3;low;M;50;2587;yes
10208;A;Ship;5;4;271;3;low;M;3;5218;yes
10209;D;Road;5;2;223;5;medium;F;6;1883;no
10210;D;Ship;3;3;160;4;medium;F;7;5147;no
10211;A;Ship;3;4;212;2;low;M;33;2021;yes
10212;B;Flight;4;2;273;5;medium;F;6;2126;yes
10213;A;Ship;3;1;186;3;medium;F;4;5515;yes
10214;A;Ship;3;1;178;5;low;F;15;1242;yes
10215;F;Ship;4;5;245;2;low;F;19;2616;yes
10216;F;Flight;5;5;190;4;medium;F;47;3644;yes
10217;A;Ship;4;1;240;3;low;M;50;2430;yes
10218;B;Ship;4;5;207;2;low;F;3;5270;yes
10219;C;Ship;4;2;273;2;low;F;31;2229;yes
10220;C;Flight;3;2;224;3;medium;M;63;2085;yes
10221;F;Road;5;4;239;2;low;M;35;2107;yes
10222;F;Flight;5;2;165;3;medium;F;10;5598;no
10223;B;Ship;3;2;198;4;medium;F;4;4564;no
10224;D;Ship;4;5;249;2;low;M;4;2725;yes
10225;D;Ship;5;5;234;6;medium;F;60;2443;yes
10226;C;Ship;2;5;186;2;medium;M;10;4506;no
10227;D;Ship;4;2;222;3;low;F;3;5130;no
10228;A;Road;3;3;157;3;low;F;6;5187;no
10229;F;Ship;5;5;137;3;low;M;5;5914;yes
10230;A;Ship;7;1;306;4;medium;M;5;1467;no
10231;F;Ship;3;2;263;3;medium;F;3;4181;no
10232;C;Ship;5;2;150;3;medium;M;63;1807;yes
10233;D;Ship;3;3;239;6;low;M;7;4501;yes
10234;A;Ship;4;1;214;5;medium;M;51;2669;yes
10235;F;Ship;4;3;257;3;low;M;8;4447;yes
10236;D;Road;6;1;246;3;medium;M;7;4733;yes
10237;D;Ship;3;3;135;3;medium;M;2;5860;no
10238;B;Flight;4;5;257;3;medium;M;5;4180;no
10239;C;Ship;4;4;157;2;low;F;2;1087;yes
10240;C;Ship;3;5;139;2;low;F;7;4449;yes
10241;C;Ship;5;5;226;4;low;F;10;5676;yes
10242;B;Ship;3;4;261;4;medium;F;7;5731;no
10243;C;Road;3;2;172;2;low;F;9;4532;yes
10244;B;Ship;3;4;259;2;medium;F;3;4154;yes
10245;D;Flight;3;4;271;3;medium;M;1;4444;yes
10246;D;Ship;4;4;222;4;medium;M;6;4733;no
10247;F;Ship;4;3;249;5;low;F;10;1067;yes
10248;D;Ship;4;4;188;3;low;M;7;5720;no
10249;F;Road;4;2;167;4;low;F;20;1705;yes
10250;D;Flight;7;3;295;4;low;F;9;1235;no
10251;F;Ship;3;2;239;3;low;F;10;4486;no
10252;A;Ship;5;1;267;5;medium;F;10;1818;no
10253;F;Ship;5;2;172;3;medium;M;65;1667;yes
10254;F;Ship;4;1;181;3;medium;M;38;3258;yes
10255;A;Flight;4;5;270;3;low;M;30;2720;yes
10256;F;Ship;3;4;155;2;low;F;37;1780;yes
10257;C;Ship;4;1;189;10;medium;F;2;4505;yes
10258;C;Ship;4;2;273;2;low;F;5;5608;yes
10259;A;Flight;3;1;153;3;low;M;9;4404;no
10260;F;Road;3;3;253;3;medium;M;7;5085;no
10261;C;Ship;2;4;178;4;medium;F;8;4620;no
10262;B;Ship;5;1;279;4;low;F;3;1499;no
10263;D;Flight;3;2;240;3;medium;M;2;4804;no
10264;F;Ship;2;1;222;2;medium;M;58;3626;yes
10265;B;Ship;6;5;161;4;medium;F;20;1338;yes
10266;F;Flight;3;3;231;3;medium;F;4;4088;no
10267;A;Ship;6;4;197;5;medium;M;4;5889;yes
10268;F;Ship;7;5;289;4;low;F;5;1864;yes
10269;F;Ship;4;5;184;3;low;M;5;4039;yes
10270;A;Ship;5;1;215;4;low;F;56;3905;yes
10271;A;Ship;4;1;190;10;low;F;35;3819;yes
10272;A;Flight;3;2;180;4;medium;M;52;1329;yes
10273;C;Ship;4;4;140;8;medium;F;2;5481;no
10274;A;Ship;4;4;221;10;high;M;6;5582;yes
10275;D;Ship;3;3;245;2;medium;F;16;2577;yes
10276;C;Road;6;3;310;4;low;F;2;1189;no
10277;F;Road;6;4;306;4;low;M;9;1595;no
10278;F;Ship;3;1;155;3;low;M;49;1203;yes
10279;F;Ship;3;2;188;3;low;F;33;3335;yes
10280;C;Ship;5;4;215;2;low;F;45;3501;yes
10281;D;Ship;4;3;203;3;high;M;12;3539;yes
10282;F;Ship;3;1;202;2;medium;F;7;4506;yes
10283;F;Flight;5;2;205;3;medium;F;1;4351;no
10284;F;Road;4;4;280;3;medium;M;5;5624;no
10285;C;Ship;4;1;246;6;low;F;6;1335;yes
10286;F;Ship;6;3;251;5;medium;M;8;4877;no
10287;F;Ship;4;4;276;2;medium;F;3;4306;yes
10288;A;Ship;5;1;257;5;high;F;2;1323;no
10289;F;Ship;5;5;166;3;medium;F;20;1267;yes
10290;F;Ship;3;2;156;7;medium;F;9;5313;yes
10291;A;Ship;5;4;275;2;medium;M;10;5395;yes
10292;D;Ship;7;2;300;4;medium;F;10;1179;no
10293;D;Ship;4;5;169;4;low;F;6;4213;no
10294;C;Ship;6;3;282;4;medium;F;8;1375;no
10295;D;Ship;3;1;201;6;medium;F;3;2497;yes
10296;F;Ship;3;2;182;2;low;F;40;2592;yes
10297;D;Ship;4;3;147;3;medium;M;1;5454;no
10298;F;Ship;4;2;237;2;low;F;1;5261;no
10299;F;Ship;5;1;232;5;low;M;4;1776;no
10300;F;Ship;4;2;262;4;low;M;2;5311;no
10301;F;Flight;4;2;238;2;low;M;1;5229;no
10302;A;Road;6;4;262;5;low;M;9;1369;no
10303;F;Ship;3;5;237;4;low;M;28;3903;yes
10304;B;Ship;4;4;275;3;low;M;10;5674;yes
10305;A;Ship;3;3;228;2;low;M;5;4470;no
10306;D;Ship;2;3;273;4;low;M;3;5079;no
10307;F;Ship;2;3;160;4;low;F;53;1850;yes
10308;B;Ship;3;5;133;3;medium;M;7;4314;no
10309;F;Ship;3;2;215;2;low;F;7;4305;no
10310;D;Ship;4;4;223;10;low;M;24;3271;yes
10311;F;Ship;3;2;160;10;medium;M;25;1548;yes
10312;C;Ship;4;4;243;3;low;F;36;2111;yes
10313;D;Road;4;5;268;3;medium;F;3;2758;yes
10314;D;Road;2;3;158;3;low;F;13;1245;yes
10315;D;Flight;4;4;160;3;medium;M;5;4440;no
10316;D;Ship;5;3;142;4;medium;F;4;5116;yes
10317;D;Ship;3;1;221;4;medium;F;8;5971;no
10318;F;Road;4;4;155;4;low;F;10;5483;yes
10319;C;Ship;2;2;150;2;medium;F;9;4917;yes
10320;A;Road;6;4;143;4;medium;M;4;4401;no
10321;D;Flight;6;5;118;2;low;F;6;1726;yes
10322;B;Ship;5;3;260;2;low;M;10;5633;no
10323;B;Ship;4;1;155;3;low;F;4;4397;no
10324;B;Ship;7;1;308;4;medium;M;7;1841;yes
10325;D;Ship;7;5;255;4;low;F;9;1367;no
10326;A;Flight;4;5;148;2;medium;F;43;1087;yes
10327;B;Ship;4;4;168;2;medium;M;63;1474;yes
10328;A;Road;4;1;274;4;medium;M;61;3402;yes
10329;A;Ship;4;1;235;4;low;M;22;2066;yes
10330;B;Flight;2;1;121;2;medium;F;18;1839;yes
10331;B;Ship;3;3;150;3;low;M;5;5328;no
10332;F;Flight;3;4;223;10;low;F;9;4337;no
10333;C;Flight;5;2;159;3;low;M;5;4930;no
10334;D;Ship;6;1;300;5;low;F;10;1787;no
10335;A;Road;4;5;139;2;medium;F;1;4606;no
10336;A;Flight;3;1;185;3;medium;M;3;3051;yes
10337;D;Flight;3;3;203;3;medium;M;7;4977;yes
10338;B;Ship;5;3;224;2;low;M;6;5962;yes
10339;F;Road;4;3;240;5;medium;F;5;1301;no
10340;C;Ship;4;3;225;5;low;M;8;4195;no
10341;F;Flight;3;1;224;2;low;M;9;4007;yes
10342;C;Flight;3;5;151;6;low;M;8;4692;yes
10343;F;Ship;2;2;201;3;high;M;2;4865;yes
10344;D;Road;3;1;135;3;low;F;38;1829;yes
10345;C;Flight;6;3;274;4;low;M;2;1833;yes
10346;D;Ship;4;1;229;4;low;F;3;4352;yes
10347;A;Ship;3;1;150;2;low;M;9;1158;yes
10348;C;Road;6;5;263;7;high;M;9;5991;yes
10349;B;Ship;6;2;254;4;low;F;9;1626;no
10350;A;Road;3;5;242;3;medium;F;3;2268;yes
10351;B;Road;5;5;268;4;low;F;9;4208;no
10352;F;Ship;6;5;286;4;medium;F;4;4889;no
10353;F;Road;3;1;188;3;low;M;3;4222;no
10354;B;Ship;5;2;203;6;medium;F;7;5289;no
10355;C;Ship;4;5;162;2;medium;F;9;5345;yes
10356;F;Ship;3;5;171;2;medium;M;1;4783;yes
10357;A;Ship;4;4;246;3;medium;F;2;4150;no
10358;A;Ship;4;5;134;3;low;F;8;5694;no
10359;B;Flight;6;3;245;4;low;F;3;1982;yes
10360;A;Ship;4;4;251;4;low;F;1;4252;no
10361;F;Ship;4;2;161;3;low;F;8;4382;no
10362;C;Ship;3;3;142;3;low;F;7;4439;no
10363;F;Ship;4;1;177;2;low;F;22;1698;yes
10364;D;Ship;5;5;196;3;medium;M;7;4084;yes
10365;A;Flight;3;4;177;4;medium;M;5;1854;no
10366;B;Ship;6;4;309;4;low;M;9;1771;yes
10367;D;Ship;3;3;229;7;high;F;4;5075;yes
10368;D;Flight;4;3;202;3;low;M;7;5678;yes
10369;D;Ship;6;4;112;4;medium;F;9;4005;yes
10370;C;Ship;5;1;219;5;low;M;8;1419;yes
10371;C;Ship;4;2;206;4;medium;F;5;1679;no
10372;F;Ship;4;4;261;3;high;M;9;5515;no
10373;C;Ship;2;2;227;4;medium;M;6;4104;yes
10374;D;Ship;4;3;141;3;medium;F;3;4249;no
10375;C;Ship;6;1;222;8;low;M;2;4914;no
10376;F;Ship;3;4;173;2;low;M;5;4402;no
10377;F;Ship;4;1;263;5;low;F;62;2292;yes
10378;B;Ship;5;3;167;3;low;F;51;1573;yes
10379;F;Flight;3;5;138;3;low;F;37;1266;yes
10380;A;Ship;5;4;215;2;low;F;1;5669;no
10381;F;Ship;6;1;183;2;low;M;57;3966;yes
10382;F;Ship;3;2;238;2;low;F;29;3728;yes
10383;C;Ship;4;1;162;6;low;M;1;5525;yes
10384;B;Road;4;;264;3;low;M;13;3015;yes
10385;F;Ship;3;1;202;3;low;F;1;3738;yes
10386;F;Ship;3;1;183;2;low;M;58;3027;yes
10387;F;Ship;2;1;100;3;low;M;1;5776;yes
10388;F;Ship;3;2;264;2;low;M;6;5702;yes
10389;A;Ship;5;1;200;8;low;F;18;3806;yes
10390;F;Ship;4;5;177;3;medium;F;7;4243;yes
10391;F;Ship;3;1;143;2;low;F;63;1246;yes
10392;C;Ship;5;4;145;4;low;M;4;4790;no
10393;F;Road;4;2;231;3;high;M;3;5112;no
10394;B;Ship;4;2;258;3;high;M;10;4643;yes
10395;B;Ship;4;5;241;5;low;M;2;1043;no
10396;D;Flight;4;2;181;2;low;F;28;2815;yes
10397;B;Ship;4;5;237;5;low;F;9;1978;yes
10398;A;Road;4;5;182;3;medium;F;2;4473;no
10399;F;Road;5;2;171;3;low;M;6;4656;yes
10400;D;Ship;4;3;172;3;medium;F;6;1261;yes
10401;A;Road;3;1;157;3;medium;M;1;4391;no
10402;C;Ship;3;4;203;2;low;F;15;2281;yes
10403;D;Ship;6;2;306;4;low;F;1;1815;yes
10404;B;Ship;2;2;287;4;medium;M;10;5972;no
10405;A;Ship;4;1;170;2;medium;F;5;5182;no
10406;F;Ship;3;3;261;4;low;M;3;5722;yes
10407;F;Ship;4;2;232;5;medium;F;3;1500;no
10408;D;Road;4;4;157;2;medium;M;8;5398;no
10409;A;Road;3;5;221;3;medium;F;8;4523;no
10410;A;Ship;2;3;110;5;low;M;3;4124;no
10411;D;Ship;4;5;184;2;medium;F;2;4429;no
10412;D;Flight;5;2;217;3;low;M;27;2999;yes
10413;F;Ship;4;4;159;2;medium;F;6;5221;no
10414;A;Road;4;4;184;3;medium;M;2;4639;no
10415;F;Ship;6;3;165;5;medium;M;5;4871;no
10416;A;Road;4;4;251;2;low;M;2;4800;no
10417;A;Road;2;1;235;3;high;M;8;4522;yes
10418;F;Flight;4;1;269;3;low;F;3;4409;yes
10419;A;Flight;5;1;267;5;low;F;4;1097;no
10420;C;Ship;2;2;173;2;medium;M;34;1575;yes
10421;F;;5;4;;3;low;M;7;4741;yes
10422;C;Flight;4;2;229;4;medium;M;3;5340;no
10423;A;Ship;3;3;239;2;medium;F;2;5625;no
10424;F;Ship;4;3;212;3;low;F;1;4518;no
10425;F;Ship;3;1;232;2;medium;F;2;5104;yes
10426;C;Flight;5;4;217;2;low;M;2;5469;yes
10427;A;Ship;2;3;129;3;low;M;50;1111;yes
10428;C;Ship;5;5;219;2;medium;M;4;4289;no
10429;B;Ship;4;2;265;5;low;M;8;1555;no
10430;C;Ship;5;2;121;5;medium;F;10;4790;no
10431;A;Flight;5;2;253;2;high;F;2;5643;yes
10432;A;Ship;4;1;253;3;low;M;31;3632;yes
10433;A;Road;3;5;156;4;low;F;6;1015;no
10434;C;Ship;4;5;198;3;medium;M;33;2129;yes
10435;F;Road;7;1;276;4;low;F;8;1560;yes
10436;F;Flight;5;4;221;6;medium;M;5;1944;no
10437;F;Ship;6;5;113;3;high;F;35;1402;yes
10438;F;Flight;4;5;152;7;low;M;9;4224;no
10439;F;Ship;4;4;165;5;low;M;21;1727;yes
10440;A;Road;3;1;159;2;medium;F;44;1806;yes
10441;A;Ship;4;3;145;4;medium;M;2;5735;no
10442;B;Ship;6;2;219;5;low;F;9;1071;no
10443;A;Road;5;4;171;4;low;M;7;5359;yes
10444;B;Flight;3;4;217;2;medium;F;9;5450;no
10445;C;Flight;3;1;205;3;medium;M;39;3062;yes
10446;D;Road;5;5;189;4;high;F;16;3564;yes
10447;D;Ship;4;3;161;6;low;M;6;5560;yes
10448;F;Ship;7;2;277;5;low;F;7;1260;yes
10449;B;Ship;3;4;238;2;low;M;3;4723;no
10450;C;Ship;5;1;156;2;low;M;10;5086;no
10451;C;Road;6;4;294;4;medium;M;5;1174;no
10452;D;Ship;4;3;251;3;high;M;8;5986;yes
10453;F;Ship;3;5;264;4;medium;F;8;4324;no
10454;D;Flight;6;3;262;5;low;M;9;1053;no
10455;B;Ship;3;1;251;3;medium;F;4;5291;no
10456;F;Ship;3;2;224;2;low;F;49;3749;yes
10457;D;Ship;3;4;207;2;medium;M;10;4706;no
10458;A;Ship;3;1;242;8;medium;M;4;4943;no
10459;D;Ship;6;1;298;4;low;F;1;1735;yes
10460;A;Road;5;2;221;6;medium;M;2;1781;yes
10461;F;Ship;5;3;148;3;medium;F;48;1099;yes
10462;D;Flight;3;4;154;3;low;F;2;4990;yes
10463;C;Ship;3;1;181;3;medium;M;29;2981;yes
10464;F;Ship;5;4;139;3;medium;F;6;5721;no
10465;A;Flight;3;1;105;3;low;M;58;1304;yes
10466;A;Ship;5;2;226;5;medium;M;5;1659;no
10467;C;Road;5;2;258;5;high;M;6;1059;no
10468;B;Road;6;2;153;5;low;F;1;4597;yes
10469;D;Flight;2;4;170;5;low;M;10;5448;no
10470;B;Ship;4;5;239;5;low;F;7;1001;yes
10471;F;Road;4;1;206;3;low;F;4;4745;no
10472;F;Ship;5;3;245;4;high;M;8;4129;yes
10473;F;Flight;6;4;292;4;low;F;10;1321;yes
10474;A;Ship;3;3;258;3;medium;F;7;4068;yes
10475;F;Road;4;4;146;3;low;F;10;5805;no
10476;F;Ship;5;1;221;6;medium;F;7;1841;yes
10477;C;Ship;5;5;154;2;medium;M;3;4669;no
10478;D;Ship;5;1;241;3;high;M;8;5306;yes
10479;B;Ship;6;2;236;4;low;F;61;3140;yes
10480;C;Ship;4;3;261;2;high;M;47;2336;yes
10481;B;Ship;5;3;229;5;low;F;1;1424;no
10482;F;Road;4;3;134;4;low;M;3;5233;no
10483;F;Ship;4;3;243;5;medium;F;3;1634;yes
10484;A;Road;3;3;270;4;low;F;18;2397;yes
10485;F;Road;3;2;144;3;high;F;9;4428;yes
10486;A;Road;5;1;260;5;low;F;3;1705;no
10487;B;Road;2;2;124;3;low;F;56;1494;yes
10488;C;Road;4;5;189;2;low;F;15;2457;yes
10489;F;Ship;4;3;158;3;medium;F;27;1207;yes
10490;D;Ship;4;1;193;4;low;F;4;4796;no
10491;C;Ship;3;3;257;2;medium;M;5;4681;yes
10492;F;Ship;4;2;227;2;low;M;8;4878;yes
10493;B;Ship;5;5;135;4;medium;F;7;5765;yes
10494;D;Ship;5;5;275;5;low;M;4;1646;no
10495;A;Ship;4;2;165;2;high;M;11;1596;yes
10496;A;Road;6;3;236;3;medium;M;6;2639;yes
10497;F;Flight;5;3;248;5;low;F;7;1475;yes
10498;B;Road;2;2;260;3;medium;F;6;4747;no
10499;A;Ship;4;3;296;2;medium;F;9;1523;yes
10500;D;Ship;6;4;269;2;high;M;47;4000;yes
10501;B;Road;3;4;153;2;medium;M;5;4023;yes
10502;F;Ship;4;4;184;3;low;F;10;5705;yes
10503;C;Ship;3;2;221;3;low;F;21;3686;yes
10504;D;Flight;6;4;148;4;low;F;10;5088;no
10505;B;Road;4;3;272;4;low;M;61;2857;yes
10506;C;Road;4;4;245;4;medium;F;6;5051;no
10507;F;Road;4;3;237;2;medium;M;22;2912;yes
10508;C;Flight;3;2;262;2;low;M;5;5747;yes
10509;B;Ship;3;5;209;3;high;F;4;5413;no
10510;F;Ship;7;1;310;4;medium;F;8;1601;yes
10511;A;Ship;4;4;188;3;low;M;6;4174;yes
10512;C;Ship;4;1;211;2;medium;F;44;3099;yes
10513;A;Ship;3;1;194;3;low;F;1;5566;no
10514;D;Ship;4;3;275;10;medium;M;10;2093;yes
10515;F;Road;5;5;269;5;medium;F;3;1120;no
10516;F;Ship;4;3;164;2;low;M;3;5735;no
10517;B;Flight;4;2;181;3;low;M;4;5078;no
10518;A;Road;4;2;245;2;low;M;1;5978;no
10519;F;Road;3;1;155;3;medium;F;47;1193;yes
10520;F;Flight;4;4;198;6;medium;M;9;5730;yes
10521;D;Ship;5;4;243;5;medium;F;4;1813;no
10522;B;Road;4;1;173;3;low;F;5;5232;no
10523;B;Ship;3;2;116;2;low;F;22;1430;yes
10524;B;Ship;5;5;261;5;medium;M;9;5385;no
10525;F;Ship;2;3;277;3;medium;F;1;1738;no
10526;B;Road;3;4;156;3;low;M;4;4628;no
10527;C;Flight;4;1;203;4;low;M;34;3813;yes
10528;D;Ship;5;3;150;2;high;F;9;4446;no
10529;F;Ship;4;3;266;2;medium;M;6;4286;yes
10530;F;Flight;3;4;155;3;medium;M;4;1548;yes
10531;B;Road;4;5;176;3;high;F;1;5096;yes
10532;B;Ship;3;4;194;3;medium;M;3;2169;yes
10533;A;Ship;6;3;175;5;medium;F;64;1860;yes
10534;D;Ship;4;5;269;5;low;F;3;1118;no
10535;F;Flight;3;4;181;3;low;M;10;5276;yes
10536;B;Ship;5;4;232;5;low;M;10;1512;no
10537;B;Flight;3;1;177;3;low;F;9;4890;yes
10538;B;Ship;5;1;158;2;medium;M;6;4873;no
10539;F;Road;3;5;241;3;low;F;5;4861;yes
10540;F;Ship;6;3;167;6;low;F;15;1278;yes
10541;C;Ship;5;4;193;4;high;F;4;5757;yes
10542;F;Road;6;1;277;5;low;F;2;1190;yes
10543;F;Ship;4;2;162;4;medium;M;7;5294;no
10544;B;Flight;4;3;238;2;medium;M;43;2200;yes
10545;F;Road;5;1;145;3;low;M;20;1387;yes
10546;F;Ship;5;3;218;5;low;F;9;4435;yes
10547;A;Flight;3;2;149;2;medium;M;37;1699;yes
10548;F;Ship;6;1;251;4;low;M;2;5656;no
10549;C;Ship;5;4;230;3;low;F;39;3989;yes
10550;C;Ship;3;2;210;2;medium;M;30;3928;yes
10551;B;Ship;5;1;160;4;medium;M;5;5841;no
10552;B;Ship;3;2;255;3;medium;F;8;4471;no
10553;F;Flight;4;1;240;3;low;F;4;4787;no
10554;F;Road;3;2;133;5;medium;M;9;5744;yes
10555;A;Ship;3;5;124;2;medium;M;1;5709;yes
10556;A;Road;4;1;192;4;low;M;3;1689;no
10557;C;Ship;5;5;234;6;low;F;52;2615;yes
10558;A;Flight;5;5;213;3;medium;M;5;5247;no
10559;C;Ship;5;1;194;3;medium;F;32;3003;yes
10560;C;Ship;5;4;267;2;low;M;7;5292;no
10561;B;Ship;7;1;258;4;low;F;3;1482;no
10562;F;Road;3;1;119;2;low;F;10;4146;yes
10563;F;Road;5;2;239;5;medium;F;6;1310;yes
10564;B;Ship;5;5;240;5;low;M;8;1750;yes
10565;A;Ship;4;2;226;2;low;F;2;4332;no
10566;F;Flight;6;5;305;4;low;F;7;1099;yes
10567;A;Ship;5;5;233;3;high;M;5;5330;no
10568;D;Ship;4;5;239;5;low;M;6;1336;no
10569;C;Flight;6;1;215;4;low;M;1;4581;yes
10570;D;Ship;3;3;259;3;medium;F;4;4259;no
10571;B;Ship;5;2;145;6;medium;M;9;4243;no
10572;F;Ship;4;5;163;3;medium;M;1;4049;yes
10573;D;Ship;4;4;161;4;low;M;5;5038;no
10574;D;Ship;2;4;140;3;low;F;7;1411;yes
10575;F;Ship;3;2;201;6;medium;M;7;4723;yes
10576;F;Ship;4;4;210;3;medium;F;14;3666;yes
10577;D;Ship;7;5;292;5;low;M;5;1932;yes
10578;F;Ship;4;4;149;2;medium;F;9;4605;no
10579;A;Ship;4;4;236;2;medium;F;6;5101;yes
10580;D;Ship;4;1;100;6;medium;M;6;5841;no
10581;F;Ship;4;4;225;2;medium;M;10;4829;yes
10582;C;Ship;6;1;244;4;low;F;7;1007;no
10583;B;Flight;3;3;215;2;low;F;2;5661;no
10584;D;Ship;5;4;273;3;medium;F;2;5672;yes
10585;D;Ship;4;2;224;2;medium;F;8;4781;yes
10586;D;Ship;3;5;270;6;medium;F;9;4195;no
10587;B;Road;3;2;157;2;low;F;7;5228;no
10588;B;Ship;5;2;266;7;low;M;40;2304;yes
10589;F;Road;6;5;285;4;low;M;8;1028;yes
10590;D;Flight;3;5;162;2;low;M;28;1948;yes
10591;A;Ship;3;3;159;3;low;M;3;5230;yes
10592;D;Flight;5;3;221;5;low;F;2;1630;yes
10593;A;Road;4;1;245;2;low;M;5;5324;yes
10594;A;Ship;4;4;210;2;medium;M;8;5942;no
10595;B;Road;3;5;205;4;low;M;2;5294;no
10596;A;Ship;3;5;216;3;high;F;2;4242;no
10597;F;Ship;3;5;169;2;medium;F;4;4466;yes
10598;F;Flight;5;2;217;3;high;M;21;2600;yes
10599;B;Ship;3;5;273;10;medium;F;5;4608;no
10600;D;Ship;3;4;246;3;low;M;1;4020;yes
10601;F;Ship;5;3;236;6;medium;M;9;3715;yes
10602;B;Ship;4;5;142;2;medium;M;10;5428;yes
10603;A;Ship;5;4;231;5;low;M;10;1247;no
10604;A;Ship;5;3;199;3;low;F;3;4885;yes
10605;D;Road;5;5;234;2;;M;50;3914;yes
10606;F;Ship;5;1;165;3;low;F;27;1905;yes
10607;F;Ship;3;4;186;3;medium;F;4;5501;yes
10608;B;Ship;5;4;227;2;medium;M;10;4734;no
10609;F;Flight;4;1;168;2;medium;F;8;5276;yes
10610;D;Road;4;3;195;3;low;M;1;4236;yes
10611;A;Ship;4;4;263;4;medium;M;7;4041;yes
10612;C;Road;3;5;241;3;low;F;21;3078;yes
10613;F;Ship;5;1;187;4;medium;F;8;5164;no
10614;B;Road;5;3;267;6;low;M;10;1027;no
10615;D;Ship;4;5;190;3;medium;M;6;4671;yes
10616;B;Ship;4;3;192;3;low;M;1;4045;yes
10617;B;Flight;3;1;267;2;low;M;7;4486;yes
10618;C;Road;4;4;207;3;low;F;10;4533;no
10619;A;Flight;5;1;271;5;low;M;4;1353;no
10620;B;Ship;5;5;221;5;low;F;3;1220;no
10621;D;Ship;3;5;241;3;low;M;2;4976;yes
10622;F;Ship;3;5;225;3;low;F;1;2864;yes
10623;D;Road;6;4;205;4;low;F;10;1974;yes
10624;C;Ship;4;1;269;3;low;F;7;5211;yes
10625;D;Road;3;3;196;3;low;M;9;4431;no
10626;B;Ship;5;1;229;4;medium;M;1;4584;yes
10627;F;Ship;3;4;239;2;low;F;10;5674;yes
10628;A;Ship;4;5;202;3;low;F;38;2651;yes
10629;B;Ship;5;4;229;2;medium;F;44;2419;yes
10630;D;Road;4;5;169;10;medium;F;6;4385;no
10631;D;Ship;5;1;189;2;medium;M;8;5219;no
10632;D;Ship;3;4;257;4;medium;F;8;4780;no
10633;C;Ship;4;4;132;4;medium;F;44;1692;yes
10634;A;Ship;3;1;187;3;medium;M;2;5154;yes
10635;B;Ship;5;5;247;3;low;M;1;5226;no
10636;A;Ship;4;5;251;2;medium;F;8;5232;no
10637;B;Ship;5;1;256;5;low;F;5;1970;no
10638;C;Ship;6;5;254;4;medium;M;4;1887;yes
10639;F;Ship;3;3;203;3;high;M;3;5440;no
10640;B;Ship;3;4;271;3;low;F;9;4889;yes
10641;C;Ship;5;5;249;4;medium;M;2;1727;yes
10642;B;Road;5;4;201;2;low;M;5;5593;yes
10643;D;Ship;4;5;233;4;low;F;44;2551;yes
10644;F;Road;4;1;241;3;low;M;6;5836;no
10645;B;Ship;4;3;198;3;medium;F;1;5846;yes
10646;F;Flight;4;1;273;5;low;F;7;1922;no
10647;D;Ship;3;1;272;2;low;M;51;2719;yes
10648;B;Ship;4;3;99;6;medium;M;9;5903;no
10649;F;Flight;3;5;133;4;low;M;10;4151;no
10650;F;Ship;4;5;196;4;low;M;10;1694;yes
10651;A;Ship;4;1;251;4;medium;F;33;2906;yes
10652;B;Road;3;5;139;2;medium;M;7;5536;no
10653;F;Ship;4;3;103;2;low;M;4;5146;no
10654;F;Ship;6;2;282;4;medium;M;6;1674;no
10655;A;Road;6;1;278;4;medium;M;6;1576;no
10656;C;Ship;4;1;165;2;medium;F;5;5014;yes
10657;B;Ship;5;3;194;3;low;M;7;5545;no
10658;A;Ship;3;2;263;4;medium;M;8;2599;yes
10659;F;Ship;3;2;181;3;medium;F;9;4163;no
10660;D;Ship;4;1;152;3;low;M;10;5974;no
10661;D;Ship;4;5;226;2;low;M;10;4706;yes
10662;D;Flight;4;5;163;4;low;F;49;1470;yes
10663;D;Ship;4;4;136;2;medium;F;16;1131;yes
10664;A;Ship;4;1;157;2;medium;F;5;5647;no
10665;F;Ship;3;4;185;2;medium;M;8;5449;yes
10666;C;Ship;4;3;165;3;low;F;44;1320;yes
10667;D;Ship;4;1;245;3;low;F;5;4523;no
10668;B;Ship;3;3;148;5;medium;M;61;1452;yes
10669;B;Ship;6;2;254;5;low;M;7;1638;yes
10670;C;Flight;4;5;233;6;medium;M;1;5284;no
10671;F;Ship;4;5;169;2;low;F;10;4248;no
10672;F;Flight;5;5;137;4;low;M;4;5888;no
10673;F;Ship;4;5;266;3;medium;F;4;5928;yes
10674;D;Ship;4;2;272;4;low;M;3;5566;no
10675;C;Ship;5;1;240;5;medium;F;5;4144;no
10676;D;Ship;6;4;300;4;low;F;8;1301;yes
10677;B;Ship;7;5;289;4;low;M;3;1656;yes
10678;D;Road;3;2;180;6;medium;M;3;5780;yes
10679;F;Ship;4;4;150;3;high;M;9;1620;yes
10680;D;Ship;4;4;270;3;low;F;4;5888;no
10681;A;Flight;3;3;178;4;high;M;3;4154;yes
10682;B;Ship;3;5;205;4;low;M;2;1648;no
10683;B;Ship;5;4;176;6;medium;M;9;4605;no
10684;F;Flight;5;3;255;3;medium;F;8;5983;no
10685;F;Flight;4;5;220;10;medium;M;8;4100;yes
10686;D;Ship;3;4;240;3;high;F;6;4412;no
10687;B;Road;3;5;166;2;medium;M;6;4523;yes
10688;C;Ship;3;5;196;3;low;M;1;5303;yes
10689;A;Ship;4;2;249;2;medium;F;7;5876;yes
10690;F;Ship;3;2;270;2;medium;F;59;3706;yes
10691;B;Ship;4;3;171;5;low;F;2;5242;yes
10692;C;Ship;3;5;196;3;low;F;5;4891;no
10693;A;Ship;6;5;243;3;medium;F;35;2374;yes
10694;B;Road;4;3;194;3;medium;M;3;5916;yes
10695;A;Flight;4;5;150;3;low;M;5;4512;no
10696;C;Ship;3;4;175;2;low;F;2;1072;yes
10697;C;Road;6;5;246;4;medium;M;50;3618;yes
10698;F;Ship;3;5;271;4;low;M;3;5831;yes
10699;A;Ship;3;2;197;5;medium;F;9;4291;yes
10700;F;Ship;4;4;267;5;medium;F;9;1716;yes
10701;D;Road;5;2;197;5;low;F;4;4196;yes
10702;B;Ship;3;4;133;4;low;F;10;4571;no
10703;F;Ship;3;2;150;3;medium;F;4;1910;yes
10704;A;Ship;4;2;166;3;low;M;62;1944;yes
10705;A;Ship;3;1;179;2;medium;F;10;4828;no
10706;D;Ship;5;5;260;5;low;F;6;1860;no
10707;F;Ship;4;3;151;3;medium;F;9;4908;no
10708;A;Ship;2;1;211;3;low;M;6;1760;yes
10709;B;Ship;3;3;191;3;low;M;5;2007;yes
10710;F;Flight;3;5;162;2;medium;M;7;1739;yes
10711;F;Road;5;5;272;2;low;F;4;5342;no
10712;D;Ship;4;4;141;2;low;M;7;1479;yes
10713;C;Ship;3;5;188;4;medium;M;3;4033;no
10714;A;Road;4;5;162;3;low;F;31;1170;yes
10715;D;Ship;6;5;263;7;high;M;7;5216;yes
10716;F;Ship;5;2;164;3;medium;F;6;4302;no
10717;F;Flight;4;5;205;3;medium;M;5;4949;yes
10718;C;Ship;5;2;228;5;low;M;6;1726;yes
10719;D;Ship;2;1;213;3;low;M;29;2732;yes
10720;F;Ship;4;4;246;3;low;F;7;4090;no
10721;F;Ship;5;2;269;2;medium;F;9;5672;no
10722;A;Road;4;1;204;6;low;M;1;4943;no
10723;D;Road;3;1;224;3;low;F;45;3624;yes
10724;D;Road;3;5;172;3;medium;F;7;4929;no
10725;A;Flight;4;1;227;3;high;M;8;4795;no
10726;B;Flight;3;4;132;2;medium;M;12;1493;yes
10727;F;Ship;3;1;182;2;low;F;3;5510;yes
10728;B;Ship;5;1;198;4;low;F;5;5719;no
10729;;Ship;5;1;111;4;high;F;2;5978;yes
10730;F;Ship;3;4;185;2;medium;M;5;4574;no
10731;A;Flight;3;4;262;2;low;M;15;3287;yes
10732;F;Flight;6;2;106;5;low;M;9;4038;yes
10733;F;Ship;2;3;192;2;low;F;31;2621;yes
10734;D;Ship;3;2;182;2;low;M;10;4391;yes
10735;F;Ship;3;5;180;2;medium;M;1;5940;yes
10736;C;Ship;4;4;243;3;high;F;4;5082;yes
10737;B;Ship;5;1;246;3;medium;F;44;3993;yes
10738;D;Ship;4;3;246;3;low;M;5;4384;no
10739;B;Ship;3;5;162;7;medium;F;16;1052;yes
10740;F;Ship;4;3;250;3;high;F;4;5272;yes
10741;F;Ship;4;4;261;5;medium;F;2;1829;no
10742;F;Ship;2;5;151;3;low;M;34;1652;yes
10743;A;Ship;5;5;161;3;low;F;5;4702;no
10744;B;Ship;6;4;235;6;low;M;1;5533;yes
10745;D;Ship;5;1;248;3;medium;M;6;5081;yes
10746;C;Ship;4;4;272;4;medium;M;4;4363;yes
10747;F;Ship;5;5;232;3;low;M;4;1716;yes
10748;B;Ship;3;2;247;2;low;F;2;4677;no
10749;D;Road;4;3;271;2;medium;M;22;2595;yes
10750;B;Flight;4;3;240;3;low;F;8;4423;no
10751;F;Ship;4;5;296;2;medium;M;1;1678;no
10752;A;Road;5;3;168;3;medium;F;2;5986;yes
10753;D;Ship;3;5;181;2;medium;M;2;4089;no
10754;F;Ship;2;1;232;6;low;F;2;5281;yes
10755;D;Ship;3;5;220;3;low;F;9;5672;yes
10756;F;Ship;3;4;165;2;medium;F;8;4280;yes
10757;C;Ship;3;1;183;3;low;M;19;3018;yes
10758;A;Ship;6;4;268;4;medium;M;5;4126;yes
10759;F;Ship;4;5;142;4;medium;F;6;5027;no
10760;F;Road;4;1;207;2;low;M;2;3242;yes
10761;F;Ship;3;2;262;3;low;M;54;3150;yes
10762;D;Ship;4;4;236;2;medium;F;5;5266;no
10763;B;Ship;5;4;228;3;medium;M;42;3145;yes
10764;B;Road;2;5;104;7;low;M;12;1064;yes
10765;D;Ship;3;1;221;3;;M;10;5696;yes
10766;F;Flight;3;2;226;3;low;F;5;5484;no
10767;D;Flight;4;5;243;2;low;M;23;2686;yes
10768;C;Ship;5;4;221;6;medium;M;6;1488;yes
10769;D;Ship;5;1;238;5;low;F;5;5854;no
10770;A;Ship;2;2;192;2;low;F;8;3127;yes
10771;A;Ship;5;4;255;3;low;F;1;5775;yes
10772;F;Road;3;3;193;2;low;M;19;3097;yes
10773;B;Road;4;2;274;5;low;F;8;1246;no
10774;F;Ship;5;1;151;3;medium;F;9;5667;no
10775;D;Ship;3;2;213;2;low;M;22;3248;yes
10776;B;Ship;3;2;209;2;medium;F;2;4635;no
10777;B;Ship;6;5;295;4;medium;M;5;1963;yes
10778;A;Flight;4;4;216;6;low;M;5;1272;no
10779;C;Ship;5;2;214;2;low;F;10;5192;no
10780;A;Ship;5;4;248;4;medium;F;5;4271;yes
10781;C;Ship;5;4;263;4;low;F;10;1995;no
10782;B;Ship;3;5;257;3;medium;F;19;2173;yes
10783;A;Ship;5;5;264;3;medium;F;56;3482;yes
10784;C;Road;4;2;168;2;high;F;9;5684;no
10785;F;Ship;3;5;164;3;medium;F;43;1423;yes
10786;F;Road;4;4;217;2;low;M;6;4029;yes
10787;B;Ship;4;5;116;3;medium;M;54;1314;yes
10788;F;Ship;4;5;164;3;high;M;3;4454;no
10789;F;Flight;4;3;261;10;low;F;6;4347;yes
10790;C;Flight;3;3;255;2;high;M;7;3311;yes
10791;C;Flight;6;2;271;5;low;M;14;2514;yes
10792;A;Ship;3;2;209;2;low;F;24;2748;yes
10793;C;Ship;4;1;177;2;low;M;2;5911;no
10794;F;Ship;3;1;160;3;low;M;57;1833;yes
10795;F;Ship;4;3;253;5;low;M;6;1366;yes
10796;D;Road;3;3;199;3;low;M;7;5258;yes
10797;B;Ship;4;3;163;3;low;F;10;5002;yes
10798;C;Flight;3;1;239;3;low;M;2;4425;no
10799;F;Ship;4;3;206;3;medium;F;20;2247;yes
10800;C;Ship;5;5;262;5;low;M;2;1304;no
10801;D;Flight;4;5;185;2;low;F;4;5428;no
10802;B;Ship;4;1;232;5;medium;F;6;1247;no
10803;F;Ship;7;1;247;4;medium;M;6;1297;yes
10804;F;Ship;5;3;246;5;medium;M;4;1257;yes
10805;F;Flight;3;1;162;3;medium;F;12;1417;yes
10806;F;Flight;4;3;134;3;low;F;21;1955;yes
10807;C;Ship;4;5;246;3;medium;F;7;4956;no
10808;A;Ship;5;5;231;2;medium;F;6;5862;no
10809;C;Ship;4;1;237;5;medium;M;5;1154;yes
10810;F;Road;4;4;233;3;low;M;9;4300;yes
10811;D;Ship;3;3;169;3;low;F;9;4317;yes
10812;F;Ship;5;5;258;4;medium;M;7;5478;no
10813;D;Ship;6;5;290;4;low;M;6;1929;no
10814;B;Ship;3;3;156;7;medium;M;2;5467;no
10815;F;Ship;6;1;257;4;medium;F;3;5656;yes
10816;B;Ship;4;4;207;10;low;F;1;4602;no
10817;F;Ship;4;4;171;3;low;M;6;4343;yes
10818;F;Road;4;3;139;3;low;F;1;4986;no
10819;F;Ship;4;5;224;6;high;F;5;5659;yes
10820;D;Ship;3;4;231;3;medium;M;39;3792;yes
10821;C;Ship;4;1;186;2;low;M;4;4686;yes
10822;D;Ship;5;5;200;3;low;M;6;4401;yes
10823;F;Ship;6;4;284;4;low;F;9;1845;yes
10824;A;Road;4;2;140;3;medium;F;49;1820;yes
10825;D;Ship;5;1;135;3;low;F;10;5301;yes
10826;A;Ship;6;3;215;5;low;M;13;3899;yes
10827;F;Flight;5;4;211;3;medium;F;7;4856;no
10828;C;Road;5;5;230;2;medium;F;36;3381;yes
10829;F;Ship;3;5;137;3;high;F;28;1815;yes
10830;F;Ship;4;3;195;4;medium;F;1;5004;no
10831;C;Ship;4;3;241;2;medium;M;3;4636;yes
10832;D;Ship;4;2;243;5;medium;F;8;1922;no
10833;C;Flight;6;1;136;3;high;M;12;1592;yes
10834;D;Ship;5;2;266;5;low;F;1;1504;yes
10835;B;Ship;3;1;215;3;medium;F;2;3873;yes
10836;F;Flight;3;4;235;3;low;M;4;5498;no
10837;F;Ship;3;1;250;4;low;F;8;4028;yes
10838;C;Ship;6;4;261;4;low;F;5;1794;yes
10839;D;Ship;2;5;238;2;low;F;6;5325;yes
10840;C;Ship;5;3;179;3;low;F;3;4131;no
10841;F;Flight;3;3;239;4;low;F;5;4084;yes
10842;F;Road;4;1;133;3;low;M;57;1379;yes
10843;F;Ship;5;1;234;3;low;F;4;5033;no
10844;F;Ship;4;1;154;2;low;M;1;5578;no
10845;B;Ship;5;2;190;2;low;M;1;5005;no
10846;D;Ship;4;1;240;4;low;M;9;4471;yes
10847;C;Ship;6;1;189;2;low;F;6;1269;no
10848;B;Flight;6;1;293;5;medium;F;7;1052;no
10849;B;Ship;6;5;253;4;medium;M;8;1899;yes
10850;F;Ship;4;4;175;3;low;M;8;5944;yes
10851;F;Ship;4;5;237;2;medium;F;10;4963;no
10852;D;Ship;4;2;260;3;medium;F;3;4661;yes
10853;D;Ship;7;1;290;4;low;M;4;1488;no
10854;F;Road;4;5;218;3;low;M;25;2682;yes
10855;F;Road;4;1;161;3;medium;M;3;4590;no
10856;F;Ship;4;4;142;4;low;F;8;1777;yes
10857;D;Ship;4;1;127;8;low;F;12;1519;yes
10858;A;Ship;3;1;241;3;low;F;10;4120;no
10859;C;Flight;3;5;162;2;high;M;1;4573;yes
10860;A;Ship;2;2;157;3;low;M;1;1477;yes
10861;F;Flight;4;2;151;2;medium;M;6;4987;no
10862;F;Ship;3;1;225;2;high;F;43;2585;yes
10863;D;Ship;3;3;162;3;low;M;3;1693;yes
10864;B;Ship;4;2;200;3;medium;M;45;2486;yes
10865;F;Ship;3;4;165;4;medium;F;7;1627;yes
10866;D;Ship;3;4;244;3;medium;M;2;5389;no
10867;F;Flight;4;5;137;4;high;M;29;1262;yes
10868;C;Ship;6;5;256;4;low;M;5;1033;yes
10869;F;Ship;6;2;293;6;low;F;10;1919;yes
10870;C;Road;3;4;188;4;low;M;2;1059;yes
10871;D;Ship;2;5;211;4;low;M;1;5673;no
10872;B;Ship;3;1;254;3;medium;F;35;2965;yes
10873;F;Ship;6;5;275;4;low;M;2;1700;yes
10874;C;Ship;6;2;298;4;low;M;2;1648;no
10875;C;Ship;3;4;160;4;low;F;56;1408;yes
10876;A;Ship;5;4;229;5;low;M;9;1069;yes
10877;C;Ship;3;1;211;3;medium;M;1;4889;yes
10878;B;Flight;4;2;272;2;low;M;1;5703;yes
10879;A;Ship;2;5;192;6;low;F;41;2673;yes
10880;C;Ship;4;1;202;2;low;M;40;2327;yes
10881;B;Ship;4;2;145;3;medium;F;7;5823;no
10882;F;Flight;5;1;279;8;low;F;6;5888;yes
10883;D;Ship;4;4;274;3;high;F;3;4202;yes
10884;C;Ship;3;4;193;6;low;M;2;5584;no
10885;A;Road;4;2;144;3;low;M;2;4264;no
10886;D;Ship;4;2;232;5;medium;F;4;1783;no
10887;A;Ship;2;2;180;3;low;M;33;1217;yes
10888;F;Ship;3;1;196;3;low;M;10;4546;no
10889;F;Ship;5;3;242;5;low;F;6;1681;no
10890;D;Ship;4;3;246;2;low;M;55;2387;yes
10891;D;Ship;7;4;308;5;medium;F;7;1563;yes
10892;F;Flight;4;4;249;3;medium;F;4;5809;yes
10893;A;Flight;3;4;198;3;medium;M;7;4020;no
10894;D;Ship;3;1;153;3;low;M;10;5121;yes
10895;D;Ship;3;3;153;3;low;M;8;5487;no
10896;D;Ship;3;2;279;6;medium;M;1;5855;no
10897;A;Ship;3;4;212;3;medium;M;10;4663;no
10898;A;Road;3;4;211;2;low;M;6;6000;no
10899;B;Flight;5;4;149;3;low;M;51;1645;yes
10900;F;Ship;4;4;157;4;low;M;6;4175;no
10901;D;Ship;5;1;125;4;medium;M;3;5595;no
10902;F;Ship;3;4;271;4;medium;F;16;2693;yes
10903;A;Road;4;5;266;3;medium;M;5;3718;yes
10904;B;Flight;4;1;212;2;medium;F;7;5864;no
10905;F;Ship;3;1;167;2;high;F;34;1967;yes
10906;C;Ship;4;2;235;3;low;F;21;3088;yes
10907;F;Ship;5;3;186;4;low;M;23;3981;yes
10908;F;Ship;3;1;215;2;low;F;47;3678;yes
10909;C;Ship;3;5;150;3;high;M;6;4565;no
10910;B;Ship;4;1;258;5;low;M;8;1306;no
10911;F;Ship;3;4;232;2;low;M;10;5678;no
10912;C;Road;4;4;141;3;low;M;10;4289;no
10913;A;Flight;2;2;255;3;low;M;59;1514;yes
10914;C;Ship;4;1;228;2;medium;F;9;4091;no
10915;C;Road;3;5;253;4;medium;F;5;4761;yes
10916;B;Ship;6;4;256;4;low;F;9;1676;no
10917;D;Ship;3;3;169;3;high;M;1;4647;no
10918;F;Road;3;3;182;4;low;M;10;1690;yes
10919;D;Flight;3;5;198;3;medium;F;1;3667;yes
10920;F;Road;5;2;198;3;low;F;8;4680;no
10921;C;Ship;4;3;142;2;medium;F;63;1615;yes
10922;D;Ship;3;1;207;2;low;M;7;4639;no
10923;C;Road;5;3;202;2;low;F;9;5645;yes
10924;C;Ship;4;3;250;2;low;F;46;2878;yes
10925;F;Ship;4;3;144;2;low;F;5;4882;no
10926;D;Ship;6;5;213;4;medium;F;3;5549;no
10927;F;Ship;4;3;267;3;low;F;42;2332;yes
10928;F;Ship;3;2;247;2;high;M;1;4242;no
10929;B;Ship;3;3;132;2;medium;F;8;5810;yes
10930;D;Road;4;1;190;3;low;F;32;2774;yes
10931;F;Road;3;5;182;4;low;M;6;1272;yes
10932;F;Flight;5;3;198;3;low;F;6;5061;yes
10933;F;Road;4;3;263;6;medium;M;8;1123;yes
10934;F;Road;4;3;161;3;high;M;7;4245;no
10935;B;Road;4;4;218;2;medium;F;3;5692;yes
10936;D;Ship;5;4;241;3;medium;M;40;3484;yes
10937;C;Ship;5;3;254;2;low;F;4;5014;no
10938;F;Ship;7;3;307;4;low;F;1;1589;yes
10939;B;Ship;3;1;191;5;low;F;9;5196;yes
10940;F;Ship;3;2;195;2;medium;M;8;4365;no
10941;C;Road;3;3;140;2;low;F;3;5713;no
10942;B;Road;3;5;244;5;medium;F;10;4163;no
10943;F;Flight;6;4;258;4;low;F;7;1726;yes
10944;A;Ship;3;1;257;4;low;M;8;4692;yes
10945;A;Ship;3;3;265;3;medium;F;3;5986;yes
10946;F;Ship;5;3;253;3;low;F;3;5944;yes
10947;F;Road;3;2;263;3;low;M;41;2817;yes
10948;D;Flight;5;3;274;6;medium;M;7;1293;no
10949;B;Ship;4;5;262;4;low;M;16;2871;yes
10950;F;Flight;5;1;171;4;medium;F;9;4418;yes
10951;A;Ship;4;3;296;3;low;M;4;1991;no
10952;F;Flight;4;5;142;10;high;F;5;4147;yes
10953;C;Ship;3;1;245;2;low;F;8;4594;yes
10954;F;Road;4;1;262;6;low;M;1;1627;yes
10955;F;Ship;5;1;201;2;medium;F;54;2158;yes
10956;F;Ship;5;3;149;7;medium;F;51;1425;yes
10957;A;Road;3;4;247;3;low;M;10;5749;yes
10958;F;Ship;3;2;232;2;low;F;39;2139;yes
10959;C;Road;4;4;222;3;medium;M;4;5857;no
10960;D;Road;4;1;264;4;low;F;6;4863;no
10961;F;Ship;6;1;237;5;high;M;2;5364;no
10962;C;Flight;5;3;154;4;low;F;3;1066;yes
10963;B;Ship;4;3;184;8;low;M;4;4686;no
10964;B;Ship;3;2;166;2;medium;F;45;1741;yes
10965;F;Road;3;1;160;2;low;F;10;5642;yes
10966;C;Road;3;5;237;3;low;M;4;5561;yes
10967;C;Ship;4;4;211;3;medium;M;5;4812;no
10968;B;Ship;6;3;309;4;low;M;5;1712;no
10969;C;Flight;3;2;134;3;low;F;20;1391;yes
10970;F;Ship;4;3;248;2;medium;M;2;4701;yes
10971;D;Ship;4;5;144;2;medium;M;8;5478;no
10972;F;Ship;4;2;224;3;low;F;9;4896;no
10973;A;Ship;4;4;239;3;low;M;4;4756;no
10974;A;Ship;2;5;247;4;medium;M;4;5255;yes
10975;F;Ship;3;3;212;3;medium;M;10;5724;yes
10976;B;Ship;6;5;271;4;low;M;3;1710;yes
10977;F;Flight;5;3;146;3;low;M;41;1204;yes
10978;A;Ship;6;2;269;4;medium;F;3;1665;no
10979;F;Flight;5;4;219;4;low;F;8;4540;no
10980;A;Ship;5;1;175;3;medium;F;64;1110;yes
10981;B;Ship;6;2;143;5;low;M;17;1955;yes
10982;D;Road;4;3;258;2;low;F;2;4308;no
10983;F;Road;2;5;160;4;low;F;7;5754;no
10984;F;Ship;4;4;264;3;low;M;6;5959;yes
10985;F;Ship;3;4;162;3;medium;M;7;5313;no
10986;D;Ship;3;5;196;3;high;F;4;4569;no
10987;A;Ship;3;4;117;3;medium;M;23;1527;yes
10988;A;Ship;4;4;163;3;low;M;8;4921;yes
10989;B;Ship;5;2;192;3;high;F;7;5695;yes
10990;C;Ship;3;1;147;4;low;M;18;1613;yes
10991;C;Ship;2;1;210;2;medium;F;6;5250;no
10992;F;Ship;2;5;158;3;low;F;40;1722;yes
10993;A;Ship;3;3;187;2;low;F;7;4859;no
10994;A;Ship;4;1;235;3;high;F;22;3695;yes
10995;F;Ship;3;4;260;4;high;M;17;2666;yes
10996;A;Flight;6;2;293;4;low;F;7;1477;no
10997;F;Ship;4;4;249;3;medium;F;36;3769;yes
10998;C;Ship;4;1;239;2;high;M;16;2504;yes
10999;F;Flight;4;1;164;2;medium;F;3;1124;yes
